-- phpMyAdmin SQL Dump
-- version 5.2.0
-- https://www.phpmyadmin.net/
--
-- Hôte : 127.0.0.1
-- Généré le : mar. 11 avr. 2023 à 00:41
-- Version du serveur : 10.4.25-MariaDB
-- Version de PHP : 8.1.10

SET SQL_MODE = "NO_AUTO_VALUE_ON_ZERO";
START TRANSACTION;
SET time_zone = "+00:00";


/*!40101 SET @OLD_CHARACTER_SET_CLIENT=@@CHARACTER_SET_CLIENT */;
/*!40101 SET @OLD_CHARACTER_SET_RESULTS=@@CHARACTER_SET_RESULTS */;
/*!40101 SET @OLD_COLLATION_CONNECTION=@@COLLATION_CONNECTION */;
/*!40101 SET NAMES utf8mb4 */;

--
-- Base de données : `gsbfrais`
--

--
-- Déchargement des données de la table `Etat`
--

INSERT INTO `Etat` (`id`, `libelle`) VALUES
('CL', 'Saisie clôturée'),
('CR', 'Fiche créée, saisie en cours'),
('RB', 'Remboursée'),
('VA', 'Validée et mise en paiement');

--
-- Déchargement des données de la table `Visiteur`
--

INSERT INTO `Visiteur` (`id`, `nom`, `prenom`, `login`, `mdp`, `adresse`, `cp`, `ville`, `dateEmbauche`) VALUES
('a131', 'Villechalane', 'Louis', 'lvillachane', 'jux7g', '8 rue des Charmes', '46000', 'Cahors', '2005-12-21'),
('a17', 'Andre', 'David', 'dandre', 'oppg5', '1 rue Petit', '46200', 'Lalbenque', '1998-11-23'),
('a55', 'Bedos', 'Christian', 'cbedos', 'passe', '1 rue Peranud', '46250', 'Montcuq', '1995-01-12'),
('a93', 'Tusseau', 'Louis', 'ltusseau', 'ktp3s', '22 rue des Ternes', '46123', 'Gramat', '2000-05-01'),
('b13', 'Bentot', 'Pascal', 'pbentot', 'passe', '11 allée des Cerises', '46512', 'Bessines', '1992-07-09'),
('b16', 'Bioret', 'Luc', 'lbioret', 'passe', '1 Avenue gambetta', '46000', 'Cahors', '1998-05-11'),
('b19', 'Bunisset', 'Francis', 'fbunisset', '4vbnd', '10 rue des Perles', '93100', 'Montreuil', '1987-10-21'),
('b25', 'Bunisset', 'Denise', 'dbunisset', 's1y1r', '23 rue Manin', '75019', 'paris', '2010-12-05'),
('b28', 'Cacheux', 'Bernard', 'bcacheux', 'uf7r3', '114 rue Blanche', '75017', 'Paris', '2009-11-12'),
('b34', 'Cadic', 'Eric', 'ecadic', '6u8dc', '123 avenue de la République', '75011', 'Paris', '2008-09-23'),
('b4', 'Charoze', 'Catherine', '123456', 'u817o', '100 rue Petit', '75019', 'Paris', '2005-11-12'),
('b50', 'Clepkens', 'Christophe', 'cclepkens', 'bw1us', '12 allée des Anges', '93230', 'Romainville', '2003-08-11'),
('b59', 'Cottin', 'Vincenne', 'vcottin', '2hoh9', '36 rue Des Roches', '93100', 'Monteuil', '2001-11-18'),
('c14', 'Daburon', 'François', 'fdaburon', '123456', '13 rue de Chanzy', '94000', 'Créteil', '2002-02-11'),
('c3', 'De', 'Philippe', 'pde', '123456', '13 rue Barthes', '94000', 'Créteil', '2010-12-14'),
('c54', 'Debelle', 'Michel', 'mdebelle', 'od5rt', '181 avenue Barbusse', '93210', 'Rosny', '2006-11-23'),
('d13', 'Debelle', 'Jeanne', 'jdebelle', 'jeanne', '134 allée des Joncs', '44000', 'Nantes', '2000-05-11'),
('d51', 'Debroise', 'Michel', 'mdebroise', 'sghkb', '2 Bld Jourdain', '44000', 'Nantes', '2001-04-17'),
('e22', 'Desmarquest', 'Nathalie', 'ndesmarquest', 'f1fob', '14 Place d Arc', '45000', 'Orléans', '2005-11-12'),
('e24', 'Desnost', 'Pierre', 'pdesnost', 'toto', '16 avenue des Cèdres', '23200', 'Guéret', '2001-02-05'),
('e39', 'Dudouit', 'Frédéric', 'fdudouit', '44im8', '18 rue de l église', '23120', 'GrandBourg', '2000-08-01'),
('e49', 'Duncombe', 'Claude', 'cduncombe', 'qf77j', '19 rue de la tour', '23100', 'La souteraine', '1987-10-10'),
('e5', 'Enault-Pascreau', 'Céline', 'cenault', '199509', '25 place de la gare', '23200', 'Gueret', '1995-09-01'),
('e52', 'Eynde', 'Valérie', 'veynde', 'i7sn3', '3 Grand Place', '13015', 'Marseille', '1999-11-01'),
('f21', 'Finck', 'Jacques', 'jfinck', '111001', '10 avenue du Prado', '13002', 'Marseille', '2001-11-10'),
('f39', 'Frémont', 'Fernande', 'ffremont', 'xs5tq', '4 route de la mer', '13012', 'Allauh', '1998-10-01'),
('f4', 'Gest', 'Alain', 'agest', 'dywvt', '30 avenue de la mer', '13025', 'Berre', '1985-11-01');
--
-- Déchargement des données de la table `fichefrais`
--

INSERT INTO `FicheFrais` (`idVisiteur`, `mois`, `nbJustificatifs`, `montantValide`, `dateModif`, `idEtat`) VALUES
('a131', '202101', 9, '3588.26', '2021-03-02', 'RB'),
('a131', '202102', 2, '3958.03', '2021-04-07', 'RB'),
('a131', '202103', 4, '2061.00', '2021-05-06', 'RB'),
('a131', '202104', 10, '1995.26', '2021-06-04', 'RB'),
('a131', '202105', 11, '4464.17', '2021-07-03', 'RB'),
('a131', '202106', 2, '2254.20', '2021-08-05', 'RB'),
('a131', '202107', 6, '3627.12', '2021-09-02', 'RB'),
('a131', '202108', 12, '2321.99', '2021-10-06', 'RB'),
('a131', '202109', 4, '4879.64', '2021-11-07', 'RB'),
('a131', '202110', 12, '2955.77', '2021-12-03', 'RB'),
('a131', '202111', 8, '3538.27', '2022-01-02', 'RB'),
('a131', '202112', 5, '3296.35', '2022-02-01', 'RB'),
('a131', '202201', 12, '3201.89', '2022-03-07', 'RB'),
('a131', '202202', 11, '3670.45', '2022-04-04', 'RB'),
('a131', '202203', 4, '3813.46', '2022-05-05', 'RB'),
('a131', '202204', 10, '3473.76', '2022-06-03', 'RB'),
('a131', '202205', 7, '3448.19', '2022-07-01', 'RB'),
('a131', '202206', 12, '2826.40', '2022-08-01', 'RB'),
('a131', '202207', 1, '2876.01', '2022-09-08', 'RB'),
('a131', '202208', 1, '4081.77', '2022-10-03', 'RB'),
('a131', '202209', 9, '2922.97', '2022-11-01', 'RB'),
('a131', '202210', 3, '3230.56', '2022-12-06', 'RB'),
('a131', '202211', 12, '3260.26', '2023-01-05', 'RB'),
('a131', '202212', 4, '2765.20', '2023-02-03', 'RB'),
('a131', '202301', 9, '2740.97', '2023-03-03', 'RB'),
('a131', '202302', 2, '4045.75', '2023-03-08', 'VA'),
('a131', '202303', 4, '0.00', '2023-03-06', 'CR'),
('a17', '202101', 8, '4281.68', '2021-03-06', 'RB'),
('a17', '202102', 5, '3559.08', '2021-04-04', 'RB'),
('a17', '202103', 11, '3181.45', '2021-05-07', 'RB'),
('a17', '202104', 2, '3257.22', '2021-06-05', 'RB'),
('a17', '202105', 2, '2599.72', '2021-07-01', 'RB'),
('a17', '202106', 8, '2675.61', '2021-08-04', 'RB'),
('a17', '202107', 12, '2487.24', '2021-09-07', 'RB'),
('a17', '202108', 4, '3505.43', '2021-10-01', 'RB'),
('a17', '202109', 8, '2327.52', '2021-11-05', 'RB'),
('a17', '202110', 9, '3437.52', '2021-12-08', 'RB'),
('a17', '202111', 3, '2727.74', '2022-01-04', 'RB'),
('a17', '202112', 1, '4546.85', '2022-02-07', 'RB'),
('a17', '202201', 6, '3368.76', '2022-03-02', 'RB'),
('a17', '202202', 5, '3903.93', '2022-04-03', 'RB'),
('a17', '202203', 8, '2912.18', '2022-05-01', 'RB'),
('a17', '202204', 8, '1628.10', '2022-06-02', 'RB'),
('a17', '202205', 4, '5960.65', '2022-07-06', 'RB'),
('a17', '202206', 5, '3859.38', '2022-08-07', 'RB'),
('a17', '202207', 12, '3378.75', '2022-09-05', 'RB'),
('a17', '202208', 4, '787.62', '2022-10-04', 'RB'),
('a17', '202209', 1, '3317.59', '2022-11-04', 'RB'),
('a17', '202210', 3, '2926.05', '2022-12-06', 'RB'),
('a17', '202211', 5, '3380.06', '2023-01-04', 'RB'),
('a17', '202212', 8, '3132.65', '2023-02-05', 'RB'),
('a17', '202301', 0, '4107.62', '2023-03-01', 'RB'),
('a17', '202302', 0, '4278.29', '2023-03-04', 'VA'),
('a17', '202303', 3, '0.00', '2023-03-01', 'CR'),
('a55', '202101', 5, '2429.94', '2021-03-01', 'RB'),
('a55', '202102', 2, '3464.37', '2021-04-05', 'RB'),
('a55', '202103', 4, '1999.44', '2021-05-03', 'RB'),
('a55', '202104', 1, '4321.11', '2021-06-08', 'RB'),
('a55', '202105', 0, '2411.88', '2021-07-04', 'RB'),
('a55', '202106', 11, '3916.97', '2021-08-03', 'RB'),
('a55', '202107', 4, '3106.74', '2021-09-03', 'RB'),
('a55', '202108', 6, '3078.36', '2021-10-01', 'RB'),
('a55', '202109', 0, '3297.87', '2021-11-01', 'RB'),
('a55', '202110', 4, '4289.47', '2021-12-02', 'RB'),
('a55', '202111', 3, '2267.75', '2022-01-05', 'RB'),
('a55', '202112', 10, '3303.01', '2022-02-03', 'RB'),
('a55', '202201', 8, '3066.26', '2022-03-07', 'RB'),
('a55', '202202', 0, '3764.63', '2022-04-03', 'RB'),
('a55', '202203', 1, '3727.05', '2022-05-07', 'RB'),
('a55', '202204', 7, '3052.63', '2022-06-06', 'RB'),
('a55', '202205', 4, '2149.55', '2022-07-06', 'RB'),
('a55', '202206', 7, '3309.27', '2022-08-05', 'RB'),
('a55', '202207', 12, '4774.30', '2022-09-04', 'RB'),
('a55', '202208', 2, '3377.15', '2022-10-01', 'RB'),
('a55', '202209', 6, '1579.71', '2022-11-01', 'RB'),
('a55', '202210', 0, '4894.37', '2022-12-01', 'RB'),
('a55', '202211', 7, '3164.23', '2023-01-02', 'RB'),
('a55', '202212', 10, '4561.93', '2023-02-07', 'RB'),
('a55', '202301', 1, '2692.73', '2023-03-05', 'RB'),
('a55', '202302', 5, '3602.78', '2023-03-02', 'VA'),
('a55', '202303', 7, '0.00', '2023-03-06', 'CR'),
('a93', '202101', 0, '5671.30', '2021-03-03', 'RB'),
('a93', '202102', 7, '3324.01', '2021-04-05', 'RB'),
('a93', '202103', 5, '4433.57', '2021-05-08', 'RB'),
('a93', '202104', 7, '1215.34', '2021-06-01', 'RB'),
('a93', '202105', 6, '3363.86', '2021-07-03', 'RB'),
('a93', '202106', 1, '2236.73', '2021-08-05', 'RB'),
('a93', '202107', 5, '2850.32', '2021-09-01', 'RB'),
('a93', '202108', 10, '2800.10', '2021-10-01', 'RB'),
('a93', '202109', 10, '3355.34', '2021-11-03', 'RB'),
('a93', '202110', 6, '3122.83', '2021-12-01', 'RB'),
('a93', '202111', 10, '3275.89', '2022-01-06', 'RB'),
('a93', '202112', 0, '2459.08', '2022-02-01', 'RB'),
('a93', '202201', 10, '4297.13', '2022-03-06', 'RB'),
('a93', '202202', 1, '3522.65', '2022-04-03', 'RB'),
('a93', '202203', 10, '4144.55', '2022-05-06', 'RB'),
('a93', '202204', 2, '2158.16', '2022-06-03', 'RB'),
('a93', '202205', 4, '2726.03', '2022-07-03', 'RB'),
('a93', '202206', 12, '3881.94', '2022-08-07', 'RB'),
('a93', '202207', 2, '3894.88', '2022-09-06', 'RB'),
('a93', '202208', 11, '4935.84', '2022-10-08', 'RB'),
('a93', '202209', 2, '1786.91', '2022-11-08', 'RB'),
('a93', '202210', 5, '2253.58', '2022-12-02', 'RB'),
('a93', '202211', 1, '3935.97', '2023-01-03', 'RB'),
('a93', '202212', 0, '4715.46', '2023-02-07', 'RB'),
('a93', '202301', 6, '3945.40', '2023-03-08', 'RB'),
('a93', '202302', 9, '3507.41', '2023-03-06', 'VA'),
('a93', '202303', 6, '0.00', '2023-03-06', 'CR'),
('b13', '202101', 5, '3082.50', '2021-03-02', 'RB'),
('b13', '202102', 12, '3746.30', '2021-04-06', 'RB'),
('b13', '202103', 10, '4367.89', '2021-05-04', 'RB'),
('b13', '202104', 5, '3148.68', '2021-06-08', 'RB'),
('b13', '202105', 1, '2886.94', '2021-07-03', 'RB'),
('b13', '202106', 6, '1303.60', '2021-08-01', 'RB'),
('b13', '202107', 3, '3432.62', '2021-09-07', 'RB'),
('b13', '202108', 4, '4886.93', '2021-10-08', 'RB'),
('b13', '202109', 3, '2537.89', '2021-11-06', 'RB'),
('b13', '202110', 12, '5464.78', '2021-12-08', 'RB'),
('b13', '202111', 3, '2033.25', '2022-01-08', 'RB'),
('b13', '202112', 2, '3814.53', '2022-02-01', 'RB'),
('b13', '202201', 7, '2480.28', '2022-03-07', 'RB'),
('b13', '202202', 11, '3103.91', '2022-04-08', 'RB'),
('b13', '202203', 4, '3297.98', '2022-05-02', 'RB'),
('b13', '202204', 9, '1652.74', '2022-06-02', 'RB'),
('b13', '202205', 3, '3995.54', '2022-07-05', 'RB'),
('b13', '202206', 11, '3926.08', '2022-08-02', 'RB'),
('b13', '202207', 7, '4934.14', '2022-09-06', 'RB'),
('b13', '202208', 9, '3734.68', '2022-10-05', 'RB'),
('b13', '202209', 3, '2982.00', '2022-11-06', 'RB'),
('b13', '202210', 11, '2580.03', '2022-12-05', 'RB'),
('b13', '202211', 7, '2436.45', '2023-01-04', 'RB'),
('b13', '202212', 9, '2202.45', '2023-02-07', 'RB'),
('b13', '202301', 11, '3277.50', '2023-03-07', 'RB'),
('b13', '202302', 4, '2722.39', '2023-03-07', 'VA'),
('b13', '202303', 2, '0.00', '2023-03-03', 'CR'),
('b16', '202101', 2, '3764.40', '2021-03-01', 'RB'),
('b16', '202102', 9, '1774.00', '2021-04-08', 'RB'),
('b16', '202103', 9, '2788.61', '2021-05-06', 'RB'),
('b16', '202104', 6, '3673.54', '2021-06-04', 'RB'),
('b16', '202105', 4, '4058.18', '2021-07-08', 'RB'),
('b16', '202106', 1, '3540.72', '2021-08-02', 'RB'),
('b16', '202107', 9, '3780.35', '2021-09-05', 'RB'),
('b16', '202108', 10, '4032.43', '2021-10-01', 'RB'),
('b16', '202109', 11, '2379.11', '2021-11-03', 'RB'),
('b16', '202110', 4, '2634.38', '2021-12-07', 'RB'),
('b16', '202111', 9, '2982.24', '2022-01-04', 'RB'),
('b16', '202112', 11, '4273.54', '2022-02-01', 'RB'),
('b16', '202201', 8, '3103.13', '2022-03-01', 'RB'),
('b16', '202202', 10, '2780.70', '2022-04-08', 'RB'),
('b16', '202203', 2, '2031.54', '2022-05-06', 'RB'),
('b16', '202204', 6, '3509.05', '2022-06-05', 'RB'),
('b16', '202205', 2, '5293.94', '2022-07-02', 'RB'),
('b16', '202206', 1, '3109.04', '2022-08-01', 'RB'),
('b16', '202207', 1, '3888.39', '2022-09-05', 'RB'),
('b16', '202208', 2, '3434.46', '2022-10-05', 'RB'),
('b16', '202209', 11, '5377.50', '2022-11-08', 'RB'),
('b16', '202210', 8, '3002.27', '2022-12-06', 'RB'),
('b16', '202211', 6, '3119.35', '2023-01-04', 'RB'),
('b16', '202212', 1, '4794.79', '2023-02-01', 'RB'),
('b16', '202301', 5, '3877.49', '2023-03-02', 'RB'),
('b16', '202302', 4, '2858.29', '2023-03-04', 'VA'),
('b16', '202303', 9, '0.00', '2023-03-08', 'CR'),
('b19', '202101', 3, '2738.69', '2021-03-01', 'RB'),
('b19', '202102', 7, '3806.47', '2021-04-07', 'RB'),
('b19', '202103', 8, '2829.96', '2021-05-07', 'RB'),
('b19', '202104', 9, '2973.53', '2021-06-01', 'RB'),
('b19', '202105', 10, '2441.71', '2021-07-07', 'RB'),
('b19', '202106', 2, '3329.98', '2021-08-08', 'RB'),
('b19', '202107', 5, '3105.86', '2021-09-05', 'RB'),
('b19', '202108', 10, '3774.70', '2021-10-04', 'RB'),
('b19', '202109', 6, '4614.54', '2021-11-07', 'RB'),
('b19', '202110', 9, '2897.53', '2021-12-03', 'RB'),
('b19', '202111', 11, '3292.98', '2022-01-03', 'RB'),
('b19', '202112', 0, '3246.21', '2022-02-02', 'RB'),
('b19', '202201', 2, '4747.56', '2022-03-02', 'RB'),
('b19', '202202', 5, '3299.71', '2022-04-02', 'RB'),
('b19', '202203', 12, '3200.16', '2022-05-01', 'RB'),
('b19', '202204', 7, '3257.12', '2022-06-08', 'RB'),
('b19', '202205', 5, '2062.49', '2022-07-08', 'RB'),
('b19', '202206', 9, '4329.95', '2022-08-02', 'RB'),
('b19', '202207', 5, '1937.79', '2022-09-04', 'RB'),
('b19', '202208', 11, '2600.80', '2022-10-08', 'RB'),
('b19', '202209', 4, '1999.13', '2022-11-02', 'RB'),
('b19', '202210', 8, '2716.89', '2022-12-01', 'RB'),
('b19', '202211', 0, '3733.34', '2023-01-01', 'RB'),
('b19', '202212', 2, '2350.15', '2023-02-05', 'RB'),
('b19', '202301', 6, '4897.84', '2023-03-03', 'RB'),
('b19', '202302', 5, '4133.57', '2023-03-02', 'VA'),
('b19', '202303', 4, '0.00', '2023-03-07', 'CR'),
('b25', '202101', 12, '2722.97', '2021-03-06', 'RB'),
('b25', '202102', 1, '2896.25', '2021-04-07', 'RB'),
('b25', '202103', 12, '3230.22', '2021-05-03', 'RB'),
('b25', '202104', 4, '3320.94', '2021-06-02', 'RB'),
('b25', '202105', 6, '3726.90', '2021-07-01', 'RB'),
('b25', '202106', 2, '3195.95', '2021-08-07', 'RB'),
('b25', '202107', 10, '4887.40', '2021-09-06', 'RB'),
('b25', '202108', 7, '5223.06', '2021-10-05', 'RB'),
('b25', '202109', 11, '4783.63', '2021-11-08', 'RB'),
('b25', '202110', 9, '2090.29', '2021-12-05', 'RB'),
('b25', '202111', 0, '2578.09', '2022-01-02', 'RB'),
('b25', '202112', 5, '3038.54', '2022-02-06', 'RB'),
('b25', '202201', 8, '3486.87', '2022-03-07', 'RB'),
('b25', '202202', 2, '3503.91', '2022-04-01', 'RB'),
('b25', '202203', 7, '3035.65', '2022-05-07', 'RB'),
('b25', '202204', 6, '3197.27', '2022-06-02', 'RB'),
('b25', '202205', 10, '2783.04', '2022-07-03', 'RB'),
('b25', '202206', 12, '2260.58', '2022-08-05', 'RB'),
('b25', '202207', 1, '1770.89', '2022-09-06', 'RB'),
('b25', '202208', 1, '3676.19', '2022-10-04', 'RB'),
('b25', '202209', 4, '1457.30', '2022-11-01', 'RB'),
('b25', '202210', 12, '2732.75', '2022-12-02', 'RB'),
('b25', '202211', 3, '5824.08', '2023-01-05', 'RB'),
('b25', '202212', 4, '2088.89', '2023-02-05', 'RB'),
('b25', '202301', 0, '3770.59', '2023-03-06', 'RB'),
('b25', '202302', 2, '3573.03', '2023-03-07', 'VA'),
('b25', '202303', 1, '0.00', '2023-03-03', 'CR'),
('b28', '202101', 4, '3731.91', '2021-03-07', 'RB'),
('b28', '202102', 8, '4327.82', '2021-04-01', 'RB'),
('b28', '202103', 5, '2722.01', '2021-05-07', 'RB'),
('b28', '202104', 7, '3982.67', '2021-06-04', 'RB'),
('b28', '202105', 1, '2901.05', '2021-07-01', 'RB'),
('b28', '202106', 10, '3402.60', '2021-08-01', 'RB'),
('b28', '202107', 6, '3278.93', '2021-09-01', 'RB'),
('b28', '202108', 5, '2218.01', '2021-10-02', 'RB'),
('b28', '202109', 12, '2576.10', '2021-11-02', 'RB'),
('b28', '202110', 10, '2723.74', '2021-12-06', 'RB'),
('b28', '202111', 8, '2679.30', '2022-01-01', 'RB'),
('b28', '202112', 8, '5532.51', '2022-02-08', 'RB'),
('b28', '202201', 7, '3468.93', '2022-03-01', 'RB'),
('b28', '202202', 8, '2342.74', '2022-04-06', 'RB'),
('b28', '202203', 1, '4036.32', '2022-05-02', 'RB'),
('b28', '202204', 9, '3749.71', '2022-06-04', 'RB'),
('b28', '202205', 3, '2490.56', '2022-07-06', 'RB'),
('b28', '202206', 9, '1604.93', '2022-08-04', 'RB'),
('b28', '202207', 3, '3024.96', '2022-09-02', 'RB'),
('b28', '202208', 3, '1532.96', '2022-10-08', 'RB'),
('b28', '202209', 8, '3225.86', '2022-11-08', 'RB'),
('b28', '202210', 5, '3095.06', '2022-12-01', 'RB'),
('b28', '202211', 7, '2684.96', '2023-01-08', 'RB'),
('b28', '202212', 12, '4488.68', '2023-02-06', 'RB'),
('b28', '202301', 1, '1667.07', '2023-03-01', 'RB'),
('b28', '202302', 5, '3233.66', '2023-03-02', 'VA'),
('b28', '202303', 2, '0.00', '2023-03-06', 'CR'),
('b34', '202101', 4, '2869.12', '2021-03-03', 'RB'),
('b34', '202102', 6, '2132.67', '2021-04-03', 'RB'),
('b34', '202103', 6, '5026.26', '2021-05-01', 'RB'),
('b34', '202104', 9, '2939.90', '2021-06-05', 'RB'),
('b34', '202105', 5, '3140.07', '2021-07-08', 'RB'),
('b34', '202106', 11, '1890.44', '2021-08-05', 'RB'),
('b34', '202107', 4, '2702.36', '2021-09-04', 'RB'),
('b34', '202108', 2, '3528.26', '2021-10-04', 'RB'),
('b34', '202109', 1, '2541.23', '2021-11-03', 'RB'),
('b34', '202110', 6, '3059.00', '2021-12-05', 'RB'),
('b34', '202111', 1, '4128.74', '2022-01-08', 'RB'),
('b34', '202112', 4, '4030.90', '2022-02-08', 'RB'),
('b34', '202201', 4, '3391.16', '2022-03-03', 'RB'),
('b34', '202202', 1, '2424.77', '2022-04-01', 'RB'),
('b34', '202203', 9, '2390.29', '2022-05-06', 'RB'),
('b34', '202204', 0, '1925.32', '2022-06-07', 'RB'),
('b34', '202205', 9, '4205.68', '2022-07-01', 'RB'),
('b34', '202206', 2, '1452.98', '2022-08-07', 'RB'),
('b34', '202207', 10, '2628.97', '2022-09-06', 'RB'),
('b34', '202208', 8, '4083.86', '2022-10-03', 'RB'),
('b34', '202209', 7, '3631.03', '2022-11-01', 'RB'),
('b34', '202210', 1, '4576.63', '2022-12-05', 'RB'),
('b34', '202211', 12, '3452.74', '2023-01-01', 'RB'),
('b34', '202212', 10, '2159.52', '2023-02-04', 'RB'),
('b34', '202301', 2, '2524.14', '2023-03-08', 'RB'),
('b34', '202302', 0, '4822.70', '2023-03-06', 'VA'),
('b34', '202303', 3, '0.00', '2023-03-06', 'CR'),
('b4', '202101', 12, '3350.10', '2021-03-05', 'RB'),
('b4', '202102', 4, '1970.22', '2021-04-06', 'RB'),
('b4', '202103', 1, '3960.10', '2021-05-08', 'RB'),
('b4', '202104', 5, '3982.70', '2021-06-01', 'RB'),
('b4', '202105', 12, '3023.92', '2021-07-07', 'RB'),
('b4', '202106', 3, '2198.12', '2021-08-07', 'RB'),
('b4', '202107', 3, '3887.80', '2021-09-06', 'RB'),
('b4', '202108', 5, '4162.72', '2021-10-04', 'RB'),
('b4', '202109', 12, '4023.12', '2021-11-07', 'RB'),
('b4', '202110', 5, '2333.31', '2021-12-07', 'RB'),
('b4', '202111', 7, '2856.11', '2022-01-07', 'RB'),
('b4', '202112', 11, '1654.33', '2022-02-07', 'RB'),
('b4', '202201', 9, '4872.52', '2022-03-06', 'RB'),
('b4', '202202', 2, '3873.74', '2022-04-08', 'RB'),
('b4', '202203', 8, '3321.03', '2022-05-01', 'RB'),
('b4', '202204', 9, '2329.53', '2022-06-05', 'RB'),
('b4', '202205', 12, '3214.92', '2022-07-02', 'RB'),
('b4', '202206', 6, '2846.84', '2022-08-03', 'RB'),
('b4', '202207', 9, '4083.30', '2022-09-03', 'RB'),
('b4', '202208', 6, '3293.98', '2022-10-06', 'RB'),
('b4', '202209', 9, '4259.14', '2022-11-01', 'RB'),
('b4', '202210', 11, '2243.98', '2022-12-08', 'RB'),
('b4', '202211', 10, '3555.04', '2023-01-04', 'RB'),
('b4', '202212', 0, '3127.23', '2023-02-08', 'RB'),
('b4', '202301', 7, '4357.60', '2023-03-01', 'RB'),
('b4', '202302', 10, '3111.59', '2023-03-01', 'VA'),
('b4', '202303', 12, '0.00', '2023-03-05', 'CR'),
('b50', '202101', 12, '4408.39', '2021-03-06', 'RB'),
('b50', '202102', 5, '3456.40', '2021-04-02', 'RB'),
('b50', '202103', 10, '1920.77', '2021-05-03', 'RB'),
('b50', '202104', 7, '2054.94', '2021-06-04', 'RB'),
('b50', '202105', 0, '2426.13', '2021-07-01', 'RB'),
('b50', '202106', 6, '5783.29', '2021-08-03', 'RB'),
('b50', '202107', 11, '2002.24', '2021-09-03', 'RB'),
('b50', '202108', 10, '4658.76', '2021-10-02', 'RB'),
('b50', '202109', 3, '2426.08', '2021-11-06', 'RB'),
('b50', '202110', 9, '4166.18', '2021-12-01', 'RB'),
('b50', '202111', 1, '2689.83', '2022-01-06', 'RB'),
('b50', '202112', 11, '1281.66', '2022-02-04', 'RB'),
('b50', '202201', 9, '2633.33', '2022-03-08', 'RB'),
('b50', '202202', 11, '3247.43', '2022-04-05', 'RB'),
('b50', '202203', 8, '1307.93', '2022-05-07', 'RB'),
('b50', '202204', 6, '3356.25', '2022-06-01', 'RB'),
('b50', '202205', 7, '3575.68', '2022-07-02', 'RB'),
('b50', '202206', 1, '3232.87', '2022-08-04', 'RB'),
('b50', '202207', 1, '3920.75', '2022-09-07', 'RB'),
('b50', '202208', 3, '3987.07', '2022-10-03', 'RB'),
('b50', '202209', 2, '4308.12', '2022-11-03', 'RB'),
('b50', '202210', 6, '3724.88', '2022-12-08', 'RB'),
('b50', '202211', 1, '2260.47', '2023-01-04', 'RB'),
('b50', '202212', 10, '4086.43', '2023-02-07', 'RB'),
('b50', '202301', 10, '2471.76', '2023-03-08', 'RB'),
('b50', '202302', 12, '3553.72', '2023-03-07', 'VA'),
('b50', '202303', 0, '0.00', '2023-03-05', 'CR'),
('b59', '202101', 0, '2468.18', '2021-03-04', 'RB'),
('b59', '202102', 0, '2321.81', '2021-04-04', 'RB'),
('b59', '202103', 6, '2298.04', '2021-05-04', 'RB'),
('b59', '202104', 9, '3033.60', '2021-06-07', 'RB'),
('b59', '202105', 12, '5404.87', '2021-07-06', 'RB'),
('b59', '202106', 5, '5728.11', '2021-08-04', 'RB'),
('b59', '202107', 2, '3743.28', '2021-09-06', 'RB'),
('b59', '202108', 0, '3052.03', '2021-10-07', 'RB'),
('b59', '202109', 7, '1843.97', '2021-11-08', 'RB'),
('b59', '202110', 7, '3070.59', '2021-12-06', 'RB'),
('b59', '202111', 11, '3490.98', '2022-01-03', 'RB'),
('b59', '202112', 5, '2445.62', '2022-02-07', 'RB'),
('b59', '202201', 6, '2099.11', '2022-03-08', 'RB'),
('b59', '202202', 5, '2568.84', '2022-04-06', 'RB'),
('b59', '202203', 2, '3348.48', '2022-05-02', 'RB'),
('b59', '202204', 2, '4669.85', '2022-06-07', 'RB'),
('b59', '202205', 7, '4597.34', '2022-07-06', 'RB'),
('b59', '202206', 7, '4557.14', '2022-08-02', 'RB'),
('b59', '202207', 7, '2945.02', '2022-09-05', 'RB'),
('b59', '202208', 0, '3167.47', '2022-10-07', 'RB'),
('b59', '202209', 3, '3816.69', '2022-11-02', 'RB'),
('b59', '202210', 7, '3038.54', '2022-12-08', 'RB'),
('b59', '202211', 6, '2713.41', '2023-01-06', 'RB'),
('b59', '202212', 3, '1962.93', '2023-02-06', 'RB'),
('b59', '202301', 4, '2204.40', '2023-03-06', 'RB'),
('b59', '202302', 11, '3020.88', '2023-03-02', 'VA'),
('b59', '202303', 11, '0.00', '2023-03-04', 'CR'),
('c14', '202101', 4, '2002.11', '2021-03-06', 'RB'),
('c14', '202102', 2, '3570.50', '2021-04-02', 'RB'),
('c14', '202103', 3, '3715.37', '2021-05-03', 'RB'),
('c14', '202104', 6, '2716.12', '2021-06-05', 'RB'),
('c14', '202105', 7, '3033.69', '2021-07-02', 'RB'),
('c14', '202106', 4, '2855.96', '2021-08-04', 'RB'),
('c14', '202107', 3, '3129.26', '2021-09-03', 'RB'),
('c14', '202108', 6, '2567.15', '2021-10-07', 'RB'),
('c14', '202109', 7, '3837.59', '2021-11-01', 'RB'),
('c14', '202110', 6, '4225.54', '2021-12-04', 'RB'),
('c14', '202111', 5, '3337.73', '2022-01-04', 'RB'),
('c14', '202112', 5, '4207.64', '2022-02-01', 'RB'),
('c14', '202201', 0, '4817.95', '2022-03-02', 'RB'),
('c14', '202202', 5, '3595.88', '2022-04-06', 'RB'),
('c14', '202203', 9, '4339.60', '2022-05-07', 'RB'),
('c14', '202204', 11, '3185.95', '2022-06-07', 'RB'),
('c14', '202205', 11, '2936.02', '2022-07-06', 'RB'),
('c14', '202206', 6, '4619.23', '2022-08-08', 'RB'),
('c14', '202207', 10, '3869.83', '2022-09-06', 'RB'),
('c14', '202208', 7, '5120.41', '2022-10-06', 'RB'),
('c14', '202209', 1, '3086.27', '2022-11-01', 'RB'),
('c14', '202210', 4, '2940.03', '2022-12-08', 'RB'),
('c14', '202211', 5, '3514.14', '2023-01-06', 'RB'),
('c14', '202212', 7, '3648.69', '2023-02-07', 'RB'),
('c14', '202301', 8, '4598.83', '2023-03-08', 'RB'),
('c14', '202302', 6, '3232.68', '2023-03-03', 'VA'),
('c14', '202303', 3, '0.00', '2023-03-07', 'CR'),
('c3', '202101', 4, '2643.04', '2021-03-04', 'RB'),
('c3', '202102', 10, '2836.56', '2021-04-01', 'RB'),
('c3', '202103', 10, '3388.34', '2021-05-07', 'RB'),
('c3', '202104', 6, '4592.56', '2021-06-02', 'RB'),
('c3', '202105', 1, '2199.46', '2021-07-01', 'RB'),
('c3', '202106', 7, '2355.89', '2021-08-04', 'RB'),
('c3', '202107', 1, '1387.72', '2021-09-01', 'RB'),
('c3', '202108', 10, '4785.05', '2021-10-03', 'RB'),
('c3', '202109', 0, '3237.70', '2021-11-07', 'RB'),
('c3', '202110', 2, '2124.19', '2021-12-07', 'RB'),
('c3', '202111', 3, '3859.57', '2022-01-08', 'RB'),
('c3', '202112', 7, '3444.78', '2022-02-02', 'RB'),
('c3', '202201', 5, '4534.99', '2022-03-01', 'RB'),
('c3', '202202', 4, '1861.50', '2022-04-04', 'RB'),
('c3', '202203', 8, '3141.41', '2022-05-07', 'RB'),
('c3', '202204', 8, '3287.50', '2022-06-02', 'RB'),
('c3', '202205', 3, '3278.79', '2022-07-07', 'RB'),
('c3', '202206', 4, '2199.44', '2022-08-04', 'RB'),
('c3', '202207', 4, '3240.59', '2022-09-06', 'RB'),
('c3', '202208', 9, '3410.19', '2022-10-06', 'RB'),
('c3', '202209', 11, '4014.92', '2022-11-02', 'RB'),
('c3', '202210', 6, '3434.65', '2022-12-05', 'RB'),
('c3', '202211', 11, '3972.46', '2023-01-03', 'RB'),
('c3', '202212', 5, '3263.33', '2023-02-04', 'RB'),
('c3', '202301', 11, '3112.37', '2023-03-03', 'RB'),
('c3', '202302', 7, '4123.17', '2023-03-03', 'VA'),
('c3', '202303', 12, '0.00', '2023-03-07', 'CR'),
('c54', '202101', 12, '5453.08', '2021-03-02', 'RB'),
('c54', '202102', 9, '1561.25', '2021-04-01', 'RB'),
('c54', '202103', 0, '2161.04', '2021-05-08', 'RB'),
('c54', '202104', 3, '2524.32', '2021-06-06', 'RB'),
('c54', '202105', 11, '1769.67', '2021-07-01', 'RB'),
('c54', '202106', 10, '4382.94', '2021-08-08', 'RB'),
('c54', '202107', 5, '2300.29', '2021-09-04', 'RB'),
('c54', '202108', 8, '2574.69', '2021-10-07', 'RB'),
('c54', '202109', 1, '5239.52', '2021-11-03', 'RB'),
('c54', '202110', 5, '1664.76', '2021-12-03', 'RB'),
('c54', '202111', 6, '2847.86', '2022-01-04', 'RB'),
('c54', '202112', 7, '4032.61', '2022-02-08', 'RB'),
('c54', '202201', 11, '3061.54', '2022-03-07', 'RB'),
('c54', '202202', 3, '3245.33', '2022-04-03', 'RB'),
('c54', '202203', 7, '3005.37', '2022-05-04', 'RB'),
('c54', '202204', 4, '3347.06', '2022-06-06', 'RB'),
('c54', '202205', 10, '3237.95', '2022-07-03', 'RB'),
('c54', '202206', 1, '3998.42', '2022-08-05', 'RB'),
('c54', '202207', 0, '2540.61', '2022-09-08', 'RB'),
('c54', '202208', 9, '2523.02', '2022-10-03', 'RB'),
('c54', '202209', 12, '3723.03', '2022-11-05', 'RB'),
('c54', '202210', 9, '3198.21', '2022-12-04', 'RB'),
('c54', '202211', 5, '3891.63', '2023-01-05', 'RB'),
('c54', '202212', 7, '3434.83', '2023-02-06', 'RB'),
('c54', '202301', 7, '2319.35', '2023-03-03', 'RB'),
('c54', '202302', 9, '2998.33', '2023-03-06', 'VA'),
('c54', '202303', 5, '0.00', '2023-03-05', 'CR'),
('d13', '202101', 9, '3513.82', '2021-03-05', 'RB'),
('d13', '202102', 0, '3499.13', '2021-04-03', 'RB'),
('d13', '202103', 11, '2888.98', '2021-05-06', 'RB'),
('d13', '202104', 11, '3171.67', '2021-06-06', 'RB'),
('d13', '202105', 11, '1894.41', '2021-07-04', 'RB'),
('d13', '202106', 2, '3766.85', '2021-08-07', 'RB'),
('d13', '202107', 6, '2838.11', '2021-09-05', 'RB'),
('d13', '202108', 1, '4233.50', '2021-10-01', 'RB'),
('d13', '202109', 10, '3385.42', '2021-11-01', 'RB'),
('d13', '202110', 0, '3921.09', '2021-12-02', 'RB'),
('d13', '202111', 0, '4201.84', '2022-01-01', 'RB'),
('d13', '202112', 1, '2721.32', '2022-02-07', 'RB'),
('d13', '202201', 6, '4136.97', '2022-03-01', 'RB'),
('d13', '202202', 5, '4913.29', '2022-04-04', 'RB'),
('d13', '202203', 6, '1494.37', '2022-05-02', 'RB'),
('d13', '202204', 5, '2559.98', '2022-06-01', 'RB'),
('d13', '202205', 12, '2595.80', '2022-07-06', 'RB'),
('d13', '202206', 7, '3084.31', '2022-08-08', 'RB'),
('d13', '202207', 1, '3373.30', '2022-09-04', 'RB'),
('d13', '202208', 3, '3954.35', '2022-10-03', 'RB'),
('d13', '202209', 12, '2027.79', '2022-11-07', 'RB'),
('d13', '202210', 12, '3385.99', '2022-12-01', 'RB'),
('d13', '202211', 5, '2604.21', '2023-01-08', 'RB'),
('d13', '202212', 6, '3962.30', '2023-02-02', 'RB'),
('d13', '202301', 2, '2550.56', '2023-03-01', 'RB'),
('d13', '202302', 6, '3715.09', '2023-03-02', 'VA'),
('d13', '202303', 6, '0.00', '2023-03-08', 'CR'),
('d51', '202101', 4, '3297.78', '2021-03-01', 'RB'),
('d51', '202102', 3, '4161.16', '2021-04-04', 'RB'),
('d51', '202103', 5, '3149.50', '2021-05-03', 'RB'),
('d51', '202104', 11, '3713.02', '2021-06-06', 'RB'),
('d51', '202105', 7, '2787.03', '2021-07-06', 'RB'),
('d51', '202106', 10, '3388.70', '2021-08-07', 'RB'),
('d51', '202107', 8, '2543.34', '2021-09-03', 'RB'),
('d51', '202108', 7, '2775.84', '2021-10-07', 'RB'),
('d51', '202109', 6, '3614.28', '2021-11-08', 'RB'),
('d51', '202110', 3, '3495.91', '2021-12-02', 'RB'),
('d51', '202111', 1, '1934.72', '2022-01-04', 'RB'),
('d51', '202112', 8, '2792.35', '2022-02-08', 'RB'),
('d51', '202201', 1, '4505.93', '2022-03-08', 'RB'),
('d51', '202202', 12, '4028.74', '2022-04-02', 'RB'),
('d51', '202203', 7, '3274.41', '2022-05-08', 'RB'),
('d51', '202204', 8, '2737.22', '2022-06-03', 'RB'),
('d51', '202205', 2, '2127.17', '2022-07-02', 'RB'),
('d51', '202206', 5, '2918.40', '2022-08-01', 'RB'),
('d51', '202207', 8, '2726.85', '2022-09-02', 'RB'),
('d51', '202208', 7, '2136.90', '2022-10-04', 'RB'),
('d51', '202209', 11, '3098.90', '2022-11-04', 'RB'),
('d51', '202210', 1, '3863.57', '2022-12-02', 'RB'),
('d51', '202211', 10, '2333.33', '2023-01-08', 'RB'),
('d51', '202212', 12, '3414.59', '2023-02-03', 'RB'),
('d51', '202301', 3, '4308.77', '2023-03-03', 'RB'),
('d51', '202302', 5, '2065.70', '2023-03-06', 'VA'),
('d51', '202303', 7, '0.00', '2023-03-03', 'CR'),
('e22', '202101', 6, '4873.13', '2021-03-08', 'RB'),
('e22', '202102', 11, '2623.86', '2021-04-08', 'RB'),
('e22', '202103', 5, '1306.97', '2021-05-07', 'RB'),
('e22', '202104', 6, '2039.67', '2021-06-08', 'RB'),
('e22', '202105', 7, '1950.39', '2021-07-05', 'RB'),
('e22', '202106', 4, '3486.78', '2021-08-08', 'RB'),
('e22', '202107', 5, '3669.88', '2021-09-03', 'RB'),
('e22', '202108', 3, '3406.85', '2021-10-06', 'RB'),
('e22', '202109', 5, '3968.05', '2021-11-03', 'RB'),
('e22', '202110', 7, '1939.51', '2021-12-06', 'RB'),
('e22', '202111', 5, '2016.25', '2022-01-07', 'RB'),
('e22', '202112', 9, '4020.11', '2022-02-04', 'RB'),
('e22', '202201', 12, '3522.41', '2022-03-07', 'RB'),
('e22', '202202', 8, '2874.33', '2022-04-02', 'RB'),
('e22', '202203', 9, '3393.20', '2022-05-03', 'RB'),
('e22', '202204', 3, '2769.62', '2022-06-06', 'RB'),
('e22', '202205', 8, '3826.01', '2022-07-01', 'RB'),
('e22', '202206', 1, '2983.71', '2022-08-03', 'RB'),
('e22', '202207', 4, '2925.83', '2022-09-06', 'RB'),
('e22', '202208', 9, '3187.85', '2022-10-06', 'RB'),
('e22', '202209', 2, '3635.82', '2022-11-03', 'RB'),
('e22', '202210', 0, '1796.18', '2022-12-07', 'RB'),
('e22', '202211', 11, '1994.66', '2023-01-03', 'RB'),
('e22', '202212', 6, '2333.99', '2023-02-08', 'RB'),
('e22', '202301', 4, '2453.42', '2023-03-08', 'RB'),
('e22', '202302', 2, '2716.03', '2023-03-02', 'VA'),
('e22', '202303', 1, '0.00', '2023-03-08', 'CR'),
('e24', '202101', 11, '3784.29', '2021-03-03', 'RB'),
('e24', '202102', 12, '2761.70', '2021-04-03', 'RB'),
('e24', '202103', 1, '3947.70', '2021-05-08', 'RB'),
('e24', '202104', 3, '2287.12', '2021-06-06', 'RB'),
('e24', '202105', 8, '3547.60', '2021-07-02', 'RB'),
('e24', '202106', 4, '2056.00', '2021-08-08', 'RB'),
('e24', '202107', 12, '3877.37', '2021-09-02', 'RB'),
('e24', '202108', 6, '3500.52', '2021-10-02', 'RB'),
('e24', '202109', 7, '2693.50', '2021-11-05', 'RB'),
('e24', '202110', 10, '1505.95', '2021-12-03', 'RB'),
('e24', '202111', 1, '4981.05', '2022-01-01', 'RB'),
('e24', '202112', 2, '2551.01', '2022-02-03', 'RB'),
('e24', '202201', 3, '3359.69', '2022-03-04', 'RB'),
('e24', '202202', 11, '3257.48', '2022-04-05', 'RB'),
('e24', '202203', 9, '2313.57', '2022-05-07', 'RB'),
('e24', '202204', 2, '2973.21', '2022-06-02', 'RB'),
('e24', '202205', 9, '2956.58', '2022-07-01', 'RB'),
('e24', '202206', 3, '3002.64', '2022-08-02', 'RB'),
('e24', '202207', 3, '2461.08', '2022-09-01', 'RB'),
('e24', '202208', 10, '3950.58', '2022-10-01', 'RB'),
('e24', '202209', 5, '4257.48', '2022-11-08', 'RB'),
('e24', '202210', 3, '1753.78', '2022-12-08', 'RB'),
('e24', '202211', 12, '4367.80', '2023-01-02', 'RB'),
('e24', '202212', 6, '4689.85', '2023-02-02', 'RB'),
('e24', '202301', 9, '2310.88', '2023-03-03', 'RB'),
('e24', '202302', 9, '3199.82', '2023-03-02', 'VA'),
('e24', '202303', 2, '0.00', '2023-03-03', 'CR'),
('e39', '202101', 4, '3697.98', '2021-03-06', 'RB'),
('e39', '202102', 0, '4132.39', '2021-04-01', 'RB'),
('e39', '202103', 7, '1713.35', '2021-05-08', 'RB'),
('e39', '202104', 10, '3422.02', '2021-06-03', 'RB'),
('e39', '202105', 0, '2775.91', '2021-07-07', 'RB'),
('e39', '202106', 10, '2066.92', '2021-08-01', 'RB'),
('e39', '202107', 8, '4110.03', '2021-09-06', 'RB'),
('e39', '202108', 2, '2433.32', '2021-10-04', 'RB'),
('e39', '202109', 9, '3810.65', '2021-11-04', 'RB'),
('e39', '202110', 6, '4188.56', '2021-12-06', 'RB'),
('e39', '202111', 11, '3396.65', '2022-01-03', 'RB'),
('e39', '202112', 2, '3197.20', '2022-02-04', 'RB'),
('e39', '202201', 2, '2008.39', '2022-03-08', 'RB'),
('e39', '202202', 4, '2481.72', '2022-04-08', 'RB'),
('e39', '202203', 12, '2555.92', '2022-05-02', 'RB'),
('e39', '202204', 0, '2719.39', '2022-06-01', 'RB'),
('e39', '202205', 10, '3280.96', '2022-07-02', 'RB'),
('e39', '202206', 4, '2765.72', '2022-08-01', 'RB'),
('e39', '202207', 11, '4122.11', '2022-09-06', 'RB'),
('e39', '202208', 11, '3137.59', '2022-10-04', 'RB'),
('e39', '202209', 2, '3439.61', '2022-11-04', 'RB'),
('e39', '202210', 9, '3461.52', '2022-12-06', 'RB'),
('e39', '202211', 1, '2612.83', '2023-01-05', 'RB'),
('e39', '202212', 3, '4311.91', '2023-02-08', 'RB'),
('e39', '202301', 10, '1215.59', '2023-03-07', 'RB'),
('e39', '202302', 9, '4299.75', '2023-03-03', 'VA'),
('e39', '202303', 10, '0.00', '2023-03-02', 'CR'),
('e49', '202101', 1, '1938.49', '2021-03-04', 'RB'),
('e49', '202102', 7, '4573.78', '2021-04-02', 'RB'),
('e49', '202103', 11, '2794.20', '2021-05-06', 'RB'),
('e49', '202104', 10, '3927.62', '2021-06-05', 'RB'),
('e49', '202105', 3, '2299.93', '2021-07-01', 'RB'),
('e49', '202106', 9, '2385.52', '2021-08-02', 'RB'),
('e49', '202107', 0, '3343.91', '2021-09-07', 'RB'),
('e49', '202108', 10, '2587.54', '2021-10-08', 'RB'),
('e49', '202109', 1, '2450.94', '2021-11-03', 'RB'),
('e49', '202110', 7, '3169.36', '2021-12-07', 'RB'),
('e49', '202111', 0, '4284.05', '2022-01-02', 'RB'),
('e49', '202112', 7, '3467.77', '2022-02-07', 'RB'),
('e49', '202201', 9, '2618.18', '2022-03-05', 'RB'),
('e49', '202202', 3, '3345.96', '2022-04-04', 'RB'),
('e49', '202203', 4, '3506.45', '2022-05-07', 'RB'),
('e49', '202204', 9, '3778.61', '2022-06-02', 'RB'),
('e49', '202205', 10, '3604.62', '2022-07-07', 'RB'),
('e49', '202206', 3, '3355.16', '2022-08-06', 'RB'),
('e49', '202207', 3, '2929.35', '2022-09-02', 'RB'),
('e49', '202208', 10, '3252.55', '2022-10-01', 'RB'),
('e49', '202209', 4, '2837.00', '2022-11-05', 'RB'),
('e49', '202210', 10, '3705.91', '2022-12-07', 'RB'),
('e49', '202211', 4, '3734.79', '2023-01-05', 'RB'),
('e49', '202212', 8, '2718.85', '2023-02-08', 'RB'),
('e49', '202301', 9, '2428.66', '2023-03-06', 'RB'),
('e49', '202302', 10, '4422.27', '2023-03-05', 'VA'),
('e49', '202303', 2, '0.00', '2023-03-08', 'CR'),
('e5', '202101', 12, '3787.14', '2021-03-02', 'RB'),
('e5', '202102', 10, '2404.38', '2021-04-02', 'RB'),
('e5', '202103', 5, '3892.03', '2021-05-07', 'RB'),
('e5', '202104', 3, '2596.63', '2021-06-06', 'RB'),
('e5', '202105', 5, '3584.31', '2021-07-02', 'RB'),
('e5', '202106', 3, '2834.55', '2021-08-08', 'RB'),
('e5', '202107', 11, '2577.42', '2021-09-01', 'RB'),
('e5', '202108', 5, '2995.83', '2021-10-04', 'RB'),
('e5', '202109', 9, '3824.77', '2021-11-04', 'RB'),
('e5', '202110', 2, '4978.60', '2021-12-06', 'RB'),
('e5', '202111', 3, '2126.59', '2022-01-01', 'RB'),
('e5', '202112', 6, '3052.52', '2022-02-06', 'RB'),
('e5', '202201', 9, '2982.43', '2022-03-02', 'RB'),
('e5', '202202', 4, '3326.45', '2022-04-03', 'RB'),
('e5', '202203', 2, '3135.65', '2022-05-03', 'RB'),
('e5', '202204', 9, '4032.77', '2022-06-03', 'RB'),
('e5', '202205', 11, '3993.25', '2022-07-06', 'RB'),
('e5', '202206', 5, '2209.47', '2022-08-01', 'RB'),
('e5', '202207', 6, '3944.84', '2022-09-03', 'RB'),
('e5', '202208', 7, '3376.36', '2022-10-06', 'RB'),
('e5', '202209', 6, '3919.30', '2022-11-05', 'RB'),
('e5', '202210', 6, '2685.41', '2022-12-01', 'RB'),
('e5', '202211', 1, '4194.40', '2023-01-05', 'RB'),
('e5', '202212', 12, '3000.14', '2023-02-01', 'RB'),
('e5', '202301', 8, '2924.01', '2023-03-05', 'RB'),
('e5', '202302', 0, '3896.99', '2023-03-06', 'VA'),
('e5', '202303', 12, '0.00', '2023-03-05', 'CR'),
('e52', '202101', 10, '3528.50', '2021-03-03', 'RB'),
('e52', '202102', 10, '4068.96', '2021-04-08', 'RB'),
('e52', '202103', 11, '2520.13', '2021-05-08', 'RB'),
('e52', '202104', 12, '4447.75', '2021-06-06', 'RB'),
('e52', '202105', 10, '2618.08', '2021-07-04', 'RB'),
('e52', '202106', 9, '1865.54', '2021-08-03', 'RB'),
('e52', '202107', 3, '2335.52', '2021-09-08', 'RB'),
('e52', '202108', 1, '4471.30', '2021-10-06', 'RB'),
('e52', '202109', 2, '5165.76', '2021-11-06', 'RB'),
('e52', '202110', 9, '4379.87', '2021-12-07', 'RB'),
('e52', '202111', 9, '3308.29', '2022-01-01', 'RB'),
('e52', '202112', 9, '2711.48', '2022-02-04', 'RB'),
('e52', '202201', 9, '3851.73', '2022-03-06', 'RB'),
('e52', '202202', 7, '2895.96', '2022-04-04', 'RB'),
('e52', '202203', 10, '2646.92', '2022-05-03', 'RB'),
('e52', '202204', 4, '2042.28', '2022-06-01', 'RB'),
('e52', '202205', 9, '3513.47', '2022-07-05', 'RB'),
('e52', '202206', 3, '1995.56', '2022-08-04', 'RB'),
('e52', '202207', 8, '3965.23', '2022-09-02', 'RB'),
('e52', '202208', 11, '3525.72', '2022-10-04', 'RB'),
('e52', '202209', 8, '1749.47', '2022-11-06', 'RB'),
('e52', '202210', 8, '3139.24', '2022-12-05', 'RB'),
('e52', '202211', 12, '3737.05', '2023-01-06', 'RB'),
('e52', '202212', 4, '4261.28', '2023-02-01', 'RB'),
('e52', '202301', 2, '3790.60', '2023-03-06', 'RB'),
('e52', '202302', 9, '4716.95', '2023-03-07', 'VA'),
('e52', '202303', 9, '0.00', '2023-03-08', 'CR'),
('f21', '202101', 9, '4352.62', '2021-03-02', 'RB'),
('f21', '202102', 10, '3124.62', '2021-04-04', 'RB'),
('f21', '202103', 10, '2560.53', '2021-05-08', 'RB'),
('f21', '202104', 12, '3363.82', '2021-06-06', 'RB'),
('f21', '202105', 4, '2624.51', '2021-07-06', 'RB'),
('f21', '202106', 1, '3796.91', '2021-08-03', 'RB'),
('f21', '202107', 5, '4079.02', '2021-09-02', 'RB'),
('f21', '202108', 7, '2217.94', '2021-10-05', 'RB'),
('f21', '202109', 3, '3603.42', '2021-11-08', 'RB'),
('f21', '202110', 6, '3315.30', '2021-12-07', 'RB'),
('f21', '202111', 2, '3122.23', '2022-01-08', 'RB'),
('f21', '202112', 7, '4076.13', '2022-02-02', 'RB'),
('f21', '202201', 4, '3815.87', '2022-03-05', 'RB'),
('f21', '202202', 11, '4268.41', '2022-04-02', 'RB'),
('f21', '202203', 2, '2946.10', '2022-05-03', 'RB'),
('f21', '202204', 9, '4470.48', '2022-06-07', 'RB'),
('f21', '202205', 7, '3333.86', '2022-07-03', 'RB'),
('f21', '202206', 4, '3351.49', '2022-08-08', 'RB'),
('f21', '202207', 6, '2097.12', '2022-09-03', 'RB'),
('f21', '202208', 7, '3431.22', '2022-10-05', 'RB'),
('f21', '202209', 4, '4465.53', '2022-11-03', 'RB'),
('f21', '202210', 12, '3138.18', '2022-12-03', 'RB'),
('f21', '202211', 10, '3692.79', '2023-01-02', 'RB'),
('f21', '202212', 0, '3007.01', '2023-02-02', 'RB'),
('f21', '202301', 9, '3337.86', '2023-03-04', 'RB'),
('f21', '202302', 5, '4030.12', '2023-03-03', 'VA'),
('f21', '202303', 5, '0.00', '2023-03-05', 'CR'),
('f39', '202101', 3, '3397.45', '2021-03-04', 'RB'),
('f39', '202102', 3, '4403.62', '2021-04-04', 'RB'),
('f39', '202103', 6, '2629.32', '2021-05-06', 'RB'),
('f39', '202104', 1, '2717.72', '2021-06-05', 'RB'),
('f39', '202105', 0, '2467.29', '2021-07-07', 'RB'),
('f39', '202106', 2, '3874.22', '2021-08-01', 'RB'),
('f39', '202107', 1, '2528.26', '2021-09-06', 'RB'),
('f39', '202108', 9, '3810.49', '2021-10-01', 'RB'),
('f39', '202109', 0, '3048.48', '2021-11-08', 'RB'),
('f39', '202110', 9, '3197.50', '2021-12-07', 'RB'),
('f39', '202111', 7, '2600.14', '2022-01-06', 'RB'),
('f39', '202112', 11, '3884.79', '2022-02-07', 'RB'),
('f39', '202201', 9, '1713.51', '2022-03-06', 'RB'),
('f39', '202202', 8, '2954.03', '2022-04-07', 'RB'),
('f39', '202203', 3, '4500.80', '2022-05-04', 'RB'),
('f39', '202204', 11, '2012.71', '2022-06-04', 'RB'),
('f39', '202205', 4, '3259.34', '2022-07-08', 'RB'),
('f39', '202206', 12, '4190.15', '2022-08-04', 'RB'),
('f39', '202207', 3, '4072.44', '2022-09-04', 'RB'),
('f39', '202208', 3, '3106.96', '2022-10-08', 'RB'),
('f39', '202209', 10, '4634.23', '2022-11-05', 'RB'),
('f39', '202210', 6, '2316.45', '2022-12-01', 'RB'),
('f39', '202211', 0, '5421.83', '2023-01-08', 'RB'),
('f39', '202212', 8, '3004.86', '2023-02-06', 'RB'),
('f39', '202301', 1, '4150.91', '2023-03-04', 'RB'),
('f39', '202302', 6, '2928.52', '2023-03-02', 'VA'),
('f39', '202303', 8, '0.00', '2023-03-02', 'CR'),
('f4', '202101', 7, '4075.08', '2021-03-05', 'RB'),
('f4', '202102', 3, '4617.11', '2021-04-07', 'RB'),
('f4', '202103', 4, '3795.61', '2021-05-06', 'RB'),
('f4', '202104', 7, '2013.72', '2021-06-01', 'RB'),
('f4', '202105', 7, '1691.14', '2021-07-02', 'RB'),
('f4', '202106', 1, '3433.02', '2021-08-03', 'RB'),
('f4', '202107', 4, '3819.88', '2021-09-06', 'RB'),
('f4', '202108', 4, '4917.93', '2021-10-02', 'RB'),
('f4', '202109', 6, '2403.78', '2021-11-03', 'RB'),
('f4', '202110', 3, '1438.95', '2021-12-03', 'RB'),
('f4', '202111', 5, '3009.36', '2022-01-07', 'RB'),
('f4', '202112', 6, '3576.18', '2022-02-04', 'RB'),
('f4', '202201', 3, '2565.97', '2022-03-03', 'RB'),
('f4', '202202', 2, '2814.78', '2022-04-06', 'RB'),
('f4', '202203', 10, '3838.02', '2022-05-07', 'RB'),
('f4', '202204', 3, '1616.23', '2022-06-04', 'RB'),
('f4', '202205', 2, '3237.80', '2022-07-03', 'RB'),
('f4', '202206', 6, '4481.84', '2022-08-06', 'RB'),
('f4', '202207', 4, '5743.42', '2022-09-01', 'RB'),
('f4', '202208', 3, '2568.97', '2022-10-04', 'RB'),
('f4', '202209', 1, '4501.08', '2022-11-07', 'RB'),
('f4', '202210', 8, '3437.07', '2022-12-01', 'RB'),
('f4', '202211', 9, '3182.82', '2023-01-08', 'RB'),
('f4', '202212', 7, '2891.14', '2023-02-05', 'RB'),
('f4', '202301', 1, '3413.71', '2023-03-07', 'RB'),
('f4', '202302', 8, '2039.31', '2023-03-02', 'VA'),
('f4', '202303', 0, '0.00', '2023-03-01', 'CR');

--
-- Déchargement des données de la table `FraisForfait`
--

INSERT INTO `FraisForfait` (`id`, `libelle`, `montant`) VALUES
('ETP', 'Forfait Etape', '110.00'),
('KM', 'Frais Kilométrique', '0.62'),
('NUI', 'Nuitée Hôtel', '80.00'),
('REP', 'Repas Restaurant', '25.00');

--
-- Déchargement des données de la table `LigneFraisForfait`
--

INSERT INTO `LigneFraisForfait` (`idVisiteur`, `mois`, `idFraisForfait`, `quantite`) VALUES
('a131', '202101', 'ETP', 15),
('a131', '202101', 'KM', 475),
('a131', '202101', 'NUI', 5),
('a131', '202101', 'REP', 16),
('a131', '202102', 'ETP', 20),
('a131', '202102', 'KM', 712),
('a131', '202102', 'NUI', 13),
('a131', '202102', 'REP', 14),
('a131', '202103', 'ETP', 5),
('a131', '202103', 'KM', 681),
('a131', '202103', 'NUI', 4),
('a131', '202103', 'REP', 20),
('a131', '202104', 'ETP', 2),
('a131', '202104', 'KM', 420),
('a131', '202104', 'NUI', 14),
('a131', '202104', 'REP', 10),
('a131', '202105', 'ETP', 14),
('a131', '202105', 'KM', 858),
('a131', '202105', 'NUI', 6),
('a131', '202105', 'REP', 19),
('a131', '202106', 'ETP', 7),
('a131', '202106', 'KM', 721),
('a131', '202106', 'NUI', 3),
('a131', '202106', 'REP', 19),
('a131', '202107', 'ETP', 20),
('a131', '202107', 'KM', 405),
('a131', '202107', 'NUI', 12),
('a131', '202107', 'REP', 5),
('a131', '202108', 'ETP', 11),
('a131', '202108', 'KM', 851),
('a131', '202108', 'NUI', 8),
('a131', '202108', 'REP', 10),
('a131', '202109', 'ETP', 20),
('a131', '202109', 'KM', 581),
('a131', '202109', 'NUI', 12),
('a131', '202109', 'REP', 13),
('a131', '202110', 'ETP', 16),
('a131', '202110', 'KM', 930),
('a131', '202110', 'NUI', 10),
('a131', '202110', 'REP', 5),
('a131', '202111', 'ETP', 17),
('a131', '202111', 'KM', 609),
('a131', '202111', 'NUI', 16),
('a131', '202111', 'REP', 6),
('a131', '202112', 'ETP', 6),
('a131', '202112', 'KM', 808),
('a131', '202112', 'NUI', 16),
('a131', '202112', 'REP', 9),
('a131', '202201', 'ETP', 2),
('a131', '202201', 'KM', 965),
('a131', '202201', 'NUI', 19),
('a131', '202201', 'REP', 13),
('a131', '202202', 'ETP', 15),
('a131', '202202', 'KM', 578),
('a131', '202202', 'NUI', 5),
('a131', '202202', 'REP', 20),
('a131', '202203', 'ETP', 13),
('a131', '202203', 'KM', 933),
('a131', '202203', 'NUI', 5),
('a131', '202203', 'REP', 19),
('a131', '202204', 'ETP', 18),
('a131', '202204', 'KM', 910),
('a131', '202204', 'NUI', 6),
('a131', '202204', 'REP', 17),
('a131', '202205', 'ETP', 4),
('a131', '202205', 'KM', 862),
('a131', '202205', 'NUI', 11),
('a131', '202205', 'REP', 11),
('a131', '202206', 'ETP', 8),
('a131', '202206', 'KM', 484),
('a131', '202206', 'NUI', 3),
('a131', '202206', 'REP', 5),
('a131', '202207', 'ETP', 6),
('a131', '202207', 'KM', 854),
('a131', '202207', 'NUI', 13),
('a131', '202207', 'REP', 19),
('a131', '202208', 'ETP', 9),
('a131', '202208', 'KM', 549),
('a131', '202208', 'NUI', 19),
('a131', '202208', 'REP', 12),
('a131', '202209', 'ETP', 3),
('a131', '202209', 'KM', 440),
('a131', '202209', 'NUI', 19),
('a131', '202209', 'REP', 20),
('a131', '202210', 'ETP', 13),
('a131', '202210', 'KM', 682),
('a131', '202210', 'NUI', 3),
('a131', '202210', 'REP', 5),
('a131', '202211', 'ETP', 19),
('a131', '202211', 'KM', 628),
('a131', '202211', 'NUI', 4),
('a131', '202211', 'REP', 4),
('a131', '202212', 'ETP', 13),
('a131', '202212', 'KM', 735),
('a131', '202212', 'NUI', 7),
('a131', '202212', 'REP', 18),
('a131', '202301', 'ETP', 3),
('a131', '202301', 'KM', 336),
('a131', '202301', 'NUI', 10),
('a131', '202301', 'REP', 12),
('a131', '202302', 'ETP', 11),
('a131', '202302', 'KM', 674),
('a131', '202302', 'NUI', 18),
('a131', '202302', 'REP', 11),
('a131', '202303', 'ETP', 20),
('a131', '202303', 'KM', 791),
('a131', '202303', 'NUI', 2),
('a131', '202303', 'REP', 14),
('a17', '202101', 'ETP', 16),
('a17', '202101', 'KM', 647),
('a17', '202101', 'NUI', 15),
('a17', '202101', 'REP', 20),
('a17', '202102', 'ETP', 6),
('a17', '202102', 'KM', 750),
('a17', '202102', 'NUI', 17),
('a17', '202102', 'REP', 13),
('a17', '202103', 'ETP', 14),
('a17', '202103', 'KM', 444),
('a17', '202103', 'NUI', 7),
('a17', '202103', 'REP', 6),
('a17', '202104', 'ETP', 10),
('a17', '202104', 'KM', 633),
('a17', '202104', 'NUI', 20),
('a17', '202104', 'REP', 16),
('a17', '202105', 'ETP', 5),
('a17', '202105', 'KM', 932),
('a17', '202105', 'NUI', 10),
('a17', '202105', 'REP', 6),
('a17', '202106', 'ETP', 9),
('a17', '202106', 'KM', 419),
('a17', '202106', 'NUI', 19),
('a17', '202106', 'REP', 14),
('a17', '202107', 'ETP', 7),
('a17', '202107', 'KM', 978),
('a17', '202107', 'NUI', 3),
('a17', '202107', 'REP', 20),
('a17', '202108', 'ETP', 17),
('a17', '202108', 'KM', 614),
('a17', '202108', 'NUI', 7),
('a17', '202108', 'REP', 20),
('a17', '202109', 'ETP', 6),
('a17', '202109', 'KM', 391),
('a17', '202109', 'NUI', 12),
('a17', '202109', 'REP', 20),
('a17', '202110', 'ETP', 16),
('a17', '202110', 'KM', 505),
('a17', '202110', 'NUI', 17),
('a17', '202110', 'REP', 7),
('a17', '202111', 'ETP', 3),
('a17', '202111', 'KM', 811),
('a17', '202111', 'NUI', 17),
('a17', '202111', 'REP', 13),
('a17', '202112', 'ETP', 16),
('a17', '202112', 'KM', 724),
('a17', '202112', 'NUI', 7),
('a17', '202112', 'REP', 17),
('a17', '202201', 'ETP', 5),
('a17', '202201', 'KM', 926),
('a17', '202201', 'NUI', 18),
('a17', '202201', 'REP', 7),
('a17', '202202', 'ETP', 8),
('a17', '202202', 'KM', 370),
('a17', '202202', 'NUI', 13),
('a17', '202202', 'REP', 7),
('a17', '202203', 'ETP', 7),
('a17', '202203', 'KM', 748),
('a17', '202203', 'NUI', 10),
('a17', '202203', 'REP', 14),
('a17', '202204', 'ETP', 4),
('a17', '202204', 'KM', 726),
('a17', '202204', 'NUI', 4),
('a17', '202204', 'REP', 4),
('a17', '202205', 'ETP', 20),
('a17', '202205', 'KM', 876),
('a17', '202205', 'NUI', 14),
('a17', '202205', 'REP', 5),
('a17', '202206', 'ETP', 9),
('a17', '202206', 'KM', 956),
('a17', '202206', 'NUI', 16),
('a17', '202206', 'REP', 7),
('a17', '202207', 'ETP', 14),
('a17', '202207', 'KM', 435),
('a17', '202207', 'NUI', 10),
('a17', '202207', 'REP', 7),
('a17', '202208', 'ETP', 2),
('a17', '202208', 'KM', 437),
('a17', '202208', 'NUI', 2),
('a17', '202208', 'REP', 10),
('a17', '202209', 'ETP', 18),
('a17', '202209', 'KM', 336),
('a17', '202209', 'NUI', 3),
('a17', '202209', 'REP', 14),
('a17', '202210', 'ETP', 12),
('a17', '202210', 'KM', 549),
('a17', '202210', 'NUI', 11),
('a17', '202210', 'REP', 3),
('a17', '202211', 'ETP', 11),
('a17', '202211', 'KM', 534),
('a17', '202211', 'NUI', 8),
('a17', '202211', 'REP', 20),
('a17', '202212', 'ETP', 3),
('a17', '202212', 'KM', 817),
('a17', '202212', 'NUI', 13),
('a17', '202212', 'REP', 20),
('a17', '202301', 'ETP', 16),
('a17', '202301', 'KM', 337),
('a17', '202301', 'NUI', 20),
('a17', '202301', 'REP', 5),
('a17', '202302', 'ETP', 4),
('a17', '202302', 'KM', 748),
('a17', '202302', 'NUI', 16),
('a17', '202302', 'REP', 19),
('a17', '202303', 'ETP', 16),
('a17', '202303', 'KM', 777),
('a17', '202303', 'NUI', 5),
('a17', '202303', 'REP', 19),
('a55', '202101', 'ETP', 16),
('a55', '202101', 'KM', 919),
('a55', '202101', 'NUI', 2),
('a55', '202101', 'REP', 14),
('a55', '202102', 'ETP', 8),
('a55', '202102', 'KM', 300),
('a55', '202102', 'NUI', 9),
('a55', '202102', 'REP', 13),
('a55', '202103', 'ETP', 4),
('a55', '202103', 'KM', 857),
('a55', '202103', 'NUI', 2),
('a55', '202103', 'REP', 6),
('a55', '202104', 'ETP', 15),
('a55', '202104', 'KM', 365),
('a55', '202104', 'NUI', 20),
('a55', '202104', 'REP', 17),
('a55', '202105', 'ETP', 17),
('a55', '202105', 'KM', 786),
('a55', '202105', 'NUI', 5),
('a55', '202105', 'REP', 3),
('a55', '202106', 'ETP', 2),
('a55', '202106', 'KM', 909),
('a55', '202106', 'NUI', 11),
('a55', '202106', 'REP', 5),
('a55', '202107', 'ETP', 13),
('a55', '202107', 'KM', 408),
('a55', '202107', 'NUI', 2),
('a55', '202107', 'REP', 19),
('a55', '202108', 'ETP', 9),
('a55', '202108', 'KM', 551),
('a55', '202108', 'NUI', 11),
('a55', '202108', 'REP', 6),
('a55', '202109', 'ETP', 4),
('a55', '202109', 'KM', 472),
('a55', '202109', 'NUI', 10),
('a55', '202109', 'REP', 13),
('a55', '202110', 'ETP', 18),
('a55', '202110', 'KM', 685),
('a55', '202110', 'NUI', 13),
('a55', '202110', 'REP', 9),
('a55', '202111', 'ETP', 6),
('a55', '202111', 'KM', 575),
('a55', '202111', 'NUI', 8),
('a55', '202111', 'REP', 14),
('a55', '202112', 'ETP', 19),
('a55', '202112', 'KM', 551),
('a55', '202112', 'NUI', 3),
('a55', '202112', 'REP', 8),
('a55', '202201', 'ETP', 17),
('a55', '202201', 'KM', 972),
('a55', '202201', 'NUI', 3),
('a55', '202201', 'REP', 14),
('a55', '202202', 'ETP', 8),
('a55', '202202', 'KM', 454),
('a55', '202202', 'NUI', 20),
('a55', '202202', 'REP', 18),
('a55', '202203', 'ETP', 7),
('a55', '202203', 'KM', 547),
('a55', '202203', 'NUI', 14),
('a55', '202203', 'REP', 18),
('a55', '202204', 'ETP', 18),
('a55', '202204', 'KM', 345),
('a55', '202204', 'NUI', 11),
('a55', '202204', 'REP', 14),
('a55', '202205', 'ETP', 3),
('a55', '202205', 'KM', 961),
('a55', '202205', 'NUI', 4),
('a55', '202205', 'REP', 15),
('a55', '202206', 'ETP', 19),
('a55', '202206', 'KM', 394),
('a55', '202206', 'NUI', 11),
('a55', '202206', 'REP', 7),
('a55', '202207', 'ETP', 16),
('a55', '202207', 'KM', 608),
('a55', '202207', 'NUI', 19),
('a55', '202207', 'REP', 10),
('a55', '202208', 'ETP', 9),
('a55', '202208', 'KM', 641),
('a55', '202208', 'NUI', 13),
('a55', '202208', 'REP', 13),
('a55', '202209', 'ETP', 4),
('a55', '202209', 'KM', 367),
('a55', '202209', 'NUI', 6),
('a55', '202209', 'REP', 20),
('a55', '202210', 'ETP', 19),
('a55', '202210', 'KM', 865),
('a55', '202210', 'NUI', 13),
('a55', '202210', 'REP', 20),
('a55', '202211', 'ETP', 13),
('a55', '202211', 'KM', 986),
('a55', '202211', 'NUI', 10),
('a55', '202211', 'REP', 17),
('a55', '202212', 'ETP', 15),
('a55', '202212', 'KM', 721),
('a55', '202212', 'NUI', 19),
('a55', '202212', 'REP', 9),
('a55', '202301', 'ETP', 6),
('a55', '202301', 'KM', 342),
('a55', '202301', 'NUI', 19),
('a55', '202301', 'REP', 12),
('a55', '202302', 'ETP', 16),
('a55', '202302', 'KM', 469),
('a55', '202302', 'NUI', 6),
('a55', '202302', 'REP', 3),
('a55', '202303', 'ETP', 14),
('a55', '202303', 'KM', 714),
('a55', '202303', 'NUI', 4),
('a55', '202303', 'REP', 6),
('a93', '202101', 'ETP', 19),
('a93', '202101', 'KM', 665),
('a93', '202101', 'NUI', 8),
('a93', '202101', 'REP', 13),
('a93', '202102', 'ETP', 11),
('a93', '202102', 'KM', 606),
('a93', '202102', 'NUI', 19),
('a93', '202102', 'REP', 8),
('a93', '202103', 'ETP', 13),
('a93', '202103', 'KM', 738),
('a93', '202103', 'NUI', 19),
('a93', '202103', 'REP', 3),
('a93', '202104', 'ETP', 4),
('a93', '202104', 'KM', 767),
('a93', '202104', 'NUI', 3),
('a93', '202104', 'REP', 4),
('a93', '202105', 'ETP', 5),
('a93', '202105', 'KM', 595),
('a93', '202105', 'NUI', 6),
('a93', '202105', 'REP', 14),
('a93', '202106', 'ETP', 8),
('a93', '202106', 'KM', 489),
('a93', '202106', 'NUI', 3),
('a93', '202106', 'REP', 3),
('a93', '202107', 'ETP', 6),
('a93', '202107', 'KM', 302),
('a93', '202107', 'NUI', 14),
('a93', '202107', 'REP', 11),
('a93', '202108', 'ETP', 9),
('a93', '202108', 'KM', 485),
('a93', '202108', 'NUI', 12),
('a93', '202108', 'REP', 7),
('a93', '202109', 'ETP', 18),
('a93', '202109', 'KM', 539),
('a93', '202109', 'NUI', 17),
('a93', '202109', 'REP', 7),
('a93', '202110', 'ETP', 8),
('a93', '202110', 'KM', 467),
('a93', '202110', 'NUI', 13),
('a93', '202110', 'REP', 10),
('a93', '202111', 'ETP', 17),
('a93', '202111', 'KM', 633),
('a93', '202111', 'NUI', 5),
('a93', '202111', 'REP', 17),
('a93', '202112', 'ETP', 4),
('a93', '202112', 'KM', 467),
('a93', '202112', 'NUI', 4),
('a93', '202112', 'REP', 15),
('a93', '202201', 'ETP', 12),
('a93', '202201', 'KM', 805),
('a93', '202201', 'NUI', 18),
('a93', '202201', 'REP', 12),
('a93', '202202', 'ETP', 16),
('a93', '202202', 'KM', 468),
('a93', '202202', 'NUI', 8),
('a93', '202202', 'REP', 18),
('a93', '202203', 'ETP', 14),
('a93', '202203', 'KM', 355),
('a93', '202203', 'NUI', 12),
('a93', '202203', 'REP', 3),
('a93', '202204', 'ETP', 4),
('a93', '202204', 'KM', 660),
('a93', '202204', 'NUI', 8),
('a93', '202204', 'REP', 18),
('a93', '202205', 'ETP', 3),
('a93', '202205', 'KM', 893),
('a93', '202205', 'NUI', 19),
('a93', '202205', 'REP', 9),
('a93', '202206', 'ETP', 18),
('a93', '202206', 'KM', 300),
('a93', '202206', 'NUI', 15),
('a93', '202206', 'REP', 17),
('a93', '202207', 'ETP', 9),
('a93', '202207', 'KM', 450),
('a93', '202207', 'NUI', 19),
('a93', '202207', 'REP', 10),
('a93', '202208', 'ETP', 20),
('a93', '202208', 'KM', 390),
('a93', '202208', 'NUI', 9),
('a93', '202208', 'REP', 9),
('a93', '202209', 'ETP', 7),
('a93', '202209', 'KM', 813),
('a93', '202209', 'NUI', 4),
('a93', '202209', 'REP', 12),
('a93', '202210', 'ETP', 3),
('a93', '202210', 'KM', 379),
('a93', '202210', 'NUI', 18),
('a93', '202210', 'REP', 12),
('a93', '202211', 'ETP', 12),
('a93', '202211', 'KM', 965),
('a93', '202211', 'NUI', 20),
('a93', '202211', 'REP', 8),
('a93', '202212', 'ETP', 12),
('a93', '202212', 'KM', 738),
('a93', '202212', 'NUI', 20),
('a93', '202212', 'REP', 20),
('a93', '202301', 'ETP', 12),
('a93', '202301', 'KM', 987),
('a93', '202301', 'NUI', 16),
('a93', '202301', 'REP', 3),
('a93', '202302', 'ETP', 6),
('a93', '202302', 'KM', 723),
('a93', '202302', 'NUI', 17),
('a93', '202302', 'REP', 18),
('a93', '202303', 'ETP', 13),
('a93', '202303', 'KM', 935),
('a93', '202303', 'NUI', 12),
('a93', '202303', 'REP', 7),
('b13', '202101', 'ETP', 9),
('b13', '202101', 'KM', 982),
('b13', '202101', 'NUI', 12),
('b13', '202101', 'REP', 8),
('b13', '202102', 'ETP', 16),
('b13', '202102', 'KM', 901),
('b13', '202102', 'NUI', 14),
('b13', '202102', 'REP', 5),
('b13', '202103', 'ETP', 16),
('b13', '202103', 'KM', 977),
('b13', '202103', 'NUI', 8),
('b13', '202103', 'REP', 13),
('b13', '202104', 'ETP', 5),
('b13', '202104', 'KM', 543),
('b13', '202104', 'NUI', 12),
('b13', '202104', 'REP', 5),
('b13', '202105', 'ETP', 4),
('b13', '202105', 'KM', 503),
('b13', '202105', 'NUI', 16),
('b13', '202105', 'REP', 19),
('b13', '202106', 'ETP', 4),
('b13', '202106', 'KM', 928),
('b13', '202106', 'NUI', 2),
('b13', '202106', 'REP', 8),
('b13', '202107', 'ETP', 19),
('b13', '202107', 'KM', 617),
('b13', '202107', 'NUI', 14),
('b13', '202107', 'REP', 5),
('b13', '202108', 'ETP', 12),
('b13', '202108', 'KM', 803),
('b13', '202108', 'NUI', 19),
('b13', '202108', 'REP', 8),
('b13', '202109', 'ETP', 4),
('b13', '202109', 'KM', 624),
('b13', '202109', 'NUI', 19),
('b13', '202109', 'REP', 11),
('b13', '202110', 'ETP', 19),
('b13', '202110', 'KM', 729),
('b13', '202110', 'NUI', 17),
('b13', '202110', 'REP', 4),
('b13', '202111', 'ETP', 3),
('b13', '202111', 'KM', 427),
('b13', '202111', 'NUI', 3),
('b13', '202111', 'REP', 6),
('b13', '202112', 'ETP', 5),
('b13', '202112', 'KM', 763),
('b13', '202112', 'NUI', 19),
('b13', '202112', 'REP', 18),
('b13', '202201', 'ETP', 6),
('b13', '202201', 'KM', 359),
('b13', '202201', 'NUI', 15),
('b13', '202201', 'REP', 12),
('b13', '202202', 'ETP', 15),
('b13', '202202', 'KM', 510),
('b13', '202202', 'NUI', 11),
('b13', '202202', 'REP', 2),
('b13', '202203', 'ETP', 7),
('b13', '202203', 'KM', 420),
('b13', '202203', 'NUI', 2),
('b13', '202203', 'REP', 20),
('b13', '202204', 'ETP', 3),
('b13', '202204', 'KM', 399),
('b13', '202204', 'NUI', 11),
('b13', '202204', 'REP', 13),
('b13', '202205', 'ETP', 2),
('b13', '202205', 'KM', 771),
('b13', '202205', 'NUI', 14),
('b13', '202205', 'REP', 15),
('b13', '202206', 'ETP', 4),
('b13', '202206', 'KM', 904),
('b13', '202206', 'NUI', 18),
('b13', '202206', 'REP', 16),
('b13', '202207', 'ETP', 10),
('b13', '202207', 'KM', 497),
('b13', '202207', 'NUI', 16),
('b13', '202207', 'REP', 15),
('b13', '202208', 'ETP', 14),
('b13', '202208', 'KM', 708),
('b13', '202208', 'NUI', 15),
('b13', '202208', 'REP', 17),
('b13', '202209', 'ETP', 2),
('b13', '202209', 'KM', 875),
('b13', '202209', 'NUI', 13),
('b13', '202209', 'REP', 10),
('b13', '202210', 'ETP', 4),
('b13', '202210', 'KM', 833),
('b13', '202210', 'NUI', 7),
('b13', '202210', 'REP', 17),
('b13', '202211', 'ETP', 8),
('b13', '202211', 'KM', 413),
('b13', '202211', 'NUI', 3),
('b13', '202211', 'REP', 3),
('b13', '202212', 'ETP', 7),
('b13', '202212', 'KM', 508),
('b13', '202212', 'NUI', 8),
('b13', '202212', 'REP', 13),
('b13', '202301', 'ETP', 19),
('b13', '202301', 'KM', 935),
('b13', '202301', 'NUI', 4),
('b13', '202301', 'REP', 5),
('b13', '202302', 'ETP', 8),
('b13', '202302', 'KM', 339),
('b13', '202302', 'NUI', 3),
('b13', '202302', 'REP', 7),
('b13', '202303', 'ETP', 19),
('b13', '202303', 'KM', 381),
('b13', '202303', 'NUI', 6),
('b13', '202303', 'REP', 12),
('b16', '202101', 'ETP', 17),
('b16', '202101', 'KM', 745),
('b16', '202101', 'NUI', 11),
('b16', '202101', 'REP', 13),
('b16', '202102', 'ETP', 3),
('b16', '202102', 'KM', 345),
('b16', '202102', 'NUI', 14),
('b16', '202102', 'REP', 6),
('b16', '202103', 'ETP', 9),
('b16', '202103', 'KM', 449),
('b16', '202103', 'NUI', 12),
('b16', '202103', 'REP', 19),
('b16', '202104', 'ETP', 6),
('b16', '202104', 'KM', 771),
('b16', '202104', 'NUI', 10),
('b16', '202104', 'REP', 6),
('b16', '202105', 'ETP', 16),
('b16', '202105', 'KM', 309),
('b16', '202105', 'NUI', 10),
('b16', '202105', 'REP', 8),
('b16', '202106', 'ETP', 8),
('b16', '202106', 'KM', 847),
('b16', '202106', 'NUI', 3),
('b16', '202106', 'REP', 9),
('b16', '202107', 'ETP', 16),
('b16', '202107', 'KM', 803),
('b16', '202107', 'NUI', 8),
('b16', '202107', 'REP', 9),
('b16', '202108', 'ETP', 17),
('b16', '202108', 'KM', 317),
('b16', '202108', 'NUI', 17),
('b16', '202108', 'REP', 15),
('b16', '202109', 'ETP', 5),
('b16', '202109', 'KM', 702),
('b16', '202109', 'NUI', 4),
('b16', '202109', 'REP', 12),
('b16', '202110', 'ETP', 14),
('b16', '202110', 'KM', 366),
('b16', '202110', 'NUI', 5),
('b16', '202110', 'REP', 13),
('b16', '202111', 'ETP', 5),
('b16', '202111', 'KM', 678),
('b16', '202111', 'NUI', 18),
('b16', '202111', 'REP', 12),
('b16', '202112', 'ETP', 15),
('b16', '202112', 'KM', 748),
('b16', '202112', 'NUI', 10),
('b16', '202112', 'REP', 2),
('b16', '202201', 'ETP', 11),
('b16', '202201', 'KM', 744),
('b16', '202201', 'NUI', 15),
('b16', '202201', 'REP', 9),
('b16', '202202', 'ETP', 9),
('b16', '202202', 'KM', 824),
('b16', '202202', 'NUI', 19),
('b16', '202202', 'REP', 8),
('b16', '202203', 'ETP', 9),
('b16', '202203', 'KM', 541),
('b16', '202203', 'NUI', 2),
('b16', '202203', 'REP', 12),
('b16', '202204', 'ETP', 15),
('b16', '202204', 'KM', 705),
('b16', '202204', 'NUI', 4),
('b16', '202204', 'REP', 19),
('b16', '202205', 'ETP', 12),
('b16', '202205', 'KM', 729),
('b16', '202205', 'NUI', 15),
('b16', '202205', 'REP', 14),
('b16', '202206', 'ETP', 17),
('b16', '202206', 'KM', 492),
('b16', '202206', 'NUI', 5),
('b16', '202206', 'REP', 7),
('b16', '202207', 'ETP', 12),
('b16', '202207', 'KM', 592),
('b16', '202207', 'NUI', 19),
('b16', '202207', 'REP', 7),
('b16', '202208', 'ETP', 12),
('b16', '202208', 'KM', 867),
('b16', '202208', 'NUI', 17),
('b16', '202208', 'REP', 15),
('b16', '202209', 'ETP', 18),
('b16', '202209', 'KM', 402),
('b16', '202209', 'NUI', 18),
('b16', '202209', 'REP', 8),
('b16', '202210', 'ETP', 5),
('b16', '202210', 'KM', 475),
('b16', '202210', 'NUI', 20),
('b16', '202210', 'REP', 15),
('b16', '202211', 'ETP', 18),
('b16', '202211', 'KM', 803),
('b16', '202211', 'NUI', 2),
('b16', '202211', 'REP', 11),
('b16', '202212', 'ETP', 20),
('b16', '202212', 'KM', 601),
('b16', '202212', 'NUI', 12),
('b16', '202212', 'REP', 7),
('b16', '202301', 'ETP', 20),
('b16', '202301', 'KM', 903),
('b16', '202301', 'NUI', 14),
('b16', '202301', 'REP', 13),
('b16', '202302', 'ETP', 14),
('b16', '202302', 'KM', 363),
('b16', '202302', 'NUI', 14),
('b16', '202302', 'REP', 3),
('b16', '202303', 'ETP', 13),
('b16', '202303', 'KM', 932),
('b16', '202303', 'NUI', 10),
('b16', '202303', 'REP', 9),
('b19', '202101', 'ETP', 5),
('b19', '202101', 'KM', 689),
('b19', '202101', 'NUI', 16),
('b19', '202101', 'REP', 16),
('b19', '202102', 'ETP', 4),
('b19', '202102', 'KM', 962),
('b19', '202102', 'NUI', 20),
('b19', '202102', 'REP', 6),
('b19', '202103', 'ETP', 19),
('b19', '202103', 'KM', 653),
('b19', '202103', 'NUI', 7),
('b19', '202103', 'REP', 3),
('b19', '202104', 'ETP', 3),
('b19', '202104', 'KM', 907),
('b19', '202104', 'NUI', 15),
('b19', '202104', 'REP', 11),
('b19', '202105', 'ETP', 6),
('b19', '202105', 'KM', 485),
('b19', '202105', 'NUI', 6),
('b19', '202105', 'REP', 8),
('b19', '202106', 'ETP', 7),
('b19', '202106', 'KM', 801),
('b19', '202106', 'NUI', 12),
('b19', '202106', 'REP', 12),
('b19', '202107', 'ETP', 12),
('b19', '202107', 'KM', 416),
('b19', '202107', 'NUI', 18),
('b19', '202107', 'REP', 2),
('b19', '202108', 'ETP', 14),
('b19', '202108', 'KM', 712),
('b19', '202108', 'NUI', 9),
('b19', '202108', 'REP', 5),
('b19', '202109', 'ETP', 11),
('b19', '202109', 'KM', 873),
('b19', '202109', 'NUI', 5),
('b19', '202109', 'REP', 17),
('b19', '202110', 'ETP', 11),
('b19', '202110', 'KM', 531),
('b19', '202110', 'NUI', 9),
('b19', '202110', 'REP', 16),
('b19', '202111', 'ETP', 9),
('b19', '202111', 'KM', 302),
('b19', '202111', 'NUI', 12),
('b19', '202111', 'REP', 19),
('b19', '202112', 'ETP', 10),
('b19', '202112', 'KM', 824),
('b19', '202112', 'NUI', 17),
('b19', '202112', 'REP', 20),
('b19', '202201', 'ETP', 19),
('b19', '202201', 'KM', 595),
('b19', '202201', 'NUI', 17),
('b19', '202201', 'REP', 20),
('b19', '202202', 'ETP', 3),
('b19', '202202', 'KM', 942),
('b19', '202202', 'NUI', 13),
('b19', '202202', 'REP', 4),
('b19', '202203', 'ETP', 14),
('b19', '202203', 'KM', 743),
('b19', '202203', 'NUI', 10),
('b19', '202203', 'REP', 7),
('b19', '202204', 'ETP', 9),
('b19', '202204', 'KM', 953),
('b19', '202204', 'NUI', 13),
('b19', '202204', 'REP', 19),
('b19', '202205', 'ETP', 2),
('b19', '202205', 'KM', 809),
('b19', '202205', 'NUI', 7),
('b19', '202205', 'REP', 16),
('b19', '202206', 'ETP', 16),
('b19', '202206', 'KM', 528),
('b19', '202206', 'NUI', 11),
('b19', '202206', 'REP', 13),
('b19', '202207', 'ETP', 5),
('b19', '202207', 'KM', 952),
('b19', '202207', 'NUI', 10),
('b19', '202207', 'REP', 11),
('b19', '202208', 'ETP', 4),
('b19', '202208', 'KM', 664),
('b19', '202208', 'NUI', 17),
('b19', '202208', 'REP', 16),
('b19', '202209', 'ETP', 11),
('b19', '202209', 'KM', 780),
('b19', '202209', 'NUI', 4),
('b19', '202209', 'REP', 4),
('b19', '202210', 'ETP', 17),
('b19', '202210', 'KM', 439),
('b19', '202210', 'NUI', 2),
('b19', '202210', 'REP', 19),
('b19', '202211', 'ETP', 4),
('b19', '202211', 'KM', 957),
('b19', '202211', 'NUI', 17),
('b19', '202211', 'REP', 6),
('b19', '202212', 'ETP', 5),
('b19', '202212', 'KM', 859),
('b19', '202212', 'NUI', 9),
('b19', '202212', 'REP', 15),
('b19', '202301', 'ETP', 17),
('b19', '202301', 'KM', 756),
('b19', '202301', 'NUI', 18),
('b19', '202301', 'REP', 7),
('b19', '202302', 'ETP', 6),
('b19', '202302', 'KM', 991),
('b19', '202302', 'NUI', 19),
('b19', '202302', 'REP', 17),
('b19', '202303', 'ETP', 3),
('b19', '202303', 'KM', 938),
('b19', '202303', 'NUI', 15),
('b19', '202303', 'REP', 14),
('b25', '202101', 'ETP', 2),
('b25', '202101', 'KM', 569),
('b25', '202101', 'NUI', 10),
('b25', '202101', 'REP', 9),
('b25', '202102', 'ETP', 17),
('b25', '202102', 'KM', 916),
('b25', '202102', 'NUI', 4),
('b25', '202102', 'REP', 4),
('b25', '202103', 'ETP', 4),
('b25', '202103', 'KM', 397),
('b25', '202103', 'NUI', 16),
('b25', '202103', 'REP', 14),
('b25', '202104', 'ETP', 18),
('b25', '202104', 'KM', 406),
('b25', '202104', 'NUI', 8),
('b25', '202104', 'REP', 20),
('b25', '202105', 'ETP', 15),
('b25', '202105', 'KM', 601),
('b25', '202105', 'NUI', 6),
('b25', '202105', 'REP', 6),
('b25', '202106', 'ETP', 4),
('b25', '202106', 'KM', 775),
('b25', '202106', 'NUI', 11),
('b25', '202106', 'REP', 4),
('b25', '202107', 'ETP', 19),
('b25', '202107', 'KM', 921),
('b25', '202107', 'NUI', 11),
('b25', '202107', 'REP', 7),
('b25', '202108', 'ETP', 19),
('b25', '202108', 'KM', 970),
('b25', '202108', 'NUI', 18),
('b25', '202108', 'REP', 13),
('b25', '202109', 'ETP', 13),
('b25', '202109', 'KM', 547),
('b25', '202109', 'NUI', 14),
('b25', '202109', 'REP', 12),
('b25', '202110', 'ETP', 6),
('b25', '202110', 'KM', 867),
('b25', '202110', 'NUI', 5),
('b25', '202110', 'REP', 3),
('b25', '202111', 'ETP', 2),
('b25', '202111', 'KM', 469),
('b25', '202111', 'NUI', 17),
('b25', '202111', 'REP', 16),
('b25', '202112', 'ETP', 6),
('b25', '202112', 'KM', 894),
('b25', '202112', 'NUI', 20),
('b25', '202112', 'REP', 5),
('b25', '202201', 'ETP', 17),
('b25', '202201', 'KM', 856),
('b25', '202201', 'NUI', 5),
('b25', '202201', 'REP', 18),
('b25', '202202', 'ETP', 17),
('b25', '202202', 'KM', 406),
('b25', '202202', 'NUI', 18),
('b25', '202202', 'REP', 15),
('b25', '202203', 'ETP', 10),
('b25', '202203', 'KM', 338),
('b25', '202203', 'NUI', 8),
('b25', '202203', 'REP', 12),
('b25', '202204', 'ETP', 20),
('b25', '202204', 'KM', 671),
('b25', '202204', 'NUI', 7),
('b25', '202204', 'REP', 3),
('b25', '202205', 'ETP', 8),
('b25', '202205', 'KM', 946),
('b25', '202205', 'NUI', 4),
('b25', '202205', 'REP', 20),
('b25', '202206', 'ETP', 9),
('b25', '202206', 'KM', 898),
('b25', '202206', 'NUI', 2),
('b25', '202206', 'REP', 20),
('b25', '202207', 'ETP', 11),
('b25', '202207', 'KM', 344),
('b25', '202207', 'NUI', 3),
('b25', '202207', 'REP', 9),
('b25', '202208', 'ETP', 6),
('b25', '202208', 'KM', 743),
('b25', '202208', 'NUI', 11),
('b25', '202208', 'REP', 17),
('b25', '202209', 'ETP', 2),
('b25', '202209', 'KM', 747),
('b25', '202209', 'NUI', 10),
('b25', '202209', 'REP', 9),
('b25', '202210', 'ETP', 6),
('b25', '202210', 'KM', 875),
('b25', '202210', 'NUI', 11),
('b25', '202210', 'REP', 4),
('b25', '202211', 'ETP', 20),
('b25', '202211', 'KM', 753),
('b25', '202211', 'NUI', 15),
('b25', '202211', 'REP', 15),
('b25', '202212', 'ETP', 10),
('b25', '202212', 'KM', 471),
('b25', '202212', 'NUI', 3),
('b25', '202212', 'REP', 14),
('b25', '202301', 'ETP', 18),
('b25', '202301', 'KM', 451),
('b25', '202301', 'NUI', 18),
('b25', '202301', 'REP', 15),
('b25', '202302', 'ETP', 14),
('b25', '202302', 'KM', 484),
('b25', '202302', 'NUI', 8),
('b25', '202302', 'REP', 15),
('b25', '202303', 'ETP', 18),
('b25', '202303', 'KM', 350),
('b25', '202303', 'NUI', 20),
('b25', '202303', 'REP', 13),
('b28', '202101', 'ETP', 6),
('b28', '202101', 'KM', 891),
('b28', '202101', 'NUI', 19),
('b28', '202101', 'REP', 19),
('b28', '202102', 'ETP', 15),
('b28', '202102', 'KM', 347),
('b28', '202102', 'NUI', 17),
('b28', '202102', 'REP', 12),
('b28', '202103', 'ETP', 10),
('b28', '202103', 'KM', 783),
('b28', '202103', 'NUI', 4),
('b28', '202103', 'REP', 8),
('b28', '202104', 'ETP', 11),
('b28', '202104', 'KM', 819),
('b28', '202104', 'NUI', 8),
('b28', '202104', 'REP', 16),
('b28', '202105', 'ETP', 3),
('b28', '202105', 'KM', 900),
('b28', '202105', 'NUI', 19),
('b28', '202105', 'REP', 12),
('b28', '202106', 'ETP', 14),
('b28', '202106', 'KM', 382),
('b28', '202106', 'NUI', 5),
('b28', '202106', 'REP', 6),
('b28', '202107', 'ETP', 18),
('b28', '202107', 'KM', 373),
('b28', '202107', 'NUI', 10),
('b28', '202107', 'REP', 9),
('b28', '202108', 'ETP', 13),
('b28', '202108', 'KM', 684),
('b28', '202108', 'NUI', 5),
('b28', '202108', 'REP', 11),
('b28', '202109', 'ETP', 7),
('b28', '202109', 'KM', 674),
('b28', '202109', 'NUI', 14),
('b28', '202109', 'REP', 7),
('b28', '202110', 'ETP', 10),
('b28', '202110', 'KM', 947),
('b28', '202110', 'NUI', 11),
('b28', '202110', 'REP', 6),
('b28', '202111', 'ETP', 8),
('b28', '202111', 'KM', 437),
('b28', '202111', 'NUI', 7),
('b28', '202111', 'REP', 13),
('b28', '202112', 'ETP', 13),
('b28', '202112', 'KM', 801),
('b28', '202112', 'NUI', 13),
('b28', '202112', 'REP', 17),
('b28', '202201', 'ETP', 14),
('b28', '202201', 'KM', 664),
('b28', '202201', 'NUI', 3),
('b28', '202201', 'REP', 11),
('b28', '202202', 'ETP', 5),
('b28', '202202', 'KM', 344),
('b28', '202202', 'NUI', 5),
('b28', '202202', 'REP', 18),
('b28', '202203', 'ETP', 15),
('b28', '202203', 'KM', 875),
('b28', '202203', 'NUI', 14),
('b28', '202203', 'REP', 6),
('b28', '202204', 'ETP', 5),
('b28', '202204', 'KM', 756),
('b28', '202204', 'NUI', 18),
('b28', '202204', 'REP', 10),
('b28', '202205', 'ETP', 8),
('b28', '202205', 'KM', 1000),
('b28', '202205', 'NUI', 12),
('b28', '202205', 'REP', 2),
('b28', '202206', 'ETP', 2),
('b28', '202206', 'KM', 673),
('b28', '202206', 'NUI', 6),
('b28', '202206', 'REP', 13),
('b28', '202207', 'ETP', 4),
('b28', '202207', 'KM', 983),
('b28', '202207', 'NUI', 13),
('b28', '202207', 'REP', 2),
('b28', '202208', 'ETP', 4),
('b28', '202208', 'KM', 671),
('b28', '202208', 'NUI', 4),
('b28', '202208', 'REP', 13),
('b28', '202209', 'ETP', 16),
('b28', '202209', 'KM', 509),
('b28', '202209', 'NUI', 11),
('b28', '202209', 'REP', 5),
('b28', '202210', 'ETP', 6),
('b28', '202210', 'KM', 768),
('b28', '202210', 'NUI', 17),
('b28', '202210', 'REP', 17),
('b28', '202211', 'ETP', 8),
('b28', '202211', 'KM', 957),
('b28', '202211', 'NUI', 20),
('b28', '202211', 'REP', 2),
('b28', '202212', 'ETP', 13),
('b28', '202212', 'KM', 825),
('b28', '202212', 'NUI', 7),
('b28', '202212', 'REP', 11),
('b28', '202301', 'ETP', 5),
('b28', '202301', 'KM', 620),
('b28', '202301', 'NUI', 5),
('b28', '202301', 'REP', 6),
('b28', '202302', 'ETP', 15),
('b28', '202302', 'KM', 836),
('b28', '202302', 'NUI', 2),
('b28', '202302', 'REP', 15),
('b28', '202303', 'ETP', 13),
('b28', '202303', 'KM', 683),
('b28', '202303', 'NUI', 10),
('b28', '202303', 'REP', 10),
('b34', '202101', 'ETP', 10),
('b34', '202101', 'KM', 828),
('b34', '202101', 'NUI', 13),
('b34', '202101', 'REP', 9),
('b34', '202102', 'ETP', 14),
('b34', '202102', 'KM', 640),
('b34', '202102', 'NUI', 2),
('b34', '202102', 'REP', 3),
('b34', '202103', 'ETP', 18),
('b34', '202103', 'KM', 723),
('b34', '202103', 'NUI', 10),
('b34', '202103', 'REP', 17),
('b34', '202104', 'ETP', 8),
('b34', '202104', 'KM', 867),
('b34', '202104', 'NUI', 20),
('b34', '202104', 'REP', 6),
('b34', '202105', 'ETP', 9),
('b34', '202105', 'KM', 844),
('b34', '202105', 'NUI', 8),
('b34', '202105', 'REP', 5),
('b34', '202106', 'ETP', 5),
('b34', '202106', 'KM', 337),
('b34', '202106', 'NUI', 9),
('b34', '202106', 'REP', 2),
('b34', '202107', 'ETP', 13),
('b34', '202107', 'KM', 518),
('b34', '202107', 'NUI', 7),
('b34', '202107', 'REP', 16),
('b34', '202108', 'ETP', 6),
('b34', '202108', 'KM', 658),
('b34', '202108', 'NUI', 19),
('b34', '202108', 'REP', 8),
('b34', '202109', 'ETP', 7),
('b34', '202109', 'KM', 988),
('b34', '202109', 'NUI', 13),
('b34', '202109', 'REP', 12),
('b34', '202110', 'ETP', 3),
('b34', '202110', 'KM', 829),
('b34', '202110', 'NUI', 6),
('b34', '202110', 'REP', 17),
('b34', '202111', 'ETP', 13),
('b34', '202111', 'KM', 614),
('b34', '202111', 'NUI', 19),
('b34', '202111', 'REP', 10),
('b34', '202112', 'ETP', 20),
('b34', '202112', 'KM', 681),
('b34', '202112', 'NUI', 17),
('b34', '202112', 'REP', 10),
('b34', '202201', 'ETP', 9),
('b34', '202201', 'KM', 342),
('b34', '202201', 'NUI', 13),
('b34', '202201', 'REP', 7),
('b34', '202202', 'ETP', 10),
('b34', '202202', 'KM', 373),
('b34', '202202', 'NUI', 5),
('b34', '202202', 'REP', 15),
('b34', '202203', 'ETP', 9),
('b34', '202203', 'KM', 610),
('b34', '202203', 'NUI', 4),
('b34', '202203', 'REP', 20),
('b34', '202204', 'ETP', 6),
('b34', '202204', 'KM', 477),
('b34', '202204', 'NUI', 2),
('b34', '202204', 'REP', 17),
('b34', '202205', 'ETP', 10),
('b34', '202205', 'KM', 816),
('b34', '202205', 'NUI', 19),
('b34', '202205', 'REP', 18),
('b34', '202206', 'ETP', 2),
('b34', '202206', 'KM', 646),
('b34', '202206', 'NUI', 4),
('b34', '202206', 'REP', 11),
('b34', '202207', 'ETP', 4),
('b34', '202207', 'KM', 645),
('b34', '202207', 'NUI', 19),
('b34', '202207', 'REP', 20),
('b34', '202208', 'ETP', 15),
('b34', '202208', 'KM', 760),
('b34', '202208', 'NUI', 10),
('b34', '202208', 'REP', 16),
('b34', '202209', 'ETP', 11),
('b34', '202209', 'KM', 454),
('b34', '202209', 'NUI', 20),
('b34', '202209', 'REP', 5),
('b34', '202210', 'ETP', 15),
('b34', '202210', 'KM', 794),
('b34', '202210', 'NUI', 17),
('b34', '202210', 'REP', 16),
('b34', '202211', 'ETP', 19),
('b34', '202211', 'KM', 810),
('b34', '202211', 'NUI', 2),
('b34', '202211', 'REP', 8),
('b34', '202212', 'ETP', 4),
('b34', '202212', 'KM', 396),
('b34', '202212', 'NUI', 12),
('b34', '202212', 'REP', 2),
('b34', '202301', 'ETP', 10),
('b34', '202301', 'KM', 423),
('b34', '202301', 'NUI', 11),
('b34', '202301', 'REP', 14),
('b34', '202302', 'ETP', 16),
('b34', '202302', 'KM', 685),
('b34', '202302', 'NUI', 20),
('b34', '202302', 'REP', 19),
('b34', '202303', 'ETP', 13),
('b34', '202303', 'KM', 564),
('b34', '202303', 'NUI', 17),
('b34', '202303', 'REP', 17),
('b4', '202101', 'ETP', 8),
('b4', '202101', 'KM', 405),
('b4', '202101', 'NUI', 14),
('b4', '202101', 'REP', 14),
('b4', '202102', 'ETP', 6),
('b4', '202102', 'KM', 376),
('b4', '202102', 'NUI', 4),
('b4', '202102', 'REP', 4),
('b4', '202103', 'ETP', 11),
('b4', '202103', 'KM', 855),
('b4', '202103', 'NUI', 2),
('b4', '202103', 'REP', 14),
('b4', '202104', 'ETP', 10),
('b4', '202104', 'KM', 536),
('b4', '202104', 'NUI', 4),
('b4', '202104', 'REP', 10),
('b4', '202105', 'ETP', 8),
('b4', '202105', 'KM', 616),
('b4', '202105', 'NUI', 9),
('b4', '202105', 'REP', 12),
('b4', '202106', 'ETP', 3),
('b4', '202106', 'KM', 540),
('b4', '202106', 'NUI', 19),
('b4', '202106', 'REP', 9),
('b4', '202107', 'ETP', 11),
('b4', '202107', 'KM', 740),
('b4', '202107', 'NUI', 18),
('b4', '202107', 'REP', 7),
('b4', '202108', 'ETP', 19),
('b4', '202108', 'KM', 441),
('b4', '202108', 'NUI', 19),
('b4', '202108', 'REP', 8),
('b4', '202109', 'ETP', 19),
('b4', '202109', 'KM', 826),
('b4', '202109', 'NUI', 11),
('b4', '202109', 'REP', 10),
('b4', '202110', 'ETP', 15),
('b4', '202110', 'KM', 425),
('b4', '202110', 'NUI', 5),
('b4', '202110', 'REP', 20),
('b4', '202111', 'ETP', 12),
('b4', '202111', 'KM', 309),
('b4', '202111', 'NUI', 17),
('b4', '202111', 'REP', 12),
('b4', '202112', 'ETP', 2),
('b4', '202112', 'KM', 937),
('b4', '202112', 'NUI', 6),
('b4', '202112', 'REP', 20),
('b4', '202201', 'ETP', 20),
('b4', '202201', 'KM', 499),
('b4', '202201', 'NUI', 10),
('b4', '202201', 'REP', 4),
('b4', '202202', 'ETP', 15),
('b4', '202202', 'KM', 603),
('b4', '202202', 'NUI', 7),
('b4', '202202', 'REP', 6),
('b4', '202203', 'ETP', 7),
('b4', '202203', 'KM', 904),
('b4', '202203', 'NUI', 7),
('b4', '202203', 'REP', 3),
('b4', '202204', 'ETP', 18),
('b4', '202204', 'KM', 598),
('b4', '202204', 'NUI', 2),
('b4', '202204', 'REP', 6),
('b4', '202205', 'ETP', 10),
('b4', '202205', 'KM', 774),
('b4', '202205', 'NUI', 15),
('b4', '202205', 'REP', 16),
('b4', '202206', 'ETP', 13),
('b4', '202206', 'KM', 331),
('b4', '202206', 'NUI', 17),
('b4', '202206', 'REP', 10),
('b4', '202207', 'ETP', 20),
('b4', '202207', 'KM', 621),
('b4', '202207', 'NUI', 17),
('b4', '202207', 'REP', 12),
('b4', '202208', 'ETP', 2),
('b4', '202208', 'KM', 453),
('b4', '202208', 'NUI', 20),
('b4', '202208', 'REP', 15),
('b4', '202209', 'ETP', 6),
('b4', '202209', 'KM', 668),
('b4', '202209', 'NUI', 19),
('b4', '202209', 'REP', 8),
('b4', '202210', 'ETP', 12),
('b4', '202210', 'KM', 979),
('b4', '202210', 'NUI', 2),
('b4', '202210', 'REP', 13),
('b4', '202211', 'ETP', 11),
('b4', '202211', 'KM', 989),
('b4', '202211', 'NUI', 11),
('b4', '202211', 'REP', 20),
('b4', '202212', 'ETP', 16),
('b4', '202212', 'KM', 935),
('b4', '202212', 'NUI', 5),
('b4', '202212', 'REP', 16),
('b4', '202301', 'ETP', 20),
('b4', '202301', 'KM', 846),
('b4', '202301', 'NUI', 17),
('b4', '202301', 'REP', 3),
('b4', '202302', 'ETP', 8),
('b4', '202302', 'KM', 328),
('b4', '202302', 'NUI', 19),
('b4', '202302', 'REP', 8),
('b4', '202303', 'ETP', 20),
('b4', '202303', 'KM', 589),
('b4', '202303', 'NUI', 7),
('b4', '202303', 'REP', 17),
('b50', '202101', 'ETP', 20),
('b50', '202101', 'KM', 492),
('b50', '202101', 'NUI', 12),
('b50', '202101', 'REP', 19),
('b50', '202102', 'ETP', 20),
('b50', '202102', 'KM', 712),
('b50', '202102', 'NUI', 11),
('b50', '202102', 'REP', 11),
('b50', '202103', 'ETP', 3),
('b50', '202103', 'KM', 886),
('b50', '202103', 'NUI', 11),
('b50', '202103', 'REP', 6),
('b50', '202104', 'ETP', 2),
('b50', '202104', 'KM', 566),
('b50', '202104', 'NUI', 2),
('b50', '202104', 'REP', 7),
('b50', '202105', 'ETP', 3),
('b50', '202105', 'KM', 685),
('b50', '202105', 'NUI', 15),
('b50', '202105', 'REP', 12),
('b50', '202106', 'ETP', 18),
('b50', '202106', 'KM', 562),
('b50', '202106', 'NUI', 8),
('b50', '202106', 'REP', 11),
('b50', '202107', 'ETP', 7),
('b50', '202107', 'KM', 940),
('b50', '202107', 'NUI', 13),
('b50', '202107', 'REP', 2),
('b50', '202108', 'ETP', 18),
('b50', '202108', 'KM', 824),
('b50', '202108', 'NUI', 15),
('b50', '202108', 'REP', 11),
('b50', '202109', 'ETP', 2),
('b50', '202109', 'KM', 818),
('b50', '202109', 'NUI', 20),
('b50', '202109', 'REP', 18),
('b50', '202110', 'ETP', 10),
('b50', '202110', 'KM', 377),
('b50', '202110', 'NUI', 16),
('b50', '202110', 'REP', 16),
('b50', '202111', 'ETP', 5),
('b50', '202111', 'KM', 685),
('b50', '202111', 'NUI', 8),
('b50', '202111', 'REP', 17),
('b50', '202112', 'ETP', 2),
('b50', '202112', 'KM', 384),
('b50', '202112', 'NUI', 2),
('b50', '202112', 'REP', 16),
('b50', '202201', 'ETP', 14),
('b50', '202201', 'KM', 891),
('b50', '202201', 'NUI', 5),
('b50', '202201', 'REP', 11),
('b50', '202202', 'ETP', 14),
('b50', '202202', 'KM', 684),
('b50', '202202', 'NUI', 9),
('b50', '202202', 'REP', 6),
('b50', '202203', 'ETP', 4),
('b50', '202203', 'KM', 892),
('b50', '202203', 'NUI', 2),
('b50', '202203', 'REP', 13),
('b50', '202204', 'ETP', 15),
('b50', '202204', 'KM', 796),
('b50', '202204', 'NUI', 17),
('b50', '202204', 'REP', 19),
('b50', '202205', 'ETP', 10),
('b50', '202205', 'KM', 614),
('b50', '202205', 'NUI', 8),
('b50', '202205', 'REP', 17),
('b50', '202206', 'ETP', 8),
('b50', '202206', 'KM', 306),
('b50', '202206', 'NUI', 7),
('b50', '202206', 'REP', 18),
('b50', '202207', 'ETP', 14),
('b50', '202207', 'KM', 814),
('b50', '202207', 'NUI', 14),
('b50', '202207', 'REP', 18),
('b50', '202208', 'ETP', 14),
('b50', '202208', 'KM', 949),
('b50', '202208', 'NUI', 19),
('b50', '202208', 'REP', 17),
('b50', '202209', 'ETP', 10),
('b50', '202209', 'KM', 649),
('b50', '202209', 'NUI', 19),
('b50', '202209', 'REP', 17),
('b50', '202210', 'ETP', 14),
('b50', '202210', 'KM', 822),
('b50', '202210', 'NUI', 17),
('b50', '202210', 'REP', 2),
('b50', '202211', 'ETP', 5),
('b50', '202211', 'KM', 465),
('b50', '202211', 'NUI', 11),
('b50', '202211', 'REP', 8),
('b50', '202212', 'ETP', 13),
('b50', '202212', 'KM', 309),
('b50', '202212', 'NUI', 19),
('b50', '202212', 'REP', 2),
('b50', '202301', 'ETP', 4),
('b50', '202301', 'KM', 881),
('b50', '202301', 'NUI', 13),
('b50', '202301', 'REP', 12),
('b50', '202302', 'ETP', 18),
('b50', '202302', 'KM', 448),
('b50', '202302', 'NUI', 2),
('b50', '202302', 'REP', 14),
('b50', '202303', 'ETP', 20),
('b50', '202303', 'KM', 914),
('b50', '202303', 'NUI', 14),
('b50', '202303', 'REP', 3),
('b59', '202101', 'ETP', 4),
('b59', '202101', 'KM', 740),
('b59', '202101', 'NUI', 11),
('b59', '202101', 'REP', 12),
('b59', '202102', 'ETP', 7),
('b59', '202102', 'KM', 569),
('b59', '202102', 'NUI', 7),
('b59', '202102', 'REP', 19),
('b59', '202103', 'ETP', 3),
('b59', '202103', 'KM', 756),
('b59', '202103', 'NUI', 18),
('b59', '202103', 'REP', 10),
('b59', '202104', 'ETP', 3),
('b59', '202104', 'KM', 587),
('b59', '202104', 'NUI', 18),
('b59', '202104', 'REP', 2),
('b59', '202105', 'ETP', 19),
('b59', '202105', 'KM', 933),
('b59', '202105', 'NUI', 17),
('b59', '202105', 'REP', 14),
('b59', '202106', 'ETP', 19),
('b59', '202106', 'KM', 673),
('b59', '202106', 'NUI', 20),
('b59', '202106', 'REP', 16),
('b59', '202107', 'ETP', 12),
('b59', '202107', 'KM', 944),
('b59', '202107', 'NUI', 18),
('b59', '202107', 'REP', 14),
('b59', '202108', 'ETP', 11),
('b59', '202108', 'KM', 431),
('b59', '202108', 'NUI', 12),
('b59', '202108', 'REP', 4),
('b59', '202109', 'ETP', 4),
('b59', '202109', 'KM', 674),
('b59', '202109', 'NUI', 8),
('b59', '202109', 'REP', 18),
('b59', '202110', 'ETP', 17),
('b59', '202110', 'KM', 801),
('b59', '202110', 'NUI', 5),
('b59', '202110', 'REP', 14),
('b59', '202111', 'ETP', 6),
('b59', '202111', 'KM', 777),
('b59', '202111', 'NUI', 16),
('b59', '202111', 'REP', 2),
('b59', '202112', 'ETP', 12),
('b59', '202112', 'KM', 678),
('b59', '202112', 'NUI', 7),
('b59', '202112', 'REP', 16),
('b59', '202201', 'ETP', 3),
('b59', '202201', 'KM', 461),
('b59', '202201', 'NUI', 15),
('b59', '202201', 'REP', 4),
('b59', '202202', 'ETP', 6),
('b59', '202202', 'KM', 431),
('b59', '202202', 'NUI', 11),
('b59', '202202', 'REP', 10),
('b59', '202203', 'ETP', 19),
('b59', '202203', 'KM', 806),
('b59', '202203', 'NUI', 6),
('b59', '202203', 'REP', 13),
('b59', '202204', 'ETP', 9),
('b59', '202204', 'KM', 372),
('b59', '202204', 'NUI', 14),
('b59', '202204', 'REP', 18),
('b59', '202205', 'ETP', 20),
('b59', '202205', 'KM', 349),
('b59', '202205', 'NUI', 15),
('b59', '202205', 'REP', 8),
('b59', '202206', 'ETP', 9),
('b59', '202206', 'KM', 607),
('b59', '202206', 'NUI', 14),
('b59', '202206', 'REP', 14),
('b59', '202207', 'ETP', 6),
('b59', '202207', 'KM', 505),
('b59', '202207', 'NUI', 19),
('b59', '202207', 'REP', 11),
('b59', '202208', 'ETP', 13),
('b59', '202208', 'KM', 890),
('b59', '202208', 'NUI', 19),
('b59', '202208', 'REP', 4),
('b59', '202209', 'ETP', 10),
('b59', '202209', 'KM', 609),
('b59', '202209', 'NUI', 18),
('b59', '202209', 'REP', 13),
('b59', '202210', 'ETP', 13),
('b59', '202210', 'KM', 467),
('b59', '202210', 'NUI', 7),
('b59', '202210', 'REP', 15),
('b59', '202211', 'ETP', 3),
('b59', '202211', 'KM', 372),
('b59', '202211', 'NUI', 11),
('b59', '202211', 'REP', 9),
('b59', '202212', 'ETP', 10),
('b59', '202212', 'KM', 701),
('b59', '202212', 'NUI', 3),
('b59', '202212', 'REP', 6),
('b59', '202301', 'ETP', 12),
('b59', '202301', 'KM', 486),
('b59', '202301', 'NUI', 2),
('b59', '202301', 'REP', 9),
('b59', '202302', 'ETP', 7),
('b59', '202302', 'KM', 811),
('b59', '202302', 'NUI', 7),
('b59', '202302', 'REP', 7),
('b59', '202303', 'ETP', 9),
('b59', '202303', 'KM', 835),
('b59', '202303', 'NUI', 14),
('b59', '202303', 'REP', 15),
('c14', '202101', 'ETP', 5),
('c14', '202101', 'KM', 672),
('c14', '202101', 'NUI', 3),
('c14', '202101', 'REP', 5),
('c14', '202102', 'ETP', 10),
('c14', '202102', 'KM', 325),
('c14', '202102', 'NUI', 7),
('c14', '202102', 'REP', 11),
('c14', '202103', 'ETP', 14),
('c14', '202103', 'KM', 887),
('c14', '202103', 'NUI', 4),
('c14', '202103', 'REP', 12),
('c14', '202104', 'ETP', 7),
('c14', '202104', 'KM', 361),
('c14', '202104', 'NUI', 4),
('c14', '202104', 'REP', 2),
('c14', '202105', 'ETP', 4),
('c14', '202105', 'KM', 456),
('c14', '202105', 'NUI', 13),
('c14', '202105', 'REP', 12),
('c14', '202106', 'ETP', 15),
('c14', '202106', 'KM', 624),
('c14', '202106', 'NUI', 7),
('c14', '202106', 'REP', 8),
('c14', '202107', 'ETP', 18),
('c14', '202107', 'KM', 708),
('c14', '202107', 'NUI', 2),
('c14', '202107', 'REP', 10),
('c14', '202108', 'ETP', 8),
('c14', '202108', 'KM', 939),
('c14', '202108', 'NUI', 3),
('c14', '202108', 'REP', 19),
('c14', '202109', 'ETP', 19),
('c14', '202109', 'KM', 971),
('c14', '202109', 'NUI', 3),
('c14', '202109', 'REP', 2),
('c14', '202110', 'ETP', 16),
('c14', '202110', 'KM', 530),
('c14', '202110', 'NUI', 16),
('c14', '202110', 'REP', 11),
('c14', '202111', 'ETP', 3),
('c14', '202111', 'KM', 719),
('c14', '202111', 'NUI', 13),
('c14', '202111', 'REP', 15),
('c14', '202112', 'ETP', 7),
('c14', '202112', 'KM', 797),
('c14', '202112', 'NUI', 20),
('c14', '202112', 'REP', 11),
('c14', '202201', 'ETP', 20),
('c14', '202201', 'KM', 894),
('c14', '202201', 'NUI', 12),
('c14', '202201', 'REP', 14),
('c14', '202202', 'ETP', 5),
('c14', '202202', 'KM', 967),
('c14', '202202', 'NUI', 19),
('c14', '202202', 'REP', 4),
('c14', '202203', 'ETP', 16),
('c14', '202203', 'KM', 419),
('c14', '202203', 'NUI', 20),
('c14', '202203', 'REP', 17),
('c14', '202204', 'ETP', 8),
('c14', '202204', 'KM', 692),
('c14', '202204', 'NUI', 17),
('c14', '202204', 'REP', 19),
('c14', '202205', 'ETP', 19),
('c14', '202205', 'KM', 506),
('c14', '202205', 'NUI', 2),
('c14', '202205', 'REP', 17),
('c14', '202206', 'ETP', 13),
('c14', '202206', 'KM', 485),
('c14', '202206', 'NUI', 18),
('c14', '202206', 'REP', 11),
('c14', '202207', 'ETP', 17),
('c14', '202207', 'KM', 377),
('c14', '202207', 'NUI', 17),
('c14', '202207', 'REP', 17),
('c14', '202208', 'ETP', 15),
('c14', '202208', 'KM', 952),
('c14', '202208', 'NUI', 9),
('c14', '202208', 'REP', 6),
('c14', '202209', 'ETP', 15),
('c14', '202209', 'KM', 822),
('c14', '202209', 'NUI', 13),
('c14', '202209', 'REP', 2),
('c14', '202210', 'ETP', 15),
('c14', '202210', 'KM', 486),
('c14', '202210', 'NUI', 14),
('c14', '202210', 'REP', 2),
('c14', '202211', 'ETP', 13),
('c14', '202211', 'KM', 545),
('c14', '202211', 'NUI', 12),
('c14', '202211', 'REP', 14),
('c14', '202212', 'ETP', 14),
('c14', '202212', 'KM', 695),
('c14', '202212', 'NUI', 19),
('c14', '202212', 'REP', 8),
('c14', '202301', 'ETP', 14),
('c14', '202301', 'KM', 814),
('c14', '202301', 'NUI', 19),
('c14', '202301', 'REP', 14),
('c14', '202302', 'ETP', 18),
('c14', '202302', 'KM', 458),
('c14', '202302', 'NUI', 19),
('c14', '202302', 'REP', 7),
('c14', '202303', 'ETP', 9),
('c14', '202303', 'KM', 934),
('c14', '202303', 'NUI', 12),
('c14', '202303', 'REP', 16),
('c3', '202101', 'ETP', 15),
('c3', '202101', 'KM', 379),
('c3', '202101', 'NUI', 4),
('c3', '202101', 'REP', 4),
('c3', '202102', 'ETP', 12),
('c3', '202102', 'KM', 505),
('c3', '202102', 'NUI', 2),
('c3', '202102', 'REP', 10),
('c3', '202103', 'ETP', 9),
('c3', '202103', 'KM', 801),
('c3', '202103', 'NUI', 18),
('c3', '202103', 'REP', 9),
('c3', '202104', 'ETP', 14),
('c3', '202104', 'KM', 414),
('c3', '202104', 'NUI', 20),
('c3', '202104', 'REP', 15),
('c3', '202105', 'ETP', 6),
('c3', '202105', 'KM', 480),
('c3', '202105', 'NUI', 10),
('c3', '202105', 'REP', 19),
('c3', '202106', 'ETP', 6),
('c3', '202106', 'KM', 566),
('c3', '202106', 'NUI', 4),
('c3', '202106', 'REP', 4),
('c3', '202107', 'ETP', 2),
('c3', '202107', 'KM', 902),
('c3', '202107', 'NUI', 3),
('c3', '202107', 'REP', 3),
('c3', '202108', 'ETP', 20),
('c3', '202108', 'KM', 756),
('c3', '202108', 'NUI', 19),
('c3', '202108', 'REP', 3),
('c3', '202109', 'ETP', 8),
('c3', '202109', 'KM', 653),
('c3', '202109', 'NUI', 3),
('c3', '202109', 'REP', 18),
('c3', '202110', 'ETP', 5),
('c3', '202110', 'KM', 454),
('c3', '202110', 'NUI', 16),
('c3', '202110', 'REP', 16),
('c3', '202111', 'ETP', 10),
('c3', '202111', 'KM', 507),
('c3', '202111', 'NUI', 20),
('c3', '202111', 'REP', 4),
('c3', '202112', 'ETP', 11),
('c3', '202112', 'KM', 796),
('c3', '202112', 'NUI', 4),
('c3', '202112', 'REP', 12),
('c3', '202201', 'ETP', 12),
('c3', '202201', 'KM', 390),
('c3', '202201', 'NUI', 17),
('c3', '202201', 'REP', 14),
('c3', '202202', 'ETP', 2),
('c3', '202202', 'KM', 850),
('c3', '202202', 'NUI', 10),
('c3', '202202', 'REP', 14),
('c3', '202203', 'ETP', 14),
('c3', '202203', 'KM', 809),
('c3', '202203', 'NUI', 15),
('c3', '202203', 'REP', 4),
('c3', '202204', 'ETP', 13),
('c3', '202204', 'KM', 949),
('c3', '202204', 'NUI', 10),
('c3', '202204', 'REP', 11),
('c3', '202205', 'ETP', 13),
('c3', '202205', 'KM', 728),
('c3', '202205', 'NUI', 9),
('c3', '202205', 'REP', 12),
('c3', '202206', 'ETP', 7),
('c3', '202206', 'KM', 943),
('c3', '202206', 'NUI', 8),
('c3', '202206', 'REP', 3),
('c3', '202207', 'ETP', 11),
('c3', '202207', 'KM', 836),
('c3', '202207', 'NUI', 13),
('c3', '202207', 'REP', 15),
('c3', '202208', 'ETP', 10),
('c3', '202208', 'KM', 303),
('c3', '202208', 'NUI', 12),
('c3', '202208', 'REP', 20),
('c3', '202209', 'ETP', 19),
('c3', '202209', 'KM', 962),
('c3', '202209', 'NUI', 9),
('c3', '202209', 'REP', 14),
('c3', '202210', 'ETP', 14),
('c3', '202210', 'KM', 318),
('c3', '202210', 'NUI', 20),
('c3', '202210', 'REP', 19),
('c3', '202211', 'ETP', 20),
('c3', '202211', 'KM', 867),
('c3', '202211', 'NUI', 3),
('c3', '202211', 'REP', 18),
('c3', '202212', 'ETP', 16),
('c3', '202212', 'KM', 466),
('c3', '202212', 'NUI', 16),
('c3', '202212', 'REP', 11),
('c3', '202301', 'ETP', 7),
('c3', '202301', 'KM', 712),
('c3', '202301', 'NUI', 15),
('c3', '202301', 'REP', 6),
('c3', '202302', 'ETP', 14),
('c3', '202302', 'KM', 889),
('c3', '202302', 'NUI', 5),
('c3', '202302', 'REP', 12),
('c3', '202303', 'ETP', 3),
('c3', '202303', 'KM', 453),
('c3', '202303', 'NUI', 17),
('c3', '202303', 'REP', 7),
('c54', '202101', 'ETP', 19),
('c54', '202101', 'KM', 818),
('c54', '202101', 'NUI', 19),
('c54', '202101', 'REP', 12),
('c54', '202102', 'ETP', 3),
('c54', '202102', 'KM', 908),
('c54', '202102', 'NUI', 9),
('c54', '202102', 'REP', 5),
('c54', '202103', 'ETP', 7),
('c54', '202103', 'KM', 547),
('c54', '202103', 'NUI', 10),
('c54', '202103', 'REP', 16),
('c54', '202104', 'ETP', 16),
('c54', '202104', 'KM', 312),
('c54', '202104', 'NUI', 8),
('c54', '202104', 'REP', 13),
('c54', '202105', 'ETP', 2),
('c54', '202105', 'KM', 908),
('c54', '202105', 'NUI', 10),
('c54', '202105', 'REP', 14),
('c54', '202106', 'ETP', 17),
('c54', '202106', 'KM', 782),
('c54', '202106', 'NUI', 17),
('c54', '202106', 'REP', 13),
('c54', '202107', 'ETP', 3),
('c54', '202107', 'KM', 836),
('c54', '202107', 'NUI', 12),
('c54', '202107', 'REP', 9),
('c54', '202108', 'ETP', 5),
('c54', '202108', 'KM', 686),
('c54', '202108', 'NUI', 16),
('c54', '202108', 'REP', 15),
('c54', '202109', 'ETP', 18),
('c54', '202109', 'KM', 833),
('c54', '202109', 'NUI', 20),
('c54', '202109', 'REP', 4),
('c54', '202110', 'ETP', 5),
('c54', '202110', 'KM', 648),
('c54', '202110', 'NUI', 2),
('c54', '202110', 'REP', 20),
('c54', '202111', 'ETP', 8),
('c54', '202111', 'KM', 446),
('c54', '202111', 'NUI', 6),
('c54', '202111', 'REP', 12),
('c54', '202112', 'ETP', 17),
('c54', '202112', 'KM', 647),
('c54', '202112', 'NUI', 20),
('c54', '202112', 'REP', 15),
('c54', '202201', 'ETP', 13),
('c54', '202201', 'KM', 329),
('c54', '202201', 'NUI', 15),
('c54', '202201', 'REP', 15),
('c54', '202202', 'ETP', 12),
('c54', '202202', 'KM', 922),
('c54', '202202', 'NUI', 11),
('c54', '202202', 'REP', 16),
('c54', '202203', 'ETP', 8),
('c54', '202203', 'KM', 815),
('c54', '202203', 'NUI', 19),
('c54', '202203', 'REP', 16),
('c54', '202204', 'ETP', 7),
('c54', '202204', 'KM', 413),
('c54', '202204', 'NUI', 7),
('c54', '202204', 'REP', 19),
('c54', '202205', 'ETP', 7),
('c54', '202205', 'KM', 997),
('c54', '202205', 'NUI', 11),
('c54', '202205', 'REP', 17),
('c54', '202206', 'ETP', 11),
('c54', '202206', 'KM', 786),
('c54', '202206', 'NUI', 16),
('c54', '202206', 'REP', 3),
('c54', '202207', 'ETP', 3),
('c54', '202207', 'KM', 598),
('c54', '202207', 'NUI', 20),
('c54', '202207', 'REP', 4),
('c54', '202208', 'ETP', 19),
('c54', '202208', 'KM', 419),
('c54', '202208', 'NUI', 2),
('c54', '202208', 'REP', 13),
('c54', '202209', 'ETP', 19),
('c54', '202209', 'KM', 522),
('c54', '202209', 'NUI', 4),
('c54', '202209', 'REP', 18),
('c54', '202210', 'ETP', 20),
('c54', '202210', 'KM', 748),
('c54', '202210', 'NUI', 10),
('c54', '202210', 'REP', 6),
('c54', '202211', 'ETP', 16),
('c54', '202211', 'KM', 887),
('c54', '202211', 'NUI', 5),
('c54', '202211', 'REP', 8),
('c54', '202212', 'ETP', 17),
('c54', '202212', 'KM', 579),
('c54', '202212', 'NUI', 7),
('c54', '202212', 'REP', 17),
('c54', '202301', 'ETP', 8),
('c54', '202301', 'KM', 966),
('c54', '202301', 'NUI', 11),
('c54', '202301', 'REP', 4),
('c54', '202302', 'ETP', 12),
('c54', '202302', 'KM', 712),
('c54', '202302', 'NUI', 15),
('c54', '202302', 'REP', 8),
('c54', '202303', 'ETP', 2),
('c54', '202303', 'KM', 538),
('c54', '202303', 'NUI', 3),
('c54', '202303', 'REP', 7),
('d13', '202101', 'ETP', 5),
('d13', '202101', 'KM', 745),
('d13', '202101', 'NUI', 6),
('d13', '202101', 'REP', 19),
('d13', '202102', 'ETP', 12),
('d13', '202102', 'KM', 401),
('d13', '202102', 'NUI', 14),
('d13', '202102', 'REP', 17),
('d13', '202103', 'ETP', 3),
('d13', '202103', 'KM', 779),
('d13', '202103', 'NUI', 3),
('d13', '202103', 'REP', 6),
('d13', '202104', 'ETP', 6),
('d13', '202104', 'KM', 890),
('d13', '202104', 'NUI', 4),
('d13', '202104', 'REP', 16),
('d13', '202105', 'ETP', 2),
('d13', '202105', 'KM', 719),
('d13', '202105', 'NUI', 13),
('d13', '202105', 'REP', 8),
('d13', '202106', 'ETP', 18),
('d13', '202106', 'KM', 495),
('d13', '202106', 'NUI', 16),
('d13', '202106', 'REP', 8),
('d13', '202107', 'ETP', 4),
('d13', '202107', 'KM', 422),
('d13', '202107', 'NUI', 16),
('d13', '202107', 'REP', 4),
('d13', '202108', 'ETP', 12),
('d13', '202108', 'KM', 956),
('d13', '202108', 'NUI', 15),
('d13', '202108', 'REP', 12),
('d13', '202109', 'ETP', 8),
('d13', '202109', 'KM', 776),
('d13', '202109', 'NUI', 11),
('d13', '202109', 'REP', 15),
('d13', '202110', 'ETP', 13),
('d13', '202110', 'KM', 635),
('d13', '202110', 'NUI', 10),
('d13', '202110', 'REP', 9),
('d13', '202111', 'ETP', 11),
('d13', '202111', 'KM', 753),
('d13', '202111', 'NUI', 4),
('d13', '202111', 'REP', 13),
('d13', '202112', 'ETP', 5),
('d13', '202112', 'KM', 353),
('d13', '202112', 'NUI', 15),
('d13', '202112', 'REP', 13),
('d13', '202201', 'ETP', 14),
('d13', '202201', 'KM', 948),
('d13', '202201', 'NUI', 13),
('d13', '202201', 'REP', 2),
('d13', '202202', 'ETP', 19),
('d13', '202202', 'KM', 795),
('d13', '202202', 'NUI', 15),
('d13', '202202', 'REP', 14),
('d13', '202203', 'ETP', 4),
('d13', '202203', 'KM', 684),
('d13', '202203', 'NUI', 2),
('d13', '202203', 'REP', 9),
('d13', '202204', 'ETP', 7),
('d13', '202204', 'KM', 532),
('d13', '202204', 'NUI', 6),
('d13', '202204', 'REP', 18),
('d13', '202205', 'ETP', 4),
('d13', '202205', 'KM', 819),
('d13', '202205', 'NUI', 16),
('d13', '202205', 'REP', 5),
('d13', '202206', 'ETP', 11),
('d13', '202206', 'KM', 780),
('d13', '202206', 'NUI', 11),
('d13', '202206', 'REP', 3),
('d13', '202207', 'ETP', 9),
('d13', '202207', 'KM', 662),
('d13', '202207', 'NUI', 4),
('d13', '202207', 'REP', 17),
('d13', '202208', 'ETP', 12),
('d13', '202208', 'KM', 637);
INSERT INTO `LigneFraisForfait` (`idVisiteur`, `mois`, `idFraisForfait`, `quantite`) VALUES
('d13', '202208', 'NUI', 6),
('d13', '202208', 'REP', 18),
('d13', '202209', 'ETP', 3),
('d13', '202209', 'KM', 544),
('d13', '202209', 'NUI', 5),
('d13', '202209', 'REP', 18),
('d13', '202210', 'ETP', 17),
('d13', '202210', 'KM', 437),
('d13', '202210', 'NUI', 14),
('d13', '202210', 'REP', 6),
('d13', '202211', 'ETP', 10),
('d13', '202211', 'KM', 378),
('d13', '202211', 'NUI', 8),
('d13', '202211', 'REP', 11),
('d13', '202212', 'ETP', 11),
('d13', '202212', 'KM', 970),
('d13', '202212', 'NUI', 19),
('d13', '202212', 'REP', 18),
('d13', '202301', 'ETP', 10),
('d13', '202301', 'KM', 578),
('d13', '202301', 'NUI', 12),
('d13', '202301', 'REP', 11),
('d13', '202302', 'ETP', 11),
('d13', '202302', 'KM', 456),
('d13', '202302', 'NUI', 7),
('d13', '202302', 'REP', 19),
('d13', '202303', 'ETP', 14),
('d13', '202303', 'KM', 596),
('d13', '202303', 'NUI', 11),
('d13', '202303', 'REP', 5),
('d51', '202101', 'ETP', 11),
('d51', '202101', 'KM', 527),
('d51', '202101', 'NUI', 13),
('d51', '202101', 'REP', 17),
('d51', '202102', 'ETP', 18),
('d51', '202102', 'KM', 635),
('d51', '202102', 'NUI', 16),
('d51', '202102', 'REP', 18),
('d51', '202103', 'ETP', 10),
('d51', '202103', 'KM', 526),
('d51', '202103', 'NUI', 9),
('d51', '202103', 'REP', 14),
('d51', '202104', 'ETP', 10),
('d51', '202104', 'KM', 371),
('d51', '202104', 'NUI', 11),
('d51', '202104', 'REP', 12),
('d51', '202105', 'ETP', 9),
('d51', '202105', 'KM', 649),
('d51', '202105', 'NUI', 16),
('d51', '202105', 'REP', 11),
('d51', '202106', 'ETP', 6),
('d51', '202106', 'KM', 490),
('d51', '202106', 'NUI', 19),
('d51', '202106', 'REP', 13),
('d51', '202107', 'ETP', 11),
('d51', '202107', 'KM', 699),
('d51', '202107', 'NUI', 2),
('d51', '202107', 'REP', 12),
('d51', '202108', 'ETP', 9),
('d51', '202108', 'KM', 421),
('d51', '202108', 'NUI', 3),
('d51', '202108', 'REP', 14),
('d51', '202109', 'ETP', 11),
('d51', '202109', 'KM', 486),
('d51', '202109', 'NUI', 16),
('d51', '202109', 'REP', 8),
('d51', '202110', 'ETP', 17),
('d51', '202110', 'KM', 743),
('d51', '202110', 'NUI', 12),
('d51', '202110', 'REP', 19),
('d51', '202111', 'ETP', 4),
('d51', '202111', 'KM', 917),
('d51', '202111', 'NUI', 8),
('d51', '202111', 'REP', 18),
('d51', '202112', 'ETP', 9),
('d51', '202112', 'KM', 812),
('d51', '202112', 'NUI', 16),
('d51', '202112', 'REP', 8),
('d51', '202201', 'ETP', 18),
('d51', '202201', 'KM', 414),
('d51', '202201', 'NUI', 17),
('d51', '202201', 'REP', 15),
('d51', '202202', 'ETP', 14),
('d51', '202202', 'KM', 669),
('d51', '202202', 'NUI', 20),
('d51', '202202', 'REP', 13),
('d51', '202203', 'ETP', 15),
('d51', '202203', 'KM', 354),
('d51', '202203', 'NUI', 3),
('d51', '202203', 'REP', 10),
('d51', '202204', 'ETP', 9),
('d51', '202204', 'KM', 481),
('d51', '202204', 'NUI', 6),
('d51', '202204', 'REP', 17),
('d51', '202205', 'ETP', 9),
('d51', '202205', 'KM', 794),
('d51', '202205', 'NUI', 2),
('d51', '202205', 'REP', 11),
('d51', '202206', 'ETP', 13),
('d51', '202206', 'KM', 720),
('d51', '202206', 'NUI', 3),
('d51', '202206', 'REP', 17),
('d51', '202207', 'ETP', 16),
('d51', '202207', 'KM', 938),
('d51', '202207', 'NUI', 6),
('d51', '202207', 'REP', 10),
('d51', '202208', 'ETP', 3),
('d51', '202208', 'KM', 500),
('d51', '202208', 'NUI', 8),
('d51', '202208', 'REP', 8),
('d51', '202209', 'ETP', 11),
('d51', '202209', 'KM', 781),
('d51', '202209', 'NUI', 8),
('d51', '202209', 'REP', 9),
('d51', '202210', 'ETP', 10),
('d51', '202210', 'KM', 430),
('d51', '202210', 'NUI', 18),
('d51', '202210', 'REP', 18),
('d51', '202211', 'ETP', 14),
('d51', '202211', 'KM', 347),
('d51', '202211', 'NUI', 3),
('d51', '202211', 'REP', 14),
('d51', '202212', 'ETP', 20),
('d51', '202212', 'KM', 397),
('d51', '202212', 'NUI', 11),
('d51', '202212', 'REP', 16),
('d51', '202301', 'ETP', 14),
('d51', '202301', 'KM', 690),
('d51', '202301', 'NUI', 20),
('d51', '202301', 'REP', 4),
('d51', '202302', 'ETP', 4),
('d51', '202302', 'KM', 429),
('d51', '202302', 'NUI', 9),
('d51', '202302', 'REP', 15),
('d51', '202303', 'ETP', 14),
('d51', '202303', 'KM', 855),
('d51', '202303', 'NUI', 15),
('d51', '202303', 'REP', 10),
('e22', '202101', 'ETP', 16),
('e22', '202101', 'KM', 959),
('e22', '202101', 'NUI', 18),
('e22', '202101', 'REP', 4),
('e22', '202102', 'ETP', 2),
('e22', '202102', 'KM', 794),
('e22', '202102', 'NUI', 18),
('e22', '202102', 'REP', 16),
('e22', '202103', 'ETP', 5),
('e22', '202103', 'KM', 417),
('e22', '202103', 'NUI', 8),
('e22', '202103', 'REP', 5),
('e22', '202104', 'ETP', 4),
('e22', '202104', 'KM', 621),
('e22', '202104', 'NUI', 3),
('e22', '202104', 'REP', 18),
('e22', '202105', 'ETP', 12),
('e22', '202105', 'KM', 346),
('e22', '202105', 'NUI', 9),
('e22', '202105', 'REP', 2),
('e22', '202106', 'ETP', 12),
('e22', '202106', 'KM', 613),
('e22', '202106', 'NUI', 19),
('e22', '202106', 'REP', 13),
('e22', '202107', 'ETP', 16),
('e22', '202107', 'KM', 586),
('e22', '202107', 'NUI', 15),
('e22', '202107', 'REP', 9),
('e22', '202108', 'ETP', 8),
('e22', '202108', 'KM', 668),
('e22', '202108', 'NUI', 18),
('e22', '202108', 'REP', 19),
('e22', '202109', 'ETP', 17),
('e22', '202109', 'KM', 679),
('e22', '202109', 'NUI', 19),
('e22', '202109', 'REP', 12),
('e22', '202110', 'ETP', 3),
('e22', '202110', 'KM', 668),
('e22', '202110', 'NUI', 12),
('e22', '202110', 'REP', 4),
('e22', '202111', 'ETP', 2),
('e22', '202111', 'KM', 565),
('e22', '202111', 'NUI', 20),
('e22', '202111', 'REP', 8),
('e22', '202112', 'ETP', 8),
('e22', '202112', 'KM', 906),
('e22', '202112', 'NUI', 10),
('e22', '202112', 'REP', 12),
('e22', '202201', 'ETP', 16),
('e22', '202201', 'KM', 957),
('e22', '202201', 'NUI', 18),
('e22', '202201', 'REP', 11),
('e22', '202202', 'ETP', 18),
('e22', '202202', 'KM', 980),
('e22', '202202', 'NUI', 2),
('e22', '202202', 'REP', 14),
('e22', '202203', 'ETP', 12),
('e22', '202203', 'KM', 775),
('e22', '202203', 'NUI', 13),
('e22', '202203', 'REP', 6),
('e22', '202204', 'ETP', 14),
('e22', '202204', 'KM', 483),
('e22', '202204', 'NUI', 7),
('e22', '202204', 'REP', 2),
('e22', '202205', 'ETP', 9),
('e22', '202205', 'KM', 726),
('e22', '202205', 'NUI', 11),
('e22', '202205', 'REP', 13),
('e22', '202206', 'ETP', 9),
('e22', '202206', 'KM', 409),
('e22', '202206', 'NUI', 18),
('e22', '202206', 'REP', 12),
('e22', '202207', 'ETP', 14),
('e22', '202207', 'KM', 310),
('e22', '202207', 'NUI', 7),
('e22', '202207', 'REP', 13),
('e22', '202208', 'ETP', 10),
('e22', '202208', 'KM', 413),
('e22', '202208', 'NUI', 7),
('e22', '202208', 'REP', 18),
('e22', '202209', 'ETP', 7),
('e22', '202209', 'KM', 854),
('e22', '202209', 'NUI', 15),
('e22', '202209', 'REP', 17),
('e22', '202210', 'ETP', 5),
('e22', '202210', 'KM', 556),
('e22', '202210', 'NUI', 8),
('e22', '202210', 'REP', 8),
('e22', '202211', 'ETP', 4),
('e22', '202211', 'KM', 730),
('e22', '202211', 'NUI', 13),
('e22', '202211', 'REP', 2),
('e22', '202212', 'ETP', 3),
('e22', '202212', 'KM', 411),
('e22', '202212', 'NUI', 9),
('e22', '202212', 'REP', 12),
('e22', '202301', 'ETP', 9),
('e22', '202301', 'KM', 319),
('e22', '202301', 'NUI', 4),
('e22', '202301', 'REP', 17),
('e22', '202302', 'ETP', 3),
('e22', '202302', 'KM', 583),
('e22', '202302', 'NUI', 12),
('e22', '202302', 'REP', 4),
('e22', '202303', 'ETP', 13),
('e22', '202303', 'KM', 982),
('e22', '202303', 'NUI', 18),
('e22', '202303', 'REP', 5),
('e24', '202101', 'ETP', 15),
('e24', '202101', 'KM', 598),
('e24', '202101', 'NUI', 11),
('e24', '202101', 'REP', 17),
('e24', '202102', 'ETP', 9),
('e24', '202102', 'KM', 879),
('e24', '202102', 'NUI', 11),
('e24', '202102', 'REP', 19),
('e24', '202103', 'ETP', 14),
('e24', '202103', 'KM', 885),
('e24', '202103', 'NUI', 20),
('e24', '202103', 'REP', 9),
('e24', '202104', 'ETP', 3),
('e24', '202104', 'KM', 386),
('e24', '202104', 'NUI', 14),
('e24', '202104', 'REP', 18),
('e24', '202105', 'ETP', 12),
('e24', '202105', 'KM', 785),
('e24', '202105', 'NUI', 8),
('e24', '202105', 'REP', 16),
('e24', '202106', 'ETP', 2),
('e24', '202106', 'KM', 950),
('e24', '202106', 'NUI', 10),
('e24', '202106', 'REP', 9),
('e24', '202107', 'ETP', 15),
('e24', '202107', 'KM', 617),
('e24', '202107', 'NUI', 8),
('e24', '202107', 'REP', 14),
('e24', '202108', 'ETP', 18),
('e24', '202108', 'KM', 973),
('e24', '202108', 'NUI', 4),
('e24', '202108', 'REP', 7),
('e24', '202109', 'ETP', 2),
('e24', '202109', 'KM', 902),
('e24', '202109', 'NUI', 16),
('e24', '202109', 'REP', 20),
('e24', '202110', 'ETP', 9),
('e24', '202110', 'KM', 560),
('e24', '202110', 'NUI', 2),
('e24', '202110', 'REP', 5),
('e24', '202111', 'ETP', 20),
('e24', '202111', 'KM', 664),
('e24', '202111', 'NUI', 16),
('e24', '202111', 'REP', 20),
('e24', '202112', 'ETP', 5),
('e24', '202112', 'KM', 432),
('e24', '202112', 'NUI', 20),
('e24', '202112', 'REP', 2),
('e24', '202201', 'ETP', 13),
('e24', '202201', 'KM', 697),
('e24', '202201', 'NUI', 15),
('e24', '202201', 'REP', 13),
('e24', '202202', 'ETP', 7),
('e24', '202202', 'KM', 391),
('e24', '202202', 'NUI', 11),
('e24', '202202', 'REP', 8),
('e24', '202203', 'ETP', 2),
('e24', '202203', 'KM', 594),
('e24', '202203', 'NUI', 19),
('e24', '202203', 'REP', 16),
('e24', '202204', 'ETP', 9),
('e24', '202204', 'KM', 704),
('e24', '202204', 'NUI', 7),
('e24', '202204', 'REP', 17),
('e24', '202205', 'ETP', 15),
('e24', '202205', 'KM', 624),
('e24', '202205', 'NUI', 6),
('e24', '202205', 'REP', 17),
('e24', '202206', 'ETP', 6),
('e24', '202206', 'KM', 562),
('e24', '202206', 'NUI', 11),
('e24', '202206', 'REP', 15),
('e24', '202207', 'ETP', 16),
('e24', '202207', 'KM', 653),
('e24', '202207', 'NUI', 8),
('e24', '202207', 'REP', 2),
('e24', '202208', 'ETP', 18),
('e24', '202208', 'KM', 759),
('e24', '202208', 'NUI', 10),
('e24', '202208', 'REP', 9),
('e24', '202209', 'ETP', 12),
('e24', '202209', 'KM', 738),
('e24', '202209', 'NUI', 18),
('e24', '202209', 'REP', 12),
('e24', '202210', 'ETP', 4),
('e24', '202210', 'KM', 568),
('e24', '202210', 'NUI', 3),
('e24', '202210', 'REP', 14),
('e24', '202211', 'ETP', 20),
('e24', '202211', 'KM', 764),
('e24', '202211', 'NUI', 9),
('e24', '202211', 'REP', 13),
('e24', '202212', 'ETP', 9),
('e24', '202212', 'KM', 438),
('e24', '202212', 'NUI', 16),
('e24', '202212', 'REP', 14),
('e24', '202301', 'ETP', 2),
('e24', '202301', 'KM', 561),
('e24', '202301', 'NUI', 5),
('e24', '202301', 'REP', 13),
('e24', '202302', 'ETP', 11),
('e24', '202302', 'KM', 726),
('e24', '202302', 'NUI', 11),
('e24', '202302', 'REP', 2),
('e24', '202303', 'ETP', 12),
('e24', '202303', 'KM', 738),
('e24', '202303', 'NUI', 9),
('e24', '202303', 'REP', 14),
('e39', '202101', 'ETP', 16),
('e39', '202101', 'KM', 670),
('e39', '202101', 'NUI', 16),
('e39', '202101', 'REP', 16),
('e39', '202102', 'ETP', 15),
('e39', '202102', 'KM', 710),
('e39', '202102', 'NUI', 7),
('e39', '202102', 'REP', 16),
('e39', '202103', 'ETP', 7),
('e39', '202103', 'KM', 485),
('e39', '202103', 'NUI', 7),
('e39', '202103', 'REP', 11),
('e39', '202104', 'ETP', 15),
('e39', '202104', 'KM', 578),
('e39', '202104', 'NUI', 12),
('e39', '202104', 'REP', 10),
('e39', '202105', 'ETP', 6),
('e39', '202105', 'KM', 485),
('e39', '202105', 'NUI', 6),
('e39', '202105', 'REP', 10),
('e39', '202106', 'ETP', 5),
('e39', '202106', 'KM', 820),
('e39', '202106', 'NUI', 7),
('e39', '202106', 'REP', 3),
('e39', '202107', 'ETP', 10),
('e39', '202107', 'KM', 796),
('e39', '202107', 'NUI', 19),
('e39', '202107', 'REP', 16),
('e39', '202108', 'ETP', 9),
('e39', '202108', 'KM', 822),
('e39', '202108', 'NUI', 8),
('e39', '202108', 'REP', 5),
('e39', '202109', 'ETP', 17),
('e39', '202109', 'KM', 775),
('e39', '202109', 'NUI', 8),
('e39', '202109', 'REP', 15),
('e39', '202110', 'ETP', 19),
('e39', '202110', 'KM', 816),
('e39', '202110', 'NUI', 13),
('e39', '202110', 'REP', 10),
('e39', '202111', 'ETP', 18),
('e39', '202111', 'KM', 883),
('e39', '202111', 'NUI', 7),
('e39', '202111', 'REP', 3),
('e39', '202112', 'ETP', 16),
('e39', '202112', 'KM', 318),
('e39', '202112', 'NUI', 12),
('e39', '202112', 'REP', 8),
('e39', '202201', 'ETP', 9),
('e39', '202201', 'KM', 957),
('e39', '202201', 'NUI', 6),
('e39', '202201', 'REP', 8),
('e39', '202202', 'ETP', 5),
('e39', '202202', 'KM', 946),
('e39', '202202', 'NUI', 6),
('e39', '202202', 'REP', 12),
('e39', '202203', 'ETP', 7),
('e39', '202203', 'KM', 866),
('e39', '202203', 'NUI', 10),
('e39', '202203', 'REP', 12),
('e39', '202204', 'ETP', 16),
('e39', '202204', 'KM', 734),
('e39', '202204', 'NUI', 8),
('e39', '202204', 'REP', 11),
('e39', '202205', 'ETP', 12),
('e39', '202205', 'KM', 349),
('e39', '202205', 'NUI', 6),
('e39', '202205', 'REP', 14),
('e39', '202206', 'ETP', 10),
('e39', '202206', 'KM', 808),
('e39', '202206', 'NUI', 13),
('e39', '202206', 'REP', 4),
('e39', '202207', 'ETP', 10),
('e39', '202207', 'KM', 522),
('e39', '202207', 'NUI', 17),
('e39', '202207', 'REP', 18),
('e39', '202208', 'ETP', 11),
('e39', '202208', 'KM', 553),
('e39', '202208', 'NUI', 7),
('e39', '202208', 'REP', 16),
('e39', '202209', 'ETP', 14),
('e39', '202209', 'KM', 459),
('e39', '202209', 'NUI', 19),
('e39', '202209', 'REP', 10),
('e39', '202210', 'ETP', 12),
('e39', '202210', 'KM', 546),
('e39', '202210', 'NUI', 13),
('e39', '202210', 'REP', 19),
('e39', '202211', 'ETP', 2),
('e39', '202211', 'KM', 952),
('e39', '202211', 'NUI', 11),
('e39', '202211', 'REP', 4),
('e39', '202212', 'ETP', 16),
('e39', '202212', 'KM', 957),
('e39', '202212', 'NUI', 20),
('e39', '202212', 'REP', 14),
('e39', '202301', 'ETP', 5),
('e39', '202301', 'KM', 305),
('e39', '202301', 'NUI', 2),
('e39', '202301', 'REP', 7),
('e39', '202302', 'ETP', 17),
('e39', '202302', 'KM', 391),
('e39', '202302', 'NUI', 20),
('e39', '202302', 'REP', 7),
('e39', '202303', 'ETP', 19),
('e39', '202303', 'KM', 852),
('e39', '202303', 'NUI', 3),
('e39', '202303', 'REP', 2),
('e49', '202101', 'ETP', 7),
('e49', '202101', 'KM', 659),
('e49', '202101', 'NUI', 7),
('e49', '202101', 'REP', 12),
('e49', '202102', 'ETP', 17),
('e49', '202102', 'KM', 352),
('e49', '202102', 'NUI', 16),
('e49', '202102', 'REP', 17),
('e49', '202103', 'ETP', 13),
('e49', '202103', 'KM', 896),
('e49', '202103', 'NUI', 5),
('e49', '202103', 'REP', 6),
('e49', '202104', 'ETP', 11),
('e49', '202104', 'KM', 707),
('e49', '202104', 'NUI', 12),
('e49', '202104', 'REP', 14),
('e49', '202105', 'ETP', 8),
('e49', '202105', 'KM', 668),
('e49', '202105', 'NUI', 3),
('e49', '202105', 'REP', 4),
('e49', '202106', 'ETP', 16),
('e49', '202106', 'KM', 679),
('e49', '202106', 'NUI', 2),
('e49', '202106', 'REP', 7),
('e49', '202107', 'ETP', 15),
('e49', '202107', 'KM', 994),
('e49', '202107', 'NUI', 9),
('e49', '202107', 'REP', 6),
('e49', '202108', 'ETP', 5),
('e49', '202108', 'KM', 817),
('e49', '202108', 'NUI', 10),
('e49', '202108', 'REP', 15),
('e49', '202109', 'ETP', 9),
('e49', '202109', 'KM', 633),
('e49', '202109', 'NUI', 16),
('e49', '202109', 'REP', 5),
('e49', '202110', 'ETP', 3),
('e49', '202110', 'KM', 893),
('e49', '202110', 'NUI', 14),
('e49', '202110', 'REP', 10),
('e49', '202111', 'ETP', 20),
('e49', '202111', 'KM', 425),
('e49', '202111', 'NUI', 16),
('e49', '202111', 'REP', 5),
('e49', '202112', 'ETP', 12),
('e49', '202112', 'KM', 640),
('e49', '202112', 'NUI', 16),
('e49', '202112', 'REP', 7),
('e49', '202201', 'ETP', 11),
('e49', '202201', 'KM', 465),
('e49', '202201', 'NUI', 10),
('e49', '202201', 'REP', 11),
('e49', '202202', 'ETP', 11),
('e49', '202202', 'KM', 711),
('e49', '202202', 'NUI', 13),
('e49', '202202', 'REP', 10),
('e49', '202203', 'ETP', 15),
('e49', '202203', 'KM', 670),
('e49', '202203', 'NUI', 13),
('e49', '202203', 'REP', 20),
('e49', '202204', 'ETP', 11),
('e49', '202204', 'KM', 806),
('e49', '202204', 'NUI', 11),
('e49', '202204', 'REP', 18),
('e49', '202205', 'ETP', 14),
('e49', '202205', 'KM', 366),
('e49', '202205', 'NUI', 20),
('e49', '202205', 'REP', 19),
('e49', '202206', 'ETP', 14),
('e49', '202206', 'KM', 475),
('e49', '202206', 'NUI', 2),
('e49', '202206', 'REP', 14),
('e49', '202207', 'ETP', 3),
('e49', '202207', 'KM', 849),
('e49', '202207', 'NUI', 14),
('e49', '202207', 'REP', 13),
('e49', '202208', 'ETP', 14),
('e49', '202208', 'KM', 927),
('e49', '202208', 'NUI', 13),
('e49', '202208', 'REP', 14),
('e49', '202209', 'ETP', 13),
('e49', '202209', 'KM', 735),
('e49', '202209', 'NUI', 2),
('e49', '202209', 'REP', 13),
('e49', '202210', 'ETP', 19),
('e49', '202210', 'KM', 660),
('e49', '202210', 'NUI', 13),
('e49', '202210', 'REP', 18),
('e49', '202211', 'ETP', 19),
('e49', '202211', 'KM', 839),
('e49', '202211', 'NUI', 19),
('e49', '202211', 'REP', 10),
('e49', '202212', 'ETP', 4),
('e49', '202212', 'KM', 856),
('e49', '202212', 'NUI', 2),
('e49', '202212', 'REP', 12),
('e49', '202301', 'ETP', 15),
('e49', '202301', 'KM', 455),
('e49', '202301', 'NUI', 5),
('e49', '202301', 'REP', 3),
('e49', '202302', 'ETP', 20),
('e49', '202302', 'KM', 682),
('e49', '202302', 'NUI', 2),
('e49', '202302', 'REP', 19),
('e49', '202303', 'ETP', 7),
('e49', '202303', 'KM', 950),
('e49', '202303', 'NUI', 20),
('e49', '202303', 'REP', 10),
('e5', '202101', 'ETP', 13),
('e5', '202101', 'KM', 983),
('e5', '202101', 'NUI', 12),
('e5', '202101', 'REP', 11),
('e5', '202102', 'ETP', 2),
('e5', '202102', 'KM', 633),
('e5', '202102', 'NUI', 9),
('e5', '202102', 'REP', 18),
('e5', '202103', 'ETP', 14),
('e5', '202103', 'KM', 860),
('e5', '202103', 'NUI', 12),
('e5', '202103', 'REP', 18),
('e5', '202104', 'ETP', 8),
('e5', '202104', 'KM', 711),
('e5', '202104', 'NUI', 11),
('e5', '202104', 'REP', 17),
('e5', '202105', 'ETP', 16),
('e5', '202105', 'KM', 640),
('e5', '202105', 'NUI', 9),
('e5', '202105', 'REP', 14),
('e5', '202106', 'ETP', 11),
('e5', '202106', 'KM', 684),
('e5', '202106', 'NUI', 15),
('e5', '202106', 'REP', 14),
('e5', '202107', 'ETP', 12),
('e5', '202107', 'KM', 871),
('e5', '202107', 'NUI', 3),
('e5', '202107', 'REP', 6),
('e5', '202108', 'ETP', 2),
('e5', '202108', 'KM', 875),
('e5', '202108', 'NUI', 20),
('e5', '202108', 'REP', 13),
('e5', '202109', 'ETP', 9),
('e5', '202109', 'KM', 997),
('e5', '202109', 'NUI', 4),
('e5', '202109', 'REP', 2),
('e5', '202110', 'ETP', 17),
('e5', '202110', 'KM', 559),
('e5', '202110', 'NUI', 13),
('e5', '202110', 'REP', 2),
('e5', '202111', 'ETP', 9),
('e5', '202111', 'KM', 852),
('e5', '202111', 'NUI', 10),
('e5', '202111', 'REP', 10),
('e5', '202112', 'ETP', 6),
('e5', '202112', 'KM', 741),
('e5', '202112', 'NUI', 18),
('e5', '202112', 'REP', 17),
('e5', '202201', 'ETP', 19),
('e5', '202201', 'KM', 627),
('e5', '202201', 'NUI', 6),
('e5', '202201', 'REP', 6),
('e5', '202202', 'ETP', 19),
('e5', '202202', 'KM', 519),
('e5', '202202', 'NUI', 3),
('e5', '202202', 'REP', 16),
('e5', '202203', 'ETP', 15),
('e5', '202203', 'KM', 910),
('e5', '202203', 'NUI', 12),
('e5', '202203', 'REP', 7),
('e5', '202204', 'ETP', 19),
('e5', '202204', 'KM', 948),
('e5', '202204', 'NUI', 13),
('e5', '202204', 'REP', 13),
('e5', '202205', 'ETP', 17),
('e5', '202205', 'KM', 387),
('e5', '202205', 'NUI', 17),
('e5', '202205', 'REP', 19),
('e5', '202206', 'ETP', 13),
('e5', '202206', 'KM', 301),
('e5', '202206', 'NUI', 7),
('e5', '202206', 'REP', 3),
('e5', '202207', 'ETP', 20),
('e5', '202207', 'KM', 702),
('e5', '202207', 'NUI', 20),
('e5', '202207', 'REP', 10),
('e5', '202208', 'ETP', 6),
('e5', '202208', 'KM', 328),
('e5', '202208', 'NUI', 11),
('e5', '202208', 'REP', 13),
('e5', '202209', 'ETP', 18),
('e5', '202209', 'KM', 996),
('e5', '202209', 'NUI', 5),
('e5', '202209', 'REP', 12),
('e5', '202210', 'ETP', 6),
('e5', '202210', 'KM', 400),
('e5', '202210', 'NUI', 13),
('e5', '202210', 'REP', 15),
('e5', '202211', 'ETP', 2),
('e5', '202211', 'KM', 820),
('e5', '202211', 'NUI', 19),
('e5', '202211', 'REP', 12),
('e5', '202212', 'ETP', 11),
('e5', '202212', 'KM', 812),
('e5', '202212', 'NUI', 8),
('e5', '202212', 'REP', 8),
('e5', '202301', 'ETP', 18),
('e5', '202301', 'KM', 405),
('e5', '202301', 'NUI', 3),
('e5', '202301', 'REP', 8),
('e5', '202302', 'ETP', 11),
('e5', '202302', 'KM', 596),
('e5', '202302', 'NUI', 6),
('e5', '202302', 'REP', 20),
('e5', '202303', 'ETP', 15),
('e5', '202303', 'KM', 764),
('e5', '202303', 'NUI', 4),
('e5', '202303', 'REP', 20),
('e52', '202101', 'ETP', 8),
('e52', '202101', 'KM', 525),
('e52', '202101', 'NUI', 8),
('e52', '202101', 'REP', 15),
('e52', '202102', 'ETP', 9),
('e52', '202102', 'KM', 590),
('e52', '202102', 'NUI', 12),
('e52', '202102', 'REP', 7),
('e52', '202103', 'ETP', 8),
('e52', '202103', 'KM', 599),
('e52', '202103', 'NUI', 4),
('e52', '202103', 'REP', 10),
('e52', '202104', 'ETP', 18),
('e52', '202104', 'KM', 937),
('e52', '202104', 'NUI', 4),
('e52', '202104', 'REP', 14),
('e52', '202105', 'ETP', 18),
('e52', '202105', 'KM', 319),
('e52', '202105', 'NUI', 9),
('e52', '202105', 'REP', 6),
('e52', '202106', 'ETP', 6),
('e52', '202106', 'KM', 847),
('e52', '202106', 'NUI', 5),
('e52', '202106', 'REP', 7),
('e52', '202107', 'ETP', 9),
('e52', '202107', 'KM', 606),
('e52', '202107', 'NUI', 7),
('e52', '202107', 'REP', 16),
('e52', '202108', 'ETP', 3),
('e52', '202108', 'KM', 485),
('e52', '202108', 'NUI', 16),
('e52', '202108', 'REP', 15),
('e52', '202109', 'ETP', 18),
('e52', '202109', 'KM', 350),
('e52', '202109', 'NUI', 7),
('e52', '202109', 'REP', 4),
('e52', '202110', 'ETP', 18),
('e52', '202110', 'KM', 360),
('e52', '202110', 'NUI', 17),
('e52', '202110', 'REP', 5),
('e52', '202111', 'ETP', 16),
('e52', '202111', 'KM', 847),
('e52', '202111', 'NUI', 12),
('e52', '202111', 'REP', 7),
('e52', '202112', 'ETP', 5),
('e52', '202112', 'KM', 964),
('e52', '202112', 'NUI', 17),
('e52', '202112', 'REP', 18),
('e52', '202201', 'ETP', 6),
('e52', '202201', 'KM', 709),
('e52', '202201', 'NUI', 13),
('e52', '202201', 'REP', 11),
('e52', '202202', 'ETP', 7),
('e52', '202202', 'KM', 363),
('e52', '202202', 'NUI', 18),
('e52', '202202', 'REP', 4),
('e52', '202203', 'ETP', 10),
('e52', '202203', 'KM', 503),
('e52', '202203', 'NUI', 9),
('e52', '202203', 'REP', 4),
('e52', '202204', 'ETP', 10),
('e52', '202204', 'KM', 572),
('e52', '202204', 'NUI', 7),
('e52', '202204', 'REP', 3),
('e52', '202205', 'ETP', 17),
('e52', '202205', 'KM', 656),
('e52', '202205', 'NUI', 8),
('e52', '202205', 'REP', 15),
('e52', '202206', 'ETP', 8),
('e52', '202206', 'KM', 494),
('e52', '202206', 'NUI', 6),
('e52', '202206', 'REP', 10),
('e52', '202207', 'ETP', 18),
('e52', '202207', 'KM', 787),
('e52', '202207', 'NUI', 16),
('e52', '202207', 'REP', 16),
('e52', '202208', 'ETP', 20),
('e52', '202208', 'KM', 303),
('e52', '202208', 'NUI', 11),
('e52', '202208', 'REP', 4),
('e52', '202209', 'ETP', 3),
('e52', '202209', 'KM', 432),
('e52', '202209', 'NUI', 6),
('e52', '202209', 'REP', 12),
('e52', '202210', 'ETP', 12),
('e52', '202210', 'KM', 602),
('e52', '202210', 'NUI', 16),
('e52', '202210', 'REP', 2),
('e52', '202211', 'ETP', 8),
('e52', '202211', 'KM', 583),
('e52', '202211', 'NUI', 13),
('e52', '202211', 'REP', 16),
('e52', '202212', 'ETP', 15),
('e52', '202212', 'KM', 548),
('e52', '202212', 'NUI', 17),
('e52', '202212', 'REP', 10),
('e52', '202301', 'ETP', 15),
('e52', '202301', 'KM', 775),
('e52', '202301', 'NUI', 13),
('e52', '202301', 'REP', 14),
('e52', '202302', 'ETP', 18),
('e52', '202302', 'KM', 433),
('e52', '202302', 'NUI', 11),
('e52', '202302', 'REP', 14),
('e52', '202303', 'ETP', 7),
('e52', '202303', 'KM', 772),
('e52', '202303', 'NUI', 13),
('e52', '202303', 'REP', 9),
('f21', '202101', 'ETP', 11),
('f21', '202101', 'KM', 302),
('f21', '202101', 'NUI', 17),
('f21', '202101', 'REP', 7),
('f21', '202102', 'ETP', 13),
('f21', '202102', 'KM', 663),
('f21', '202102', 'NUI', 10),
('f21', '202102', 'REP', 16),
('f21', '202103', 'ETP', 11),
('f21', '202103', 'KM', 489),
('f21', '202103', 'NUI', 8),
('f21', '202103', 'REP', 11),
('f21', '202104', 'ETP', 7),
('f21', '202104', 'KM', 909),
('f21', '202104', 'NUI', 18),
('f21', '202104', 'REP', 19),
('f21', '202105', 'ETP', 9),
('f21', '202105', 'KM', 634),
('f21', '202105', 'NUI', 16),
('f21', '202105', 'REP', 4),
('f21', '202106', 'ETP', 18),
('f21', '202106', 'KM', 385),
('f21', '202106', 'NUI', 9),
('f21', '202106', 'REP', 19),
('f21', '202107', 'ETP', 6),
('f21', '202107', 'KM', 956),
('f21', '202107', 'NUI', 11),
('f21', '202107', 'REP', 15),
('f21', '202108', 'ETP', 4),
('f21', '202108', 'KM', 690),
('f21', '202108', 'NUI', 7),
('f21', '202108', 'REP', 6),
('f21', '202109', 'ETP', 10),
('f21', '202109', 'KM', 561),
('f21', '202109', 'NUI', 13),
('f21', '202109', 'REP', 18),
('f21', '202110', 'ETP', 9),
('f21', '202110', 'KM', 607),
('f21', '202110', 'NUI', 17),
('f21', '202110', 'REP', 5),
('f21', '202111', 'ETP', 13),
('f21', '202111', 'KM', 571),
('f21', '202111', 'NUI', 2),
('f21', '202111', 'REP', 8),
('f21', '202112', 'ETP', 15),
('f21', '202112', 'KM', 923),
('f21', '202112', 'NUI', 8),
('f21', '202112', 'REP', 5),
('f21', '202201', 'ETP', 10),
('f21', '202201', 'KM', 777),
('f21', '202201', 'NUI', 3),
('f21', '202201', 'REP', 5),
('f21', '202202', 'ETP', 12),
('f21', '202202', 'KM', 653),
('f21', '202202', 'NUI', 6),
('f21', '202202', 'REP', 20),
('f21', '202203', 'ETP', 9),
('f21', '202203', 'KM', 531),
('f21', '202203', 'NUI', 11),
('f21', '202203', 'REP', 10),
('f21', '202204', 'ETP', 19),
('f21', '202204', 'KM', 676),
('f21', '202204', 'NUI', 11),
('f21', '202204', 'REP', 6),
('f21', '202205', 'ETP', 18),
('f21', '202205', 'KM', 824),
('f21', '202205', 'NUI', 8),
('f21', '202205', 'REP', 13),
('f21', '202206', 'ETP', 18),
('f21', '202206', 'KM', 856),
('f21', '202206', 'NUI', 3),
('f21', '202206', 'REP', 14),
('f21', '202207', 'ETP', 3),
('f21', '202207', 'KM', 815),
('f21', '202207', 'NUI', 9),
('f21', '202207', 'REP', 3),
('f21', '202208', 'ETP', 11),
('f21', '202208', 'KM', 702),
('f21', '202208', 'NUI', 18),
('f21', '202208', 'REP', 5),
('f21', '202209', 'ETP', 15),
('f21', '202209', 'KM', 782),
('f21', '202209', 'NUI', 16),
('f21', '202209', 'REP', 20),
('f21', '202210', 'ETP', 15),
('f21', '202210', 'KM', 615),
('f21', '202210', 'NUI', 4),
('f21', '202210', 'REP', 5),
('f21', '202211', 'ETP', 19),
('f21', '202211', 'KM', 550),
('f21', '202211', 'NUI', 9),
('f21', '202211', 'REP', 4),
('f21', '202212', 'ETP', 4),
('f21', '202212', 'KM', 365),
('f21', '202212', 'NUI', 19),
('f21', '202212', 'REP', 18),
('f21', '202301', 'ETP', 10),
('f21', '202301', 'KM', 987),
('f21', '202301', 'NUI', 7),
('f21', '202301', 'REP', 7),
('f21', '202302', 'ETP', 14),
('f21', '202302', 'KM', 981),
('f21', '202302', 'NUI', 9),
('f21', '202302', 'REP', 12),
('f21', '202303', 'ETP', 13),
('f21', '202303', 'KM', 760),
('f21', '202303', 'NUI', 12),
('f21', '202303', 'REP', 19),
('f39', '202101', 'ETP', 7),
('f39', '202101', 'KM', 926),
('f39', '202101', 'NUI', 11),
('f39', '202101', 'REP', 5),
('f39', '202102', 'ETP', 14),
('f39', '202102', 'KM', 555),
('f39', '202102', 'NUI', 20),
('f39', '202102', 'REP', 18),
('f39', '202103', 'ETP', 5),
('f39', '202103', 'KM', 736),
('f39', '202103', 'NUI', 18),
('f39', '202103', 'REP', 7),
('f39', '202104', 'ETP', 6),
('f39', '202104', 'KM', 742),
('f39', '202104', 'NUI', 19),
('f39', '202104', 'REP', 5),
('f39', '202105', 'ETP', 13),
('f39', '202105', 'KM', 402),
('f39', '202105', 'NUI', 11),
('f39', '202105', 'REP', 7),
('f39', '202106', 'ETP', 16),
('f39', '202106', 'KM', 795),
('f39', '202106', 'NUI', 17),
('f39', '202106', 'REP', 7),
('f39', '202107', 'ETP', 6),
('f39', '202107', 'KM', 502),
('f39', '202107', 'NUI', 9),
('f39', '202107', 'REP', 9),
('f39', '202108', 'ETP', 19),
('f39', '202108', 'KM', 732),
('f39', '202108', 'NUI', 15),
('f39', '202108', 'REP', 12),
('f39', '202109', 'ETP', 5),
('f39', '202109', 'KM', 880),
('f39', '202109', 'NUI', 12),
('f39', '202109', 'REP', 20),
('f39', '202110', 'ETP', 15),
('f39', '202110', 'KM', 621),
('f39', '202110', 'NUI', 5),
('f39', '202110', 'REP', 18),
('f39', '202111', 'ETP', 2),
('f39', '202111', 'KM', 741),
('f39', '202111', 'NUI', 7),
('f39', '202111', 'REP', 20),
('f39', '202112', 'ETP', 14),
('f39', '202112', 'KM', 994),
('f39', '202112', 'NUI', 18),
('f39', '202112', 'REP', 19),
('f39', '202201', 'ETP', 3),
('f39', '202201', 'KM', 779),
('f39', '202201', 'NUI', 9),
('f39', '202201', 'REP', 10),
('f39', '202202', 'ETP', 10),
('f39', '202202', 'KM', 595),
('f39', '202202', 'NUI', 18),
('f39', '202202', 'REP', 2),
('f39', '202203', 'ETP', 12),
('f39', '202203', 'KM', 823),
('f39', '202203', 'NUI', 9),
('f39', '202203', 'REP', 7),
('f39', '202204', 'ETP', 4),
('f39', '202204', 'KM', 307),
('f39', '202204', 'NUI', 12),
('f39', '202204', 'REP', 17),
('f39', '202205', 'ETP', 3),
('f39', '202205', 'KM', 974),
('f39', '202205', 'NUI', 15),
('f39', '202205', 'REP', 2),
('f39', '202206', 'ETP', 19),
('f39', '202206', 'KM', 417),
('f39', '202206', 'NUI', 11),
('f39', '202206', 'REP', 15),
('f39', '202207', 'ETP', 16),
('f39', '202207', 'KM', 562),
('f39', '202207', 'NUI', 12),
('f39', '202207', 'REP', 16),
('f39', '202208', 'ETP', 14),
('f39', '202208', 'KM', 758),
('f39', '202208', 'NUI', 4),
('f39', '202208', 'REP', 3),
('f39', '202209', 'ETP', 20),
('f39', '202209', 'KM', 338),
('f39', '202209', 'NUI', 17),
('f39', '202209', 'REP', 8),
('f39', '202210', 'ETP', 5),
('f39', '202210', 'KM', 537),
('f39', '202210', 'NUI', 20),
('f39', '202210', 'REP', 4),
('f39', '202211', 'ETP', 19),
('f39', '202211', 'KM', 377),
('f39', '202211', 'NUI', 20),
('f39', '202211', 'REP', 6),
('f39', '202212', 'ETP', 15),
('f39', '202212', 'KM', 485),
('f39', '202212', 'NUI', 15),
('f39', '202212', 'REP', 9),
('f39', '202301', 'ETP', 11),
('f39', '202301', 'KM', 459),
('f39', '202301', 'NUI', 14),
('f39', '202301', 'REP', 17),
('f39', '202302', 'ETP', 14),
('f39', '202302', 'KM', 503),
('f39', '202302', 'NUI', 8),
('f39', '202302', 'REP', 12),
('f39', '202303', 'ETP', 5),
('f39', '202303', 'KM', 448),
('f39', '202303', 'NUI', 17),
('f39', '202303', 'REP', 18),
('f4', '202101', 'ETP', 18),
('f4', '202101', 'KM', 312),
('f4', '202101', 'NUI', 11),
('f4', '202101', 'REP', 10),
('f4', '202102', 'ETP', 20),
('f4', '202102', 'KM', 947),
('f4', '202102', 'NUI', 12),
('f4', '202102', 'REP', 13),
('f4', '202103', 'ETP', 15),
('f4', '202103', 'KM', 975),
('f4', '202103', 'NUI', 2),
('f4', '202103', 'REP', 17),
('f4', '202104', 'ETP', 5),
('f4', '202104', 'KM', 651),
('f4', '202104', 'NUI', 3),
('f4', '202104', 'REP', 8),
('f4', '202105', 'ETP', 3),
('f4', '202105', 'KM', 846),
('f4', '202105', 'NUI', 6),
('f4', '202105', 'REP', 2),
('f4', '202106', 'ETP', 6),
('f4', '202106', 'KM', 585),
('f4', '202106', 'NUI', 15),
('f4', '202106', 'REP', 16),
('f4', '202107', 'ETP', 7),
('f4', '202107', 'KM', 632),
('f4', '202107', 'NUI', 14),
('f4', '202107', 'REP', 14),
('f4', '202108', 'ETP', 11),
('f4', '202108', 'KM', 838),
('f4', '202108', 'NUI', 10),
('f4', '202108', 'REP', 16),
('f4', '202109', 'ETP', 2),
('f4', '202109', 'KM', 622),
('f4', '202109', 'NUI', 15),
('f4', '202109', 'REP', 12),
('f4', '202110', 'ETP', 6),
('f4', '202110', 'KM', 534),
('f4', '202110', 'NUI', 3),
('f4', '202110', 'REP', 7),
('f4', '202111', 'ETP', 17),
('f4', '202111', 'KM', 342),
('f4', '202111', 'NUI', 5),
('f4', '202111', 'REP', 13),
('f4', '202112', 'ETP', 10),
('f4', '202112', 'KM', 969),
('f4', '202112', 'NUI', 15),
('f4', '202112', 'REP', 4),
('f4', '202201', 'ETP', 3),
('f4', '202201', 'KM', 983),
('f4', '202201', 'NUI', 16),
('f4', '202201', 'REP', 17),
('f4', '202202', 'ETP', 14),
('f4', '202202', 'KM', 518),
('f4', '202202', 'NUI', 8),
('f4', '202202', 'REP', 7),
('f4', '202203', 'ETP', 20),
('f4', '202203', 'KM', 636),
('f4', '202203', 'NUI', 13),
('f4', '202203', 'REP', 2),
('f4', '202204', 'ETP', 2),
('f4', '202204', 'KM', 657),
('f4', '202204', 'NUI', 13),
('f4', '202204', 'REP', 6),
('f4', '202205', 'ETP', 8),
('f4', '202205', 'KM', 587),
('f4', '202205', 'NUI', 15),
('f4', '202205', 'REP', 12),
('f4', '202206', 'ETP', 17),
('f4', '202206', 'KM', 632),
('f4', '202206', 'NUI', 4),
('f4', '202206', 'REP', 17),
('f4', '202207', 'ETP', 19),
('f4', '202207', 'KM', 385),
('f4', '202207', 'NUI', 13),
('f4', '202207', 'REP', 19),
('f4', '202208', 'ETP', 6),
('f4', '202208', 'KM', 615),
('f4', '202208', 'NUI', 6),
('f4', '202208', 'REP', 15),
('f4', '202209', 'ETP', 20),
('f4', '202209', 'KM', 753),
('f4', '202209', 'NUI', 20),
('f4', '202209', 'REP', 5),
('f4', '202210', 'ETP', 17),
('f4', '202210', 'KM', 565),
('f4', '202210', 'NUI', 9),
('f4', '202210', 'REP', 16),
('f4', '202211', 'ETP', 19),
('f4', '202211', 'KM', 862),
('f4', '202211', 'NUI', 4),
('f4', '202211', 'REP', 3),
('f4', '202212', 'ETP', 12),
('f4', '202212', 'KM', 397),
('f4', '202212', 'NUI', 2),
('f4', '202212', 'REP', 17),
('f4', '202301', 'ETP', 14),
('f4', '202301', 'KM', 949),
('f4', '202301', 'NUI', 9),
('f4', '202301', 'REP', 3),
('f4', '202302', 'ETP', 6),
('f4', '202302', 'KM', 445),
('f4', '202302', 'NUI', 2),
('f4', '202302', 'REP', 14),
('f4', '202303', 'ETP', 20),
('f4', '202303', 'KM', 983),
('f4', '202303', 'NUI', 18),
('f4', '202303', 'REP', 8);

--
-- Déchargement des données de la table `LigneFraisHorsForfait`
--

INSERT INTO `LigneFraisHorsForfait` (`id`, `idVisiteur`, `mois`, `libelle`, `date`, `montant`) VALUES
(609, 'a131', '202101', 'Voyage SNCF', '2021-01-20', '34.00'),
(610, 'a131', '202101', 'Voyage SNCF', '2021-01-03', '98.00'),
(611, 'a131', '202101', 'traiteur, alimentation, boisson', '2021-01-20', '239.00'),
(612, 'a131', '202101', 'frais vestimentaire/représentation', '2021-01-17', '405.00'),
(613, 'a131', '202101', 'taxi', '2021-01-17', '56.00'),
(614, 'a131', '202101', 'frais vestimentaire/représentation', '2021-01-11', '48.00'),
(615, 'a131', '202102', 'taxi', '2021-02-07', '49.00'),
(616, 'a131', '202103', 'rémunération intervenant/spécialiste', '2021-03-24', '448.00'),
(617, 'a131', '202104', 'location salle conférence', '2021-04-19', '443.00'),
(618, 'a131', '202105', 'rémunération intervenant/spécialiste', '2021-05-12', '779.00'),
(619, 'a131', '202105', 'traiteur, alimentation, boisson', '2021-05-14', '163.00'),
(620, 'a131', '202105', 'frais vestimentaire/représentation', '2021-05-23', '269.00'),
(621, 'a131', '202105', 'location véhicule', '2021-05-25', '371.00'),
(622, 'a131', '202105', 'location salle conférence', '2021-05-09', '534.00'),
(623, 'a131', '202105', 'location véhicule', '2021-05-26', '109.00'),
(624, 'a131', '202106', 'location véhicule', '2021-06-19', '409.00'),
(625, 'a131', '202106', 'location véhicule', '2021-06-19', '124.00'),
(626, 'a131', '202106', 'traiteur, alimentation, boisson', '2021-06-16', '284.00'),
(627, 'a131', '202107', 'location salle conférence', '2021-07-01', '562.00'),
(628, 'a131', '202107', 'achat de matériel de papèterie', '2021-07-06', '25.00'),
(629, 'a131', '202107', 'achat d\'espace publicitaire', '2021-07-13', '46.00'),
(630, 'a131', '202108', 'achat de matériel de papèterie', '2021-08-03', '11.00'),
(631, 'a131', '202109', 'location salle conférence', '2021-09-26', '206.00'),
(632, 'a131', '202109', 'Voyage SNCF', '2021-09-12', '66.00'),
(633, 'a131', '202109', 'Voyage SNCF', '2021-09-16', '55.00'),
(634, 'a131', '202109', 'location équipement vidéo/sonore', '2021-09-23', '473.00'),
(635, 'a131', '202109', 'frais vestimentaire/représentation', '2021-09-01', '334.00'),
(636, 'a131', '202110', 'rémunération intervenant/spécialiste', '2021-10-11', '343.00'),
(637, 'a131', '202111', 'traiteur, alimentation, boisson', '2021-11-18', '298.00'),
(638, 'a131', '202112', 'location équipement vidéo/sonore', '2021-12-03', '541.00'),
(639, 'a131', '202112', 'frais vestimentaire/représentation', '2021-12-21', '377.00'),
(640, 'a131', '202112', 'frais vestimentaire/représentation', '2021-12-24', '68.00'),
(641, 'a131', '202112', 'achat de matériel de papèterie', '2021-12-25', '36.00'),
(642, 'a131', '202112', 'location salle conférence', '2021-12-12', '145.00'),
(643, 'a131', '202201', 'location équipement vidéo/sonore', '2022-01-06', '672.00'),
(644, 'a131', '202202', 'location salle conférence', '2022-02-15', '364.00'),
(645, 'a131', '202202', 'frais vestimentaire/représentation', '2022-02-22', '55.00'),
(646, 'a131', '202202', 'Voyage SNCF', '2022-02-23', '66.00'),
(647, 'a131', '202202', 'traiteur, alimentation, boisson', '2022-02-02', '335.00'),
(648, 'a131', '202202', 'achat de matériel de papèterie', '2022-02-26', '17.00'),
(649, 'a131', '202203', 'location salle conférence', '2022-03-16', '301.00'),
(650, 'a131', '202203', 'location équipement vidéo/sonore', '2022-03-27', '548.00'),
(651, 'a131', '202203', 'achat d\'espace publicitaire', '2022-03-27', '81.00'),
(652, 'a131', '202204', 'Voyage SNCF', '2022-04-01', '58.00'),
(653, 'a131', '202204', 'taxi', '2022-04-18', '25.00'),
(654, 'a131', '202204', 'repas avec praticien', '2022-04-12', '49.00'),
(655, 'a131', '202205', 'achat d\'espace publicitaire', '2022-05-10', '88.00'),
(656, 'a131', '202205', 'location véhicule', '2022-05-18', '398.00'),
(657, 'a131', '202205', 'Voyage SNCF', '2022-05-18', '99.00'),
(658, 'a131', '202205', 'traiteur, alimentation, boisson', '2022-05-03', '299.00'),
(659, 'a131', '202205', 'location équipement vidéo/sonore', '2022-05-20', '636.00'),
(660, 'a131', '202205', 'location équipement vidéo/sonore', '2022-05-12', '314.00'),
(661, 'a131', '202206', 'location équipement vidéo/sonore', '2022-06-24', '399.00'),
(662, 'a131', '202206', 'location salle conférence', '2022-06-05', '631.00'),
(663, 'a131', '202206', 'achat de matériel de papèterie', '2022-06-05', '44.00'),
(664, 'a131', '202206', 'traiteur, alimentation, boisson', '2022-06-28', '185.00'),
(665, 'a131', '202206', 'taxi', '2022-06-02', '29.00'),
(666, 'a131', '202206', 'traiteur, alimentation, boisson', '2022-06-20', '51.00'),
(667, 'a131', '202207', 'repas avec praticien', '2022-07-23', '33.00'),
(668, 'a131', '202207', 'Voyage SNCF', '2022-07-21', '109.00'),
(669, 'a131', '202207', 'Voyage SNCF', '2022-07-18', '66.00'),
(670, 'a131', '202207', 'traiteur, alimentation, boisson', '2022-07-24', '133.00'),
(671, 'a131', '202207', 'achat de matériel de papèterie', '2022-07-28', '47.00'),
(672, 'a131', '202208', 'taxi', '2022-08-24', '50.00'),
(673, 'a131', '202208', 'location salle conférence', '2022-08-22', '408.00'),
(674, 'a131', '202208', 'Voyage SNCF', '2022-08-09', '113.00'),
(675, 'a131', '202208', 'rémunération intervenant/spécialiste', '2022-08-19', '477.00'),
(676, 'a131', '202208', 'repas avec praticien', '2022-08-11', '50.00'),
(677, 'a131', '202208', 'location véhicule', '2022-08-22', '390.00'),
(678, 'a131', '202209', 'traiteur, alimentation, boisson', '2022-09-08', '441.00'),
(679, 'a131', '202209', 'traiteur, alimentation, boisson', '2022-09-22', '335.00'),
(680, 'a131', '202210', 'location équipement vidéo/sonore', '2022-10-01', '583.00'),
(681, 'a131', '202210', 'achat d\'espace publicitaire', '2022-10-26', '29.00'),
(682, 'a131', '202210', 'location véhicule', '2022-10-01', '307.00'),
(683, 'a131', '202210', 'rémunération intervenant/spécialiste', '2022-10-04', '493.00'),
(684, 'a131', '202211', 'location salle conférence', '2022-11-28', '307.00'),
(685, 'a131', '202211', 'Voyage SNCF', '2022-11-16', '35.00'),
(686, 'a131', '202211', 'taxi', '2022-11-08', '36.00'),
(687, 'a131', '202211', 'achat d\'espace publicitaire', '2022-11-20', '99.00'),
(688, 'a131', '202211', 'Voyage SNCF', '2022-11-28', '92.00'),
(689, 'a131', '202212', 'repas avec praticien', '2022-12-05', '46.00'),
(690, 'a131', '202301', 'location salle conférence', '2023-01-14', '430.00'),
(691, 'a131', '202301', 'location salle conférence', '2023-01-02', '469.00'),
(692, 'a131', '202301', 'traiteur, alimentation, boisson', '2023-01-22', '442.00'),
(693, 'a131', '202302', 'frais vestimentaire/représentation', '2023-02-04', '82.00'),
(694, 'a131', '202302', 'location salle conférence', '2023-02-14', '583.00'),
(695, 'a131', '202302', 'location véhicule', '2023-02-10', '438.00'),
(696, 'a131', '202303', 'location véhicule', '2023-03-15', '359.00'),
(697, 'a131', '202303', 'rémunération intervenant/spécialiste', '2023-03-09', '551.00'),
(698, 'a131', '202303', 'rémunération intervenant/spécialiste', '2023-03-14', '1032.00'),
(699, 'a131', '202303', 'Voyage SNCF', '2023-03-04', '40.00'),
(700, 'a131', '202303', 'taxi', '2023-03-07', '34.00'),
(701, 'a131', '202303', 'traiteur, alimentation, boisson', '2023-03-20', '273.00'),
(702, 'a17', '202101', 'location équipement vidéo/sonore', '2021-01-24', '844.00'),
(703, 'a17', '202102', 'rémunération intervenant/spécialiste', '2021-02-10', '397.00'),
(704, 'a17', '202102', 'location équipement vidéo/sonore', '2021-02-01', '371.00'),
(705, 'a17', '202102', 'location salle conférence', '2021-02-23', '277.00'),
(706, 'a17', '202102', 'location équipement vidéo/sonore', '2021-02-18', '321.00'),
(707, 'a17', '202102', 'taxi', '2021-02-27', '41.00'),
(708, 'a17', '202102', 'achat de matériel de papèterie', '2021-02-06', '20.00'),
(709, 'a17', '202103', 'location salle conférence', '2021-03-19', '368.00'),
(710, 'a17', '202103', 'frais vestimentaire/représentation', '2021-03-20', '183.00'),
(711, 'a17', '202103', 'repas avec praticien', '2021-03-03', '44.00'),
(712, 'a17', '202103', 'repas avec praticien', '2021-03-17', '38.00'),
(713, 'a17', '202103', 'taxi', '2021-03-11', '20.00'),
(714, 'a17', '202103', 'traiteur, alimentation, boisson', '2021-03-06', '437.00'),
(715, 'a17', '202104', 'repas avec praticien', '2021-04-11', '48.00'),
(716, 'a17', '202105', 'rémunération intervenant/spécialiste', '2021-05-26', '779.00'),
(717, 'a17', '202106', 'achat de matériel de papèterie', '2021-06-07', '28.00'),
(718, 'a17', '202107', 'traiteur, alimentation, boisson', '2021-07-05', '112.00'),
(719, 'a17', '202107', 'location équipement vidéo/sonore', '2021-07-08', '229.00'),
(720, 'a17', '202107', 'achat d\'espace publicitaire', '2021-07-13', '55.00'),
(721, 'a17', '202108', 'taxi', '2021-08-18', '61.00'),
(722, 'a17', '202108', 'rémunération intervenant/spécialiste', '2021-08-05', '567.00'),
(723, 'a17', '202109', 'taxi', '2021-09-03', '77.00'),
(724, 'a17', '202109', 'achat d\'espace publicitaire', '2021-09-13', '46.00'),
(725, 'a17', '202109', 'achat d\'espace publicitaire', '2021-09-13', '97.00'),
(726, 'a17', '202109', 'Voyage SNCF', '2021-09-26', '124.00'),
(727, 'a17', '202110', 'achat d\'espace publicitaire', '2021-10-05', '90.00'),
(728, 'a17', '202110', 'location véhicule', '2021-10-04', '183.00'),
(729, 'a17', '202110', 'taxi', '2021-10-06', '43.00'),
(730, 'a17', '202110', 'frais vestimentaire/représentation', '2021-10-12', '235.00'),
(731, 'a17', '202110', 'taxi', '2021-10-10', '33.00'),
(732, 'a17', '202111', 'Voyage SNCF', '2021-11-22', '34.00'),
(733, 'a17', '202111', 'frais vestimentaire/représentation', '2021-11-11', '391.00'),
(734, 'a17', '202111', 'repas avec praticien', '2021-11-03', '42.00'),
(735, 'a17', '202111', 'Voyage SNCF', '2021-11-18', '46.00'),
(736, 'a17', '202112', 'taxi', '2021-12-03', '34.00'),
(737, 'a17', '202112', 'location salle conférence', '2021-12-06', '587.00'),
(738, 'a17', '202112', 'frais vestimentaire/représentation', '2021-12-02', '151.00'),
(739, 'a17', '202112', 'location salle conférence', '2021-12-03', '398.00'),
(740, 'a17', '202112', 'location salle conférence', '2021-12-22', '361.00'),
(741, 'a17', '202112', 'frais vestimentaire/représentation', '2021-12-26', '442.00'),
(742, 'a17', '202201', 'location équipement vidéo/sonore', '2022-01-23', '770.00'),
(743, 'a17', '202202', 'location équipement vidéo/sonore', '2022-02-06', '649.00'),
(744, 'a17', '202202', 'location véhicule', '2022-02-16', '414.00'),
(745, 'a17', '202202', 'rémunération intervenant/spécialiste', '2022-02-16', '722.00'),
(746, 'a17', '202203', 'traiteur, alimentation, boisson', '2022-03-11', '233.00'),
(747, 'a17', '202203', 'location équipement vidéo/sonore', '2022-03-24', '322.00'),
(748, 'a17', '202203', 'location véhicule', '2022-03-12', '297.00'),
(749, 'a17', '202204', 'frais vestimentaire/représentation', '2022-04-08', '375.00'),
(750, 'a17', '202204', 'traiteur, alimentation, boisson', '2022-04-27', '65.00'),
(751, 'a17', '202204', 'achat d\'espace publicitaire', '2022-04-12', '118.00'),
(752, 'a17', '202204', 'frais vestimentaire/représentation', '2022-04-28', '133.00'),
(753, 'a17', '202204', 'Voyage SNCF', '2022-04-14', '34.00'),
(754, 'a17', '202205', 'location équipement vidéo/sonore', '2022-05-24', '415.00'),
(755, 'a17', '202205', 'rémunération intervenant/spécialiste', '2022-05-08', '1031.00'),
(756, 'a17', '202205', 'achat d\'espace publicitaire', '2022-05-25', '96.00'),
(757, 'a17', '202205', 'rémunération intervenant/spécialiste', '2022-05-26', '713.00'),
(758, 'a17', '202205', 'repas avec praticien', '2022-05-03', '50.00'),
(759, 'a17', '202205', 'repas avec praticien', '2022-05-22', '48.00'),
(760, 'a17', '202206', 'taxi', '2022-06-07', '68.00'),
(761, 'a17', '202206', 'location salle conférence', '2022-06-28', '236.00'),
(762, 'a17', '202206', 'location équipement vidéo/sonore', '2022-06-01', '457.00'),
(763, 'a17', '202206', 'achat de matériel de papèterie', '2022-06-26', '40.00'),
(764, 'a17', '202206', 'rémunération intervenant/spécialiste', '2022-06-05', '267.00'),
(765, 'a17', '202207', 'location équipement vidéo/sonore', '2022-07-19', '343.00'),
(766, 'a17', '202207', 'traiteur, alimentation, boisson', '2022-07-15', '103.00'),
(767, 'a17', '202207', 'location équipement vidéo/sonore', '2022-07-15', '217.00'),
(768, 'a17', '202208', 'repas avec praticien', '2022-08-13', '48.00'),
(769, 'a17', '202209', 'location véhicule', '2022-09-17', '96.00'),
(770, 'a17', '202209', 'location salle conférence', '2022-09-15', '243.00'),
(771, 'a17', '202209', 'taxi', '2022-09-24', '77.00'),
(772, 'a17', '202209', 'Voyage SNCF', '2022-09-19', '143.00'),
(773, 'a17', '202209', 'rémunération intervenant/spécialiste', '2022-09-08', '476.00'),
(774, 'a17', '202210', 'Voyage SNCF', '2022-10-17', '112.00'),
(775, 'a17', '202210', 'location équipement vidéo/sonore', '2022-10-05', '377.00'),
(776, 'a17', '202210', 'achat d\'espace publicitaire', '2022-10-02', '103.00'),
(777, 'a17', '202210', 'achat d\'espace publicitaire', '2022-10-24', '114.00'),
(778, 'a17', '202210', 'location véhicule', '2022-10-06', '81.00'),
(779, 'a17', '202211', 'location équipement vidéo/sonore', '2022-11-14', '442.00'),
(780, 'a17', '202211', 'achat d\'espace publicitaire', '2022-11-17', '143.00'),
(781, 'a17', '202211', 'location véhicule', '2022-11-16', '373.00'),
(782, 'a17', '202211', 'location équipement vidéo/sonore', '2022-11-06', '470.00'),
(783, 'a17', '202211', 'location véhicule', '2022-11-23', '116.00'),
(784, 'a17', '202212', 'achat de matériel de papèterie', '2022-12-15', '26.00'),
(785, 'a17', '202212', 'achat d\'espace publicitaire', '2022-12-14', '116.00'),
(786, 'a17', '202212', 'location équipement vidéo/sonore', '2022-12-01', '618.00'),
(787, 'a17', '202212', 'Voyage SNCF', '2022-12-15', '93.00'),
(788, 'a17', '202301', 'rémunération intervenant/spécialiste', '2023-01-01', '322.00'),
(789, 'a17', '202301', 'achat de matériel de papèterie', '2023-01-15', '27.00'),
(790, 'a17', '202301', 'location véhicule', '2023-01-21', '169.00'),
(791, 'a17', '202301', 'frais vestimentaire/représentation', '2023-01-22', '301.00'),
(792, 'a17', '202301', 'repas avec praticien', '2023-01-23', '38.00'),
(793, 'a17', '202301', 'location salle conférence', '2023-01-19', '398.00'),
(794, 'a17', '202302', 'location salle conférence', '2023-02-05', '415.00'),
(795, 'a17', '202302', 'taxi', '2023-02-05', '75.00'),
(796, 'a17', '202302', 'location équipement vidéo/sonore', '2023-02-18', '351.00'),
(797, 'a17', '202302', 'location véhicule', '2023-02-03', '33.00'),
(798, 'a17', '202302', 'traiteur, alimentation, boisson', '2023-02-12', '272.00'),
(799, 'a17', '202302', 'rémunération intervenant/spécialiste', '2023-02-07', '1170.00'),
(800, 'a17', '202303', 'achat de matériel de papèterie', '2023-03-19', '30.00'),
(801, 'a17', '202303', 'traiteur, alimentation, boisson', '2023-03-18', '302.00'),
(802, 'a17', '202303', 'Voyage SNCF', '2023-03-25', '129.00'),
(803, 'a17', '202303', 'location équipement vidéo/sonore', '2023-03-23', '698.00'),
(804, 'a17', '202303', 'achat d\'espace publicitaire', '2023-03-01', '125.00'),
(805, 'a55', '202101', 'taxi', '2021-01-25', '53.00'),
(806, 'a55', '202102', 'frais vestimentaire/représentation', '2021-02-20', '245.00'),
(807, 'a55', '202102', 'achat d\'espace publicitaire', '2021-02-14', '69.00'),
(808, 'a55', '202102', 'achat d\'espace publicitaire', '2021-02-24', '51.00'),
(809, 'a55', '202102', 'location équipement vidéo/sonore', '2021-02-15', '471.00'),
(810, 'a55', '202102', 'rémunération intervenant/spécialiste', '2021-02-05', '799.00'),
(811, 'a55', '202102', 'achat d\'espace publicitaire', '2021-02-17', '61.00'),
(812, 'a55', '202103', 'achat de matériel de papèterie', '2021-03-21', '11.00'),
(813, 'a55', '202103', 'achat d\'espace publicitaire', '2021-03-22', '24.00'),
(814, 'a55', '202103', 'location équipement vidéo/sonore', '2021-03-02', '420.00'),
(815, 'a55', '202103', 'rémunération intervenant/spécialiste', '2021-03-07', '617.00'),
(816, 'a55', '202103', 'repas avec praticien', '2021-03-28', '39.00'),
(817, 'a55', '202103', 'achat de matériel de papèterie', '2021-03-09', '46.00'),
(818, 'a55', '202104', 'location salle conférence', '2021-04-17', '391.00'),
(819, 'a55', '202104', 'achat d\'espace publicitaire', '2021-04-23', '117.00'),
(820, 'a55', '202105', 'achat d\'espace publicitaire', '2021-05-17', '51.00'),
(821, 'a55', '202105', 'taxi', '2021-05-12', '58.00'),
(822, 'a55', '202106', 'repas avec praticien', '2021-06-26', '43.00'),
(823, 'a55', '202106', 'achat d\'espace publicitaire', '2021-06-22', '56.00'),
(824, 'a55', '202106', 'location véhicule', '2021-06-25', '362.00'),
(825, 'a55', '202106', 'rémunération intervenant/spécialiste', '2021-06-19', '1088.00'),
(826, 'a55', '202106', 'rémunération intervenant/spécialiste', '2021-06-20', '920.00'),
(827, 'a55', '202107', 'location véhicule', '2021-07-26', '255.00'),
(828, 'a55', '202107', 'rémunération intervenant/spécialiste', '2021-07-12', '255.00'),
(829, 'a55', '202107', 'taxi', '2021-07-05', '54.00'),
(830, 'a55', '202107', 'achat de matériel de papèterie', '2021-07-13', '37.00'),
(831, 'a55', '202107', 'location salle conférence', '2021-07-18', '599.00'),
(832, 'a55', '202107', 'Voyage SNCF', '2021-07-08', '53.00'),
(833, 'a55', '202108', 'frais vestimentaire/représentation', '2021-08-22', '423.00'),
(834, 'a55', '202108', 'location véhicule', '2021-08-03', '166.00'),
(835, 'a55', '202108', 'frais vestimentaire/représentation', '2021-08-13', '256.00'),
(836, 'a55', '202109', 'frais vestimentaire/représentation', '2021-09-27', '318.00'),
(837, 'a55', '202109', 'location véhicule', '2021-09-18', '359.00'),
(838, 'a55', '202109', 'rémunération intervenant/spécialiste', '2021-09-09', '1050.00'),
(839, 'a55', '202110', 'frais vestimentaire/représentation', '2021-10-15', '356.00'),
(840, 'a55', '202110', 'location équipement vidéo/sonore', '2021-10-01', '109.00'),
(841, 'a55', '202110', 'location salle conférence', '2021-10-12', '129.00'),
(842, 'a55', '202110', 'location véhicule', '2021-10-04', '450.00'),
(843, 'a55', '202111', 'achat de matériel de papèterie', '2021-11-06', '11.00'),
(844, 'a55', '202111', 'Voyage SNCF', '2021-11-03', '83.00'),
(845, 'a55', '202111', 'Voyage SNCF', '2021-11-08', '48.00'),
(846, 'a55', '202111', 'traiteur, alimentation, boisson', '2021-11-15', '239.00'),
(847, 'a55', '202111', 'traiteur, alimentation, boisson', '2021-11-23', '25.00'),
(848, 'a55', '202112', 'Voyage SNCF', '2021-12-22', '65.00'),
(849, 'a55', '202112', 'location véhicule', '2021-12-03', '182.00'),
(850, 'a55', '202112', 'achat de matériel de papèterie', '2021-12-06', '37.00'),
(851, 'a55', '202112', 'traiteur, alimentation, boisson', '2021-12-15', '337.00'),
(852, 'a55', '202112', 'achat d\'espace publicitaire', '2021-12-01', '59.00'),
(853, 'a55', '202201', 'location salle conférence', '2022-01-23', '165.00'),
(854, 'a55', '202202', 'location salle conférence', '2022-02-20', '401.00'),
(855, 'a55', '202202', 'rémunération intervenant/spécialiste', '2022-02-05', '765.00'),
(856, 'a55', '202203', 'traiteur, alimentation, boisson', '2022-03-18', '421.00'),
(857, 'a55', '202203', 'location véhicule', '2022-03-17', '118.00'),
(858, 'a55', '202203', 'rémunération intervenant/spécialiste', '2022-03-19', '788.00'),
(859, 'a55', '202203', 'achat de matériel de papèterie', '2022-03-15', '45.00'),
(860, 'a55', '202204', 'repas avec praticien', '2022-04-01', '45.00'),
(861, 'a55', '202205', 'rémunération intervenant/spécialiste', '2022-05-09', '935.00'),
(862, 'a55', '202205', 'Voyage SNCF', '2022-05-25', '34.00'),
(863, 'a55', '202206', 'location véhicule', '2022-06-21', '329.00'),
(864, 'a55', '202207', 'traiteur, alimentation, boisson', '2022-07-10', '357.00'),
(865, 'a55', '202207', 'rémunération intervenant/spécialiste', '2022-07-03', '621.00'),
(866, 'a55', '202207', 'achat de matériel de papèterie', '2022-07-04', '37.00'),
(867, 'a55', '202208', 'repas avec praticien', '2022-08-03', '30.00'),
(868, 'a55', '202208', 'rémunération intervenant/spécialiste', '2022-08-07', '531.00'),
(869, 'a55', '202208', 'location véhicule', '2022-08-20', '402.00'),
(870, 'a55', '202208', 'frais vestimentaire/représentation', '2022-08-16', '305.00'),
(871, 'a55', '202209', 'achat de matériel de papèterie', '2022-09-13', '33.00'),
(872, 'a55', '202210', 'location salle conférence', '2022-10-21', '425.00'),
(873, 'a55', '202210', 'rémunération intervenant/spécialiste', '2022-10-09', '448.00'),
(874, 'a55', '202210', 'achat d\'espace publicitaire', '2022-10-10', '28.00'),
(875, 'a55', '202210', 'repas avec praticien', '2022-10-21', '31.00'),
(876, 'a55', '202211', 'traiteur, alimentation, boisson', '2022-11-10', '289.00'),
(877, 'a55', '202212', 'location véhicule', '2022-12-25', '422.00'),
(878, 'a55', '202212', 'location équipement vidéo/sonore', '2022-12-08', '406.00'),
(879, 'a55', '202212', 'taxi', '2022-12-20', '33.00'),
(880, 'a55', '202301', 'location équipement vidéo/sonore', '2023-01-26', '267.00'),
(881, 'a55', '202302', 'Voyage SNCF', '2023-02-05', '41.00'),
(882, 'a55', '202302', 'traiteur, alimentation, boisson', '2023-02-27', '414.00'),
(883, 'a55', '202302', 'traiteur, alimentation, boisson', '2023-02-23', '97.00'),
(884, 'a55', '202302', 'frais vestimentaire/représentation', '2023-02-02', '445.00'),
(885, 'a55', '202303', 'taxi', '2023-03-27', '21.00'),
(886, 'a55', '202303', 'location salle conférence', '2023-03-19', '399.00'),
(887, 'a55', '202303', 'location salle conférence', '2023-03-21', '125.00'),
(888, 'a93', '202101', 'location équipement vidéo/sonore', '2021-01-13', '633.00'),
(889, 'a93', '202101', 'location véhicule', '2021-01-18', '173.00'),
(890, 'a93', '202101', 'location salle conférence', '2021-01-11', '439.00'),
(891, 'a93', '202101', 'rémunération intervenant/spécialiste', '2021-01-17', '566.00'),
(892, 'a93', '202101', 'frais vestimentaire/représentation', '2021-01-17', '393.00'),
(893, 'a93', '202102', 'achat d\'espace publicitaire', '2021-02-04', '80.00'),
(894, 'a93', '202102', 'rémunération intervenant/spécialiste', '2021-02-11', '605.00'),
(895, 'a93', '202102', 'location véhicule', '2021-02-23', '113.00'),
(896, 'a93', '202103', 'rémunération intervenant/spécialiste', '2021-03-05', '1006.00'),
(897, 'a93', '202103', 'achat d\'espace publicitaire', '2021-03-17', '140.00'),
(898, 'a93', '202103', 'Voyage SNCF', '2021-03-05', '88.00'),
(899, 'a93', '202104', 'achat de matériel de papèterie', '2021-04-05', '25.00'),
(900, 'a93', '202104', 'Voyage SNCF', '2021-04-02', '55.00'),
(901, 'a93', '202105', 'achat de matériel de papèterie', '2021-05-14', '22.00'),
(902, 'a93', '202105', 'location équipement vidéo/sonore', '2021-05-28', '588.00'),
(903, 'a93', '202105', 'location équipement vidéo/sonore', '2021-05-16', '728.00'),
(904, 'a93', '202105', 'Voyage SNCF', '2021-05-11', '116.00'),
(905, 'a93', '202105', 'location équipement vidéo/sonore', '2021-05-10', '265.00'),
(906, 'a93', '202106', 'traiteur, alimentation, boisson', '2021-06-04', '276.00'),
(907, 'a93', '202106', 'frais vestimentaire/représentation', '2021-06-17', '229.00'),
(908, 'a93', '202106', 'frais vestimentaire/représentation', '2021-06-17', '55.00'),
(909, 'a93', '202106', 'rémunération intervenant/spécialiste', '2021-06-01', '455.00'),
(910, 'a93', '202107', 'rémunération intervenant/spécialiste', '2021-07-21', '845.00'),
(911, 'a93', '202107', 'location salle conférence', '2021-07-02', '306.00'),
(912, 'a93', '202108', 'frais vestimentaire/représentation', '2021-08-27', '235.00'),
(913, 'a93', '202108', 'Voyage SNCF', '2021-08-19', '63.00'),
(914, 'a93', '202108', 'taxi', '2021-08-23', '62.00'),
(915, 'a93', '202108', 'achat d\'espace publicitaire', '2021-08-06', '101.00'),
(916, 'a93', '202109', 'location équipement vidéo/sonore', '2021-09-02', '200.00'),
(917, 'a93', '202109', 'achat de matériel de papèterie', '2021-09-21', '18.00'),
(918, 'a93', '202109', 'traiteur, alimentation, boisson', '2021-09-10', '50.00'),
(919, 'a93', '202109', 'taxi', '2021-09-28', '77.00'),
(920, 'a93', '202110', 'achat de matériel de papèterie', '2021-10-23', '30.00'),
(921, 'a93', '202110', 'Voyage SNCF', '2021-10-02', '58.00'),
(922, 'a93', '202110', 'achat d\'espace publicitaire', '2021-10-16', '42.00'),
(923, 'a93', '202110', 'rémunération intervenant/spécialiste', '2021-10-15', '1157.00'),
(924, 'a93', '202110', 'traiteur, alimentation, boisson', '2021-10-12', '157.00'),
(925, 'a93', '202111', 'achat d\'espace publicitaire', '2021-11-04', '86.00'),
(926, 'a93', '202111', 'location véhicule', '2021-11-06', '125.00'),
(927, 'a93', '202111', 'achat de matériel de papèterie', '2021-11-17', '13.00'),
(928, 'a93', '202111', 'achat de matériel de papèterie', '2021-11-05', '33.00'),
(929, 'a93', '202111', 'location salle conférence', '2021-11-13', '149.00'),
(930, 'a93', '202111', 'achat de matériel de papèterie', '2021-11-24', '29.00'),
(931, 'a93', '202112', 'traiteur, alimentation, boisson', '2021-12-21', '198.00'),
(932, 'a93', '202112', 'location équipement vidéo/sonore', '2021-12-13', '673.00'),
(933, 'a93', '202112', 'taxi', '2021-12-06', '45.00'),
(934, 'a93', '202112', 'location véhicule', '2021-12-24', '180.00'),
(935, 'a93', '202112', 'achat de matériel de papèterie', '2021-12-09', '41.00'),
(936, 'a93', '202201', 'Voyage SNCF', '2022-01-22', '140.00'),
(937, 'a93', '202201', 'achat de matériel de papèterie', '2022-01-16', '42.00'),
(938, 'a93', '202201', 'location véhicule', '2022-01-26', '326.00'),
(939, 'a93', '202201', 'traiteur, alimentation, boisson', '2022-01-18', '447.00'),
(940, 'a93', '202201', 'repas avec praticien', '2022-01-20', '30.00'),
(941, 'a93', '202201', 'rémunération intervenant/spécialiste', '2022-01-25', '761.00'),
(942, 'a93', '202202', 'location salle conférence', '2022-02-19', '602.00'),
(943, 'a93', '202202', 'rémunération intervenant/spécialiste', '2022-02-07', '442.00'),
(944, 'a93', '202202', 'taxi', '2022-02-06', '60.00'),
(945, 'a93', '202203', 'achat d\'espace publicitaire', '2022-03-17', '25.00'),
(946, 'a93', '202203', 'location véhicule', '2022-03-28', '177.00'),
(947, 'a93', '202203', 'achat d\'espace publicitaire', '2022-03-03', '37.00'),
(948, 'a93', '202203', 'rémunération intervenant/spécialiste', '2022-03-05', '881.00'),
(949, 'a93', '202203', 'rémunération intervenant/spécialiste', '2022-03-08', '494.00'),
(950, 'a93', '202204', 'location véhicule', '2022-04-02', '118.00'),
(951, 'a93', '202204', 'traiteur, alimentation, boisson', '2022-04-14', '145.00'),
(952, 'a93', '202205', 'location véhicule', '2022-05-28', '104.00'),
(953, 'a93', '202205', 'repas avec praticien', '2022-05-04', '49.00'),
(954, 'a93', '202206', 'location salle conférence', '2022-06-03', '325.00'),
(955, 'a93', '202206', 'frais vestimentaire/représentation', '2022-06-16', '346.00'),
(956, 'a93', '202207', 'Voyage SNCF', '2022-07-25', '90.00'),
(957, 'a93', '202207', 'location équipement vidéo/sonore', '2022-07-08', '672.00'),
(958, 'a93', '202207', 'Voyage SNCF', '2022-07-04', '65.00'),
(959, 'a93', '202207', 'taxi', '2022-07-16', '28.00'),
(960, 'a93', '202207', 'rémunération intervenant/spécialiste', '2022-07-26', '502.00'),
(961, 'a93', '202207', 'Voyage SNCF', '2022-07-26', '30.00'),
(962, 'a93', '202208', 'repas avec praticien', '2022-08-25', '37.00'),
(963, 'a93', '202208', 'location véhicule', '2022-08-04', '438.00'),
(964, 'a93', '202208', 'location véhicule', '2022-08-10', '45.00'),
(965, 'a93', '202208', 'traiteur, alimentation, boisson', '2022-08-07', '226.00'),
(966, 'a93', '202208', 'rémunération intervenant/spécialiste', '2022-08-22', '1177.00'),
(967, 'a93', '202208', 'location salle conférence', '2022-08-01', '637.00'),
(968, 'a93', '202209', 'location équipement vidéo/sonore', '2022-09-14', '312.00'),
(969, 'a93', '202210', 'rémunération intervenant/spécialiste', '2022-10-04', '512.00'),
(970, 'a93', '202211', 'frais vestimentaire/représentation', '2022-11-01', '377.00'),
(971, 'a93', '202211', 'traiteur, alimentation, boisson', '2022-11-13', '140.00'),
(972, 'a93', '202211', 'achat de matériel de papèterie', '2022-11-24', '20.00'),
(973, 'a93', '202211', 'achat d\'espace publicitaire', '2022-11-22', '44.00'),
(974, 'a93', '202211', 'traiteur, alimentation, boisson', '2022-11-10', '74.00'),
(975, 'a93', '202212', 'location équipement vidéo/sonore', '2022-12-10', '484.00'),
(976, 'a93', '202212', 'achat de matériel de papèterie', '2022-12-24', '17.00'),
(977, 'a93', '202212', 'traiteur, alimentation, boisson', '2022-12-27', '372.00'),
(978, 'a93', '202212', 'taxi', '2022-12-27', '40.00'),
(979, 'a93', '202212', 'achat d\'espace publicitaire', '2022-12-05', '140.00'),
(980, 'a93', '202212', 'rémunération intervenant/spécialiste', '2022-12-26', '891.00'),
(981, 'a93', '202301', 'rémunération intervenant/spécialiste', '2023-01-02', '949.00'),
(982, 'a93', '202301', 'achat d\'espace publicitaire', '2023-01-14', '114.00'),
(983, 'a93', '202301', 'Voyage SNCF', '2023-01-19', '142.00'),
(984, 'a93', '202301', 'Voyage SNCF', '2023-01-04', '43.00'),
(985, 'a93', '202302', 'location véhicule', '2023-02-19', '382.00'),
(986, 'a93', '202302', 'frais vestimentaire/représentation', '2023-02-20', '169.00'),
(987, 'a93', '202302', 'location véhicule', '2023-02-10', '398.00'),
(988, 'a93', '202302', 'location salle conférence', '2023-02-13', '476.00'),
(989, 'a93', '202302', 'repas avec praticien', '2023-02-12', '41.00'),
(990, 'a93', '202303', 'taxi', '2023-03-17', '80.00'),
(991, 'b13', '202101', 'frais vestimentaire/représentation', '2021-01-25', '142.00'),
(992, 'b13', '202101', 'location véhicule', '2021-01-25', '450.00'),
(993, 'b13', '202101', 'repas avec praticien', '2021-01-05', '36.00'),
(994, 'b13', '202101', 'taxi', '2021-01-22', '49.00'),
(995, 'b13', '202101', 'taxi', '2021-01-18', '67.00'),
(996, 'b13', '202102', 'location équipement vidéo/sonore', '2021-02-07', '474.00'),
(997, 'b13', '202102', 'rémunération intervenant/spécialiste', '2021-02-03', '418.00'),
(998, 'b13', '202102', 'achat de matériel de papèterie', '2021-02-06', '24.00'),
(999, 'b13', '202102', 'repas avec praticien', '2021-02-10', '34.00'),
(1000, 'b13', '202103', 'Voyage SNCF', '2021-03-16', '41.00'),
(1001, 'b13', '202103', 'achat de matériel de papèterie', '2021-03-09', '34.00'),
(1002, 'b13', '202103', 'location véhicule', '2021-03-03', '372.00'),
(1003, 'b13', '202103', 'rémunération intervenant/spécialiste', '2021-03-11', '1130.00'),
(1004, 'b13', '202104', 'achat de matériel de papèterie', '2021-04-20', '27.00'),
(1005, 'b13', '202104', 'frais vestimentaire/représentation', '2021-04-20', '319.00'),
(1006, 'b13', '202104', 'frais vestimentaire/représentation', '2021-04-13', '129.00'),
(1007, 'b13', '202104', 'location équipement vidéo/sonore', '2021-04-14', '532.00'),
(1008, 'b13', '202104', 'location équipement vidéo/sonore', '2021-04-17', '371.00'),
(1009, 'b13', '202105', 'achat de matériel de papèterie', '2021-05-15', '11.00'),
(1010, 'b13', '202105', 'frais vestimentaire/représentation', '2021-05-27', '428.00'),
(1011, 'b13', '202106', 'repas avec praticien', '2021-06-12', '47.00'),
(1012, 'b13', '202106', 'Voyage SNCF', '2021-06-16', '59.00'),
(1013, 'b13', '202107', 'Voyage SNCF', '2021-07-14', '124.00'),
(1014, 'b13', '202107', 'taxi', '2021-07-07', '25.00'),
(1015, 'b13', '202107', 'taxi', '2021-07-09', '40.00'),
(1016, 'b13', '202107', 'achat de matériel de papèterie', '2021-07-21', '39.00'),
(1017, 'b13', '202108', 'location véhicule', '2021-08-04', '341.00'),
(1018, 'b13', '202108', 'traiteur, alimentation, boisson', '2021-08-12', '84.00'),
(1019, 'b13', '202108', 'rémunération intervenant/spécialiste', '2021-08-23', '323.00'),
(1020, 'b13', '202108', 'rémunération intervenant/spécialiste', '2021-08-18', '880.00'),
(1021, 'b13', '202108', 'achat de matériel de papèterie', '2021-08-03', '33.00'),
(1022, 'b13', '202109', 'achat d\'espace publicitaire', '2021-09-17', '87.00'),
(1023, 'b13', '202109', 'achat d\'espace publicitaire', '2021-09-19', '111.00'),
(1024, 'b13', '202110', 'location véhicule', '2021-10-08', '169.00'),
(1025, 'b13', '202110', 'rémunération intervenant/spécialiste', '2021-10-24', '1001.00'),
(1026, 'b13', '202110', 'traiteur, alimentation, boisson', '2021-10-27', '143.00'),
(1027, 'b13', '202110', 'achat de matériel de papèterie', '2021-10-11', '31.00'),
(1028, 'b13', '202110', 'location équipement vidéo/sonore', '2021-10-20', '513.00'),
(1029, 'b13', '202110', 'Voyage SNCF', '2021-10-08', '81.00'),
(1030, 'b13', '202111', 'Voyage SNCF', '2021-11-11', '89.00'),
(1031, 'b13', '202111', 'location salle conférence', '2021-11-13', '618.00'),
(1032, 'b13', '202111', 'achat de matériel de papèterie', '2021-11-23', '15.00'),
(1033, 'b13', '202111', 'Voyage SNCF', '2021-11-13', '132.00'),
(1034, 'b13', '202111', 'frais vestimentaire/représentation', '2021-11-18', '236.00'),
(1035, 'b13', '202112', 'Voyage SNCF', '2021-12-07', '93.00'),
(1036, 'b13', '202112', 'frais vestimentaire/représentation', '2021-12-17', '90.00'),
(1037, 'b13', '202112', 'frais vestimentaire/représentation', '2021-12-21', '187.00'),
(1038, 'b13', '202112', 'achat de matériel de papèterie', '2021-12-23', '10.00'),
(1039, 'b13', '202112', 'repas avec praticien', '2021-12-10', '39.00'),
(1040, 'b13', '202112', 'location équipement vidéo/sonore', '2021-12-04', '441.00'),
(1041, 'b13', '202201', 'Voyage SNCF', '2022-01-04', '134.00'),
(1042, 'b13', '202201', 'location véhicule', '2022-01-15', '209.00'),
(1043, 'b13', '202202', 'achat d\'espace publicitaire', '2022-02-20', '118.00'),
(1044, 'b13', '202202', 'repas avec praticien', '2022-02-24', '40.00'),
(1045, 'b13', '202202', 'frais vestimentaire/représentation', '2022-02-01', '120.00'),
(1046, 'b13', '202202', 'location équipement vidéo/sonore', '2022-02-13', '435.00'),
(1047, 'b13', '202203', 'Voyage SNCF', '2022-03-01', '121.00'),
(1048, 'b13', '202203', 'Voyage SNCF', '2022-03-02', '89.00'),
(1049, 'b13', '202203', 'rémunération intervenant/spécialiste', '2022-03-02', '399.00'),
(1050, 'b13', '202203', 'location équipement vidéo/sonore', '2022-03-05', '772.00'),
(1051, 'b13', '202203', 'traiteur, alimentation, boisson', '2022-03-07', '364.00'),
(1052, 'b13', '202204', 'location véhicule', '2022-04-27', '54.00'),
(1053, 'b13', '202205', 'Voyage SNCF', '2022-05-01', '146.00'),
(1054, 'b13', '202205', 'rémunération intervenant/spécialiste', '2022-05-10', '878.00'),
(1055, 'b13', '202205', 'Voyage SNCF', '2022-05-20', '105.00'),
(1056, 'b13', '202205', 'location équipement vidéo/sonore', '2022-05-17', '201.00'),
(1057, 'b13', '202205', 'location salle conférence', '2022-05-08', '639.00'),
(1058, 'b13', '202206', 'rémunération intervenant/spécialiste', '2022-06-20', '1039.00'),
(1059, 'b13', '202206', 'traiteur, alimentation, boisson', '2022-06-24', '388.00'),
(1060, 'b13', '202207', 'traiteur, alimentation, boisson', '2022-07-16', '328.00'),
(1061, 'b13', '202207', 'achat d\'espace publicitaire', '2022-07-07', '145.00'),
(1062, 'b13', '202207', 'location équipement vidéo/sonore', '2022-07-27', '674.00'),
(1063, 'b13', '202207', 'location salle conférence', '2022-07-07', '505.00'),
(1064, 'b13', '202207', 'Voyage SNCF', '2022-07-08', '48.00'),
(1065, 'b13', '202207', 'location salle conférence', '2022-07-03', '171.00'),
(1066, 'b13', '202208', 'taxi', '2022-08-23', '72.00'),
(1067, 'b13', '202208', 'location salle conférence', '2022-08-28', '321.00'),
(1068, 'b13', '202208', 'location véhicule', '2022-08-27', '247.00'),
(1069, 'b13', '202209', 'frais vestimentaire/représentation', '2022-09-13', '406.00'),
(1070, 'b13', '202209', 'location équipement vidéo/sonore', '2022-09-14', '258.00'),
(1071, 'b13', '202209', 'location salle conférence', '2022-09-08', '646.00'),
(1072, 'b13', '202209', 'achat de matériel de papèterie', '2022-09-28', '40.00'),
(1073, 'b13', '202209', 'location véhicule', '2022-09-27', '241.00'),
(1074, 'b13', '202209', 'Voyage SNCF', '2022-09-06', '84.00'),
(1075, 'b13', '202210', 'rémunération intervenant/spécialiste', '2022-10-12', '894.00'),
(1076, 'b13', '202210', 'achat de matériel de papèterie', '2022-10-15', '10.00'),
(1077, 'b13', '202210', 'traiteur, alimentation, boisson', '2022-10-08', '101.00'),
(1078, 'b13', '202210', 'Voyage SNCF', '2022-10-25', '125.00'),
(1079, 'b13', '202211', 'rémunération intervenant/spécialiste', '2022-11-01', '432.00'),
(1080, 'b13', '202211', 'location salle conférence', '2022-11-16', '506.00'),
(1081, 'b13', '202211', 'frais vestimentaire/représentation', '2022-11-15', '30.00'),
(1082, 'b13', '202211', 'achat de matériel de papèterie', '2022-11-27', '42.00'),
(1083, 'b13', '202212', 'taxi', '2022-12-15', '58.00'),
(1084, 'b13', '202212', 'Voyage SNCF', '2022-12-03', '114.00'),
(1085, 'b13', '202212', 'taxi', '2022-12-27', '29.00'),
(1086, 'b13', '202212', 'repas avec praticien', '2022-12-08', '37.00'),
(1087, 'b13', '202212', 'location équipement vidéo/sonore', '2022-12-19', '299.00'),
(1088, 'b13', '202212', 'repas avec praticien', '2022-12-13', '35.00'),
(1089, 'b13', '202301', 'traiteur, alimentation, boisson', '2023-01-24', '372.00'),
(1090, 'b13', '202302', 'repas avec praticien', '2023-02-27', '49.00'),
(1091, 'b13', '202302', 'location salle conférence', '2023-02-09', '648.00'),
(1092, 'b13', '202302', 'traiteur, alimentation, boisson', '2023-02-07', '429.00'),
(1093, 'b13', '202302', 'achat de matériel de papèterie', '2023-02-21', '11.00'),
(1094, 'b13', '202302', 'Voyage SNCF', '2023-02-12', '74.00'),
(1095, 'b13', '202302', 'location équipement vidéo/sonore', '2023-02-09', '413.00'),
(1096, 'b13', '202303', 'location salle conférence', '2023-03-22', '542.00'),
(1097, 'b13', '202303', 'rémunération intervenant/spécialiste', '2023-03-10', '563.00'),
(1098, 'b16', '202101', 'location véhicule', '2021-01-11', '267.00'),
(1099, 'b16', '202101', 'frais vestimentaire/représentation', '2021-01-26', '246.00'),
(1100, 'b16', '202101', 'achat de matériel de papèterie', '2021-01-25', '44.00'),
(1101, 'b16', '202101', 'traiteur, alimentation, boisson', '2021-01-06', '233.00'),
(1102, 'b16', '202102', 'frais vestimentaire/représentation', '2021-02-17', '257.00'),
(1103, 'b16', '202102', 'repas avec praticien', '2021-02-22', '41.00'),
(1104, 'b16', '202103', 'repas avec praticien', '2021-03-07', '31.00'),
(1105, 'b16', '202103', 'location salle conférence', '2021-03-01', '201.00'),
(1106, 'b16', '202104', 'rémunération intervenant/spécialiste', '2021-04-20', '1059.00'),
(1107, 'b16', '202104', 'location équipement vidéo/sonore', '2021-04-26', '327.00'),
(1108, 'b16', '202104', 'rémunération intervenant/spécialiste', '2021-04-25', '434.00'),
(1109, 'b16', '202105', 'location véhicule', '2021-05-26', '340.00'),
(1110, 'b16', '202105', 'Voyage SNCF', '2021-05-04', '54.00'),
(1111, 'b16', '202105', 'location salle conférence', '2021-05-11', '588.00'),
(1112, 'b16', '202105', 'rémunération intervenant/spécialiste', '2021-05-25', '468.00'),
(1113, 'b16', '202105', 'repas avec praticien', '2021-05-20', '39.00'),
(1114, 'b16', '202105', 'location équipement vidéo/sonore', '2021-05-18', '224.00'),
(1115, 'b16', '202106', 'rémunération intervenant/spécialiste', '2021-06-23', '924.00'),
(1116, 'b16', '202106', 'traiteur, alimentation, boisson', '2021-06-10', '357.00'),
(1117, 'b16', '202106', 'rémunération intervenant/spécialiste', '2021-06-27', '1000.00'),
(1118, 'b16', '202106', 'taxi', '2021-06-28', '64.00'),
(1119, 'b16', '202107', 'frais vestimentaire/représentation', '2021-07-02', '125.00'),
(1120, 'b16', '202107', 'location équipement vidéo/sonore', '2021-07-18', '430.00'),
(1121, 'b16', '202107', 'frais vestimentaire/représentation', '2021-07-09', '260.00'),
(1122, 'b16', '202108', 'rémunération intervenant/spécialiste', '2021-08-28', '746.00'),
(1123, 'b16', '202108', 'frais vestimentaire/représentation', '2021-08-09', '424.00'),
(1124, 'b16', '202108', 'frais vestimentaire/représentation', '2021-08-28', '69.00'),
(1125, 'b16', '202109', 'location équipement vidéo/sonore', '2021-09-21', '696.00'),
(1126, 'b16', '202109', 'location véhicule', '2021-09-23', '177.00'),
(1127, 'b16', '202110', 'traiteur, alimentation, boisson', '2021-10-19', '403.00'),
(1128, 'b16', '202111', 'taxi', '2021-11-01', '71.00'),
(1129, 'b16', '202111', 'repas avec praticien', '2021-11-24', '35.00'),
(1130, 'b16', '202111', 'location équipement vidéo/sonore', '2021-11-07', '196.00'),
(1131, 'b16', '202112', 'location salle conférence', '2021-12-21', '583.00'),
(1132, 'b16', '202112', 'repas avec praticien', '2021-12-22', '44.00'),
(1133, 'b16', '202112', 'taxi', '2021-12-16', '71.00'),
(1134, 'b16', '202112', 'location salle conférence', '2021-12-25', '501.00'),
(1135, 'b16', '202112', 'traiteur, alimentation, boisson', '2021-12-07', '198.00'),
(1136, 'b16', '202201', 'frais vestimentaire/représentation', '2022-01-28', '366.00'),
(1137, 'b16', '202201', 'frais vestimentaire/représentation', '2022-01-13', '64.00'),
(1138, 'b16', '202202', 'location véhicule', '2022-02-22', '163.00'),
(1139, 'b16', '202202', 'location véhicule', '2022-02-08', '92.00'),
(1140, 'b16', '202203', 'location équipement vidéo/sonore', '2022-03-17', '754.00'),
(1141, 'b16', '202204', 'location véhicule', '2022-04-23', '343.00'),
(1142, 'b16', '202204', 'location salle conférence', '2022-04-20', '606.00'),
(1143, 'b16', '202204', 'achat de matériel de papèterie', '2022-04-11', '25.00'),
(1144, 'b16', '202205', 'taxi', '2022-05-23', '38.00'),
(1145, 'b16', '202205', 'location salle conférence', '2022-05-04', '327.00'),
(1146, 'b16', '202205', 'achat d\'espace publicitaire', '2022-05-11', '136.00'),
(1147, 'b16', '202205', 'location salle conférence', '2022-05-14', '403.00'),
(1148, 'b16', '202205', 'achat d\'espace publicitaire', '2022-05-15', '43.00'),
(1149, 'b16', '202205', 'rémunération intervenant/spécialiste', '2022-05-22', '1133.00'),
(1150, 'b16', '202206', 'location équipement vidéo/sonore', '2022-06-18', '359.00'),
(1151, 'b16', '202207', 'traiteur, alimentation, boisson', '2022-07-27', '94.00'),
(1152, 'b16', '202207', 'taxi', '2022-07-10', '68.00'),
(1153, 'b16', '202207', 'achat d\'espace publicitaire', '2022-07-15', '41.00'),
(1154, 'b16', '202207', 'location salle conférence', '2022-07-15', '620.00'),
(1155, 'b16', '202207', 'location salle conférence', '2022-07-09', '424.00'),
(1156, 'b16', '202208', 'taxi', '2022-08-11', '30.00'),
(1157, 'b16', '202208', 'location véhicule', '2022-08-18', '337.00'),
(1158, 'b16', '202208', 'Voyage SNCF', '2022-08-21', '81.00'),
(1159, 'b16', '202209', 'rémunération intervenant/spécialiste', '2022-09-28', '1051.00'),
(1160, 'b16', '202209', 'location équipement vidéo/sonore', '2022-09-23', '327.00'),
(1161, 'b16', '202209', 'location véhicule', '2022-09-05', '240.00'),
(1162, 'b16', '202210', 'rémunération intervenant/spécialiste', '2022-10-16', '887.00'),
(1163, 'b16', '202211', 'traiteur, alimentation, boisson', '2022-11-01', '375.00'),
(1164, 'b16', '202211', 'Voyage SNCF', '2022-11-17', '140.00'),
(1165, 'b16', '202212', 'location salle conférence', '2022-12-27', '378.00'),
(1166, 'b16', '202212', 'Voyage SNCF', '2022-12-13', '111.00'),
(1167, 'b16', '202212', 'taxi', '2022-12-02', '42.00'),
(1168, 'b16', '202212', 'location équipement vidéo/sonore', '2022-12-03', '840.00'),
(1169, 'b16', '202212', 'taxi', '2022-12-15', '38.00'),
(1170, 'b16', '202212', 'frais vestimentaire/représentation', '2022-12-24', '332.00'),
(1171, 'b16', '202301', 'location salle conférence', '2023-01-09', '642.00'),
(1172, 'b16', '202302', 'achat de matériel de papèterie', '2023-02-06', '48.00'),
(1173, 'b16', '202302', 'achat de matériel de papèterie', '2023-02-18', '25.00'),
(1174, 'b16', '202302', 'taxi', '2023-02-23', '70.00'),
(1175, 'b16', '202302', 'repas avec praticien', '2023-02-22', '35.00'),
(1176, 'b16', '202302', 'Voyage SNCF', '2023-02-22', '62.00'),
(1177, 'b16', '202302', 'taxi', '2023-02-08', '48.00'),
(1178, 'b16', '202303', 'location équipement vidéo/sonore', '2023-03-28', '480.00'),
(1179, 'b16', '202303', 'location salle conférence', '2023-03-27', '196.00'),
(1180, 'b16', '202303', 'location équipement vidéo/sonore', '2023-03-20', '526.00'),
(1181, 'b16', '202303', 'achat de matériel de papèterie', '2023-03-01', '39.00'),
(1182, 'b19', '202101', 'frais vestimentaire/représentation', '2021-01-20', '133.00'),
(1183, 'b19', '202101', 'taxi', '2021-01-17', '68.00'),
(1184, 'b19', '202101', 'taxi', '2021-01-02', '38.00'),
(1185, 'b19', '202101', 'achat d\'espace publicitaire', '2021-01-01', '146.00'),
(1186, 'b19', '202101', 'achat d\'espace publicitaire', '2021-01-20', '35.00'),
(1187, 'b19', '202102', 'location équipement vidéo/sonore', '2021-02-16', '577.00'),
(1188, 'b19', '202102', 'achat d\'espace publicitaire', '2021-02-12', '100.00'),
(1189, 'b19', '202102', 'achat de matériel de papèterie', '2021-02-14', '42.00'),
(1190, 'b19', '202102', 'location salle conférence', '2021-02-07', '544.00'),
(1191, 'b19', '202103', 'achat d\'espace publicitaire', '2021-03-06', '86.00'),
(1192, 'b19', '202104', 'location véhicule', '2021-04-04', '206.00'),
(1193, 'b19', '202104', 'Voyage SNCF', '2021-04-23', '102.00'),
(1194, 'b19', '202104', 'frais vestimentaire/représentation', '2021-04-23', '144.00'),
(1195, 'b19', '202104', 'location véhicule', '2021-04-27', '232.00'),
(1196, 'b19', '202104', 'achat d\'espace publicitaire', '2021-04-25', '146.00'),
(1197, 'b19', '202105', 'achat de matériel de papèterie', '2021-05-17', '50.00'),
(1198, 'b19', '202105', 'frais vestimentaire/représentation', '2021-05-22', '218.00'),
(1199, 'b19', '202105', 'traiteur, alimentation, boisson', '2021-05-16', '167.00'),
(1200, 'b19', '202105', 'rémunération intervenant/spécialiste', '2021-05-05', '902.00'),
(1201, 'b19', '202106', 'rémunération intervenant/spécialiste', '2021-06-17', '800.00'),
(1202, 'b19', '202106', 'traiteur, alimentation, boisson', '2021-06-16', '97.00'),
(1203, 'b19', '202106', 'traiteur, alimentation, boisson', '2021-06-09', '247.00'),
(1204, 'b19', '202106', 'location véhicule', '2021-06-12', '247.00'),
(1205, 'b19', '202107', 'Voyage SNCF', '2021-07-05', '134.00'),
(1206, 'b19', '202108', 'location salle conférence', '2021-08-28', '524.00'),
(1207, 'b19', '202108', 'achat de matériel de papèterie', '2021-08-27', '42.00'),
(1208, 'b19', '202108', 'Voyage SNCF', '2021-08-23', '52.00'),
(1209, 'b19', '202108', 'location véhicule', '2021-08-18', '296.00'),
(1210, 'b19', '202108', 'Voyage SNCF', '2021-08-22', '116.00'),
(1211, 'b19', '202108', 'taxi', '2021-08-14', '35.00'),
(1212, 'b19', '202109', 'achat d\'espace publicitaire', '2021-09-16', '149.00'),
(1213, 'b19', '202109', 'rémunération intervenant/spécialiste', '2021-09-17', '738.00'),
(1214, 'b19', '202109', 'traiteur, alimentation, boisson', '2021-09-06', '438.00'),
(1215, 'b19', '202109', 'location véhicule', '2021-09-26', '305.00'),
(1216, 'b19', '202109', 'repas avec praticien', '2021-09-08', '40.00'),
(1217, 'b19', '202109', 'location équipement vidéo/sonore', '2021-09-13', '511.00'),
(1218, 'b19', '202110', 'frais vestimentaire/représentation', '2021-10-21', '313.00'),
(1219, 'b19', '202110', 'rémunération intervenant/spécialiste', '2021-10-08', '362.00'),
(1220, 'b19', '202110', 'repas avec praticien', '2021-10-27', '35.00'),
(1221, 'b19', '202111', 'Voyage SNCF', '2021-11-08', '73.00'),
(1222, 'b19', '202111', 'achat de matériel de papèterie', '2021-11-02', '34.00'),
(1223, 'b19', '202111', 'location véhicule', '2021-11-25', '189.00'),
(1224, 'b19', '202111', 'location véhicule', '2021-11-05', '29.00'),
(1225, 'b19', '202111', 'frais vestimentaire/représentation', '2021-11-24', '389.00'),
(1226, 'b19', '202112', 'taxi', '2021-12-04', '37.00'),
(1227, 'b19', '202112', 'taxi', '2021-12-19', '33.00'),
(1228, 'b19', '202112', 'taxi', '2021-12-28', '73.00'),
(1229, 'b19', '202112', 'achat d\'espace publicitaire', '2021-12-21', '75.00'),
(1230, 'b19', '202201', 'Voyage SNCF', '2022-01-09', '120.00'),
(1231, 'b19', '202201', 'Voyage SNCF', '2022-01-24', '41.00'),
(1232, 'b19', '202201', 'location équipement vidéo/sonore', '2022-01-14', '625.00'),
(1233, 'b19', '202202', 'frais vestimentaire/représentation', '2022-02-11', '351.00'),
(1234, 'b19', '202202', 'repas avec praticien', '2022-02-25', '42.00'),
(1235, 'b19', '202202', 'location véhicule', '2022-02-06', '340.00'),
(1236, 'b19', '202202', 'location salle conférence', '2022-02-26', '546.00'),
(1237, 'b19', '202203', 'rémunération intervenant/spécialiste', '2022-03-23', '497.00'),
(1238, 'b19', '202203', 'repas avec praticien', '2022-03-13', '44.00'),
(1239, 'b19', '202204', 'achat d\'espace publicitaire', '2022-04-27', '79.00'),
(1240, 'b19', '202204', 'repas avec praticien', '2022-04-03', '34.00'),
(1241, 'b19', '202204', 'location salle conférence', '2022-04-03', '149.00'),
(1242, 'b19', '202205', 'Voyage SNCF', '2022-05-24', '84.00'),
(1243, 'b19', '202205', 'location équipement vidéo/sonore', '2022-05-13', '295.00'),
(1244, 'b19', '202205', 'repas avec praticien', '2022-05-07', '44.00'),
(1245, 'b19', '202206', 'location salle conférence', '2022-06-15', '528.00'),
(1246, 'b19', '202206', 'repas avec praticien', '2022-06-12', '36.00'),
(1247, 'b19', '202206', 'taxi', '2022-06-02', '77.00'),
(1248, 'b19', '202206', 'location véhicule', '2022-06-01', '52.00'),
(1249, 'b19', '202206', 'achat d\'espace publicitaire', '2022-06-27', '42.00'),
(1250, 'b19', '202206', 'location équipement vidéo/sonore', '2022-06-04', '483.00'),
(1251, 'b19', '202207', 'repas avec praticien', '2022-07-14', '38.00'),
(1252, 'b19', '202208', 'location véhicule', '2022-08-24', '126.00'),
(1253, 'b19', '202209', 'taxi', '2022-09-19', '36.00'),
(1254, 'b19', '202210', 'traiteur, alimentation, boisson', '2022-10-08', '260.00'),
(1255, 'b19', '202210', 'achat d\'espace publicitaire', '2022-10-08', '122.00'),
(1256, 'b19', '202211', 'achat d\'espace publicitaire', '2022-11-16', '83.00'),
(1257, 'b19', '202211', 'location salle conférence', '2022-11-26', '504.00'),
(1258, 'b19', '202211', 'location équipement vidéo/sonore', '2022-11-07', '566.00'),
(1259, 'b19', '202211', 'taxi', '2022-11-09', '37.00'),
(1260, 'b19', '202212', 'frais vestimentaire/représentation', '2022-12-18', '36.00'),
(1261, 'b19', '202212', 'Voyage SNCF', '2022-12-06', '91.00'),
(1262, 'b19', '202212', 'traiteur, alimentation, boisson', '2022-12-22', '278.00'),
(1263, 'b19', '202301', 'frais vestimentaire/représentation', '2023-01-23', '394.00'),
(1264, 'b19', '202301', 'Voyage SNCF', '2023-01-25', '101.00'),
(1265, 'b19', '202301', 'rémunération intervenant/spécialiste', '2023-01-10', '595.00'),
(1266, 'b19', '202301', 'achat d\'espace publicitaire', '2023-01-28', '143.00'),
(1267, 'b19', '202301', 'rémunération intervenant/spécialiste', '2023-01-23', '822.00'),
(1268, 'b19', '202301', 'taxi', '2023-01-06', '38.00'),
(1269, 'b19', '202302', 'achat d\'espace publicitaire', '2023-02-17', '149.00'),
(1270, 'b19', '202302', 'location équipement vidéo/sonore', '2023-02-28', '645.00'),
(1271, 'b19', '202302', 'location véhicule', '2023-02-07', '100.00'),
(1272, 'b19', '202302', 'Voyage SNCF', '2023-02-21', '143.00'),
(1273, 'b19', '202302', 'Voyage SNCF', '2023-02-20', '95.00'),
(1274, 'b19', '202302', 'Voyage SNCF', '2023-02-24', '46.00'),
(1275, 'b19', '202303', 'location véhicule', '2023-03-19', '104.00'),
(1276, 'b19', '202303', 'achat d\'espace publicitaire', '2023-03-03', '24.00');
INSERT INTO `LigneFraisHorsForfait` (`id`, `idVisiteur`, `mois`, `libelle`, `date`, `montant`) VALUES
(1277, 'b19', '202303', 'achat d\'espace publicitaire', '2023-03-28', '55.00'),
(1278, 'b19', '202303', 'traiteur, alimentation, boisson', '2023-03-10', '380.00'),
(1279, 'b19', '202303', 'traiteur, alimentation, boisson', '2023-03-03', '426.00'),
(1280, 'b25', '202101', 'rémunération intervenant/spécialiste', '2021-01-13', '584.00'),
(1281, 'b25', '202101', 'location équipement vidéo/sonore', '2021-01-11', '715.00'),
(1282, 'b25', '202102', 'taxi', '2021-02-09', '28.00'),
(1283, 'b25', '202102', 'achat d\'espace publicitaire', '2021-02-18', '119.00'),
(1284, 'b25', '202102', 'Voyage SNCF', '2021-02-04', '144.00'),
(1285, 'b25', '202102', 'achat d\'espace publicitaire', '2021-02-22', '63.00'),
(1286, 'b25', '202102', 'location salle conférence', '2021-02-27', '236.00'),
(1287, 'b25', '202103', 'achat d\'espace publicitaire', '2021-03-07', '128.00'),
(1288, 'b25', '202103', 'taxi', '2021-03-07', '77.00'),
(1289, 'b25', '202103', 'location salle conférence', '2021-03-02', '386.00'),
(1290, 'b25', '202103', 'traiteur, alimentation, boisson', '2021-03-27', '127.00'),
(1291, 'b25', '202103', 'frais vestimentaire/représentation', '2021-03-19', '262.00'),
(1292, 'b25', '202104', 'traiteur, alimentation, boisson', '2021-04-13', '238.00'),
(1293, 'b25', '202105', 'location salle conférence', '2021-05-21', '473.00'),
(1294, 'b25', '202105', 'location véhicule', '2021-05-12', '316.00'),
(1295, 'b25', '202105', 'rémunération intervenant/spécialiste', '2021-05-23', '931.00'),
(1296, 'b25', '202105', 'Voyage SNCF', '2021-05-08', '100.00'),
(1297, 'b25', '202105', 'location équipement vidéo/sonore', '2021-05-01', '186.00'),
(1298, 'b25', '202106', 'location équipement vidéo/sonore', '2021-06-25', '272.00'),
(1299, 'b25', '202106', 'rémunération intervenant/spécialiste', '2021-06-28', '555.00'),
(1300, 'b25', '202106', 'location équipement vidéo/sonore', '2021-06-25', '709.00'),
(1301, 'b25', '202107', 'location équipement vidéo/sonore', '2021-07-06', '240.00'),
(1302, 'b25', '202107', 'repas avec praticien', '2021-07-24', '37.00'),
(1303, 'b25', '202107', 'Voyage SNCF', '2021-07-18', '93.00'),
(1304, 'b25', '202107', 'location équipement vidéo/sonore', '2021-07-17', '791.00'),
(1305, 'b25', '202107', 'rémunération intervenant/spécialiste', '2021-07-03', '806.00'),
(1306, 'b25', '202108', 'rémunération intervenant/spécialiste', '2021-08-24', '1189.00'),
(1307, 'b25', '202108', 'Voyage SNCF', '2021-08-08', '129.00'),
(1308, 'b25', '202108', 'achat de matériel de papèterie', '2021-08-20', '29.00'),
(1309, 'b25', '202109', 'taxi', '2021-09-06', '65.00'),
(1310, 'b25', '202109', 'location salle conférence', '2021-09-16', '377.00'),
(1311, 'b25', '202109', 'rémunération intervenant/spécialiste', '2021-09-16', '1153.00'),
(1312, 'b25', '202109', 'location salle conférence', '2021-09-20', '531.00'),
(1313, 'b25', '202110', 'rémunération intervenant/spécialiste', '2021-10-21', '383.00'),
(1314, 'b25', '202110', 'traiteur, alimentation, boisson', '2021-10-20', '267.00'),
(1315, 'b25', '202111', 'location véhicule', '2021-11-09', '314.00'),
(1316, 'b25', '202111', 'frais vestimentaire/représentation', '2021-11-16', '413.00'),
(1317, 'b25', '202112', 'achat de matériel de papèterie', '2021-12-10', '27.00'),
(1318, 'b25', '202112', 'location équipement vidéo/sonore', '2021-12-05', '785.00'),
(1319, 'b25', '202201', 'Voyage SNCF', '2022-01-17', '114.00'),
(1320, 'b25', '202201', 'location salle conférence', '2022-01-11', '467.00'),
(1321, 'b25', '202202', 'repas avec praticien', '2022-02-22', '45.00'),
(1322, 'b25', '202203', 'location véhicule', '2022-03-26', '63.00'),
(1323, 'b25', '202203', 'location salle conférence', '2022-03-08', '388.00'),
(1324, 'b25', '202203', 'achat de matériel de papèterie', '2022-03-26', '23.00'),
(1325, 'b25', '202203', 'location salle conférence', '2022-03-24', '318.00'),
(1326, 'b25', '202203', 'rémunération intervenant/spécialiste', '2022-03-17', '753.00'),
(1327, 'b25', '202204', 'frais vestimentaire/représentation', '2022-04-18', '137.00'),
(1328, 'b25', '202204', 'location véhicule', '2022-04-10', '246.00'),
(1329, 'b25', '202204', 'repas avec praticien', '2022-04-05', '41.00'),
(1330, 'b25', '202205', 'achat de matériel de papèterie', '2022-05-24', '47.00'),
(1331, 'b25', '202205', 'location équipement vidéo/sonore', '2022-05-21', '563.00'),
(1332, 'b25', '202205', 'achat d\'espace publicitaire', '2022-05-28', '33.00'),
(1333, 'b25', '202206', 'achat d\'espace publicitaire', '2022-06-01', '24.00'),
(1334, 'b25', '202206', 'taxi', '2022-06-11', '64.00'),
(1335, 'b25', '202206', 'location salle conférence', '2022-06-12', '217.00'),
(1336, 'b25', '202207', 'traiteur, alimentation, boisson', '2022-07-07', '180.00'),
(1337, 'b25', '202207', 'taxi', '2022-07-16', '28.00'),
(1338, 'b25', '202207', 'Voyage SNCF', '2022-07-06', '90.00'),
(1339, 'b25', '202208', 'location salle conférence', '2022-08-22', '417.00'),
(1340, 'b25', '202208', 'rémunération intervenant/spécialiste', '2022-08-22', '455.00'),
(1341, 'b25', '202208', 'location salle conférence', '2022-08-07', '556.00'),
(1342, 'b25', '202208', 'achat d\'espace publicitaire', '2022-08-22', '106.00'),
(1343, 'b25', '202208', 'achat d\'espace publicitaire', '2022-08-13', '125.00'),
(1344, 'b25', '202209', 'repas avec praticien', '2022-09-05', '42.00'),
(1345, 'b25', '202209', 'repas avec praticien', '2022-09-24', '49.00'),
(1346, 'b25', '202210', 'Voyage SNCF', '2022-10-12', '144.00'),
(1347, 'b25', '202210', 'taxi', '2022-10-03', '68.00'),
(1348, 'b25', '202210', 'location équipement vidéo/sonore', '2022-10-24', '592.00'),
(1349, 'b25', '202210', 'repas avec praticien', '2022-10-02', '36.00'),
(1350, 'b25', '202210', 'traiteur, alimentation, boisson', '2022-10-27', '48.00'),
(1351, 'b25', '202211', 'rémunération intervenant/spécialiste', '2022-11-01', '1114.00'),
(1352, 'b25', '202211', 'rémunération intervenant/spécialiste', '2022-11-15', '931.00'),
(1353, 'b25', '202211', 'location véhicule', '2022-11-28', '307.00'),
(1354, 'b25', '202211', 'traiteur, alimentation, boisson', '2022-11-28', '258.00'),
(1355, 'b25', '202212', 'frais vestimentaire/représentation', '2022-12-12', '165.00'),
(1356, 'b25', '202212', 'traiteur, alimentation, boisson', '2022-12-19', '82.00'),
(1357, 'b25', '202212', 'frais vestimentaire/représentation', '2022-12-12', '172.00'),
(1358, 'b25', '202301', 'location véhicule', '2023-01-24', '162.00'),
(1359, 'b25', '202302', 'achat d\'espace publicitaire', '2023-02-27', '125.00'),
(1360, 'b25', '202302', 'location équipement vidéo/sonore', '2023-02-06', '781.00'),
(1361, 'b25', '202303', 'location véhicule', '2023-03-01', '310.00'),
(1362, 'b25', '202303', 'achat de matériel de papèterie', '2023-03-08', '20.00'),
(1363, 'b25', '202303', 'location salle conférence', '2023-03-27', '134.00'),
(1364, 'b25', '202303', 'taxi', '2023-03-24', '26.00'),
(1365, 'b25', '202303', 'Voyage SNCF', '2023-03-07', '46.00'),
(1366, 'b28', '202101', 'achat de matériel de papèterie', '2021-01-04', '37.00'),
(1367, 'b28', '202101', 'location équipement vidéo/sonore', '2021-01-15', '645.00'),
(1368, 'b28', '202101', 'location équipement vidéo/sonore', '2021-01-16', '167.00'),
(1369, 'b28', '202102', 'rémunération intervenant/spécialiste', '2021-02-28', '442.00'),
(1370, 'b28', '202102', 'Voyage SNCF', '2021-02-03', '96.00'),
(1371, 'b28', '202102', 'frais vestimentaire/représentation', '2021-02-10', '145.00'),
(1372, 'b28', '202102', 'taxi', '2021-02-03', '44.00'),
(1373, 'b28', '202102', 'repas avec praticien', '2021-02-28', '38.00'),
(1374, 'b28', '202102', 'location véhicule', '2021-02-12', '126.00'),
(1375, 'b28', '202103', 'location véhicule', '2021-03-10', '127.00'),
(1376, 'b28', '202103', 'location véhicule', '2021-03-18', '412.00'),
(1377, 'b28', '202103', 'rémunération intervenant/spécialiste', '2021-03-17', '259.00'),
(1378, 'b28', '202103', 'location salle conférence', '2021-03-10', '121.00'),
(1379, 'b28', '202104', 'location véhicule', '2021-04-10', '296.00'),
(1380, 'b28', '202104', 'rémunération intervenant/spécialiste', '2021-04-19', '805.00'),
(1381, 'b28', '202104', 'achat d\'espace publicitaire', '2021-04-28', '145.00'),
(1382, 'b28', '202104', 'achat d\'espace publicitaire', '2021-04-12', '20.00'),
(1383, 'b28', '202104', 'rémunération intervenant/spécialiste', '2021-04-28', '554.00'),
(1384, 'b28', '202105', 'location salle conférence', '2021-05-09', '357.00'),
(1385, 'b28', '202105', 'location équipement vidéo/sonore', '2021-05-03', '348.00'),
(1386, 'b28', '202106', 'location équipement vidéo/sonore', '2021-06-04', '760.00'),
(1387, 'b28', '202106', 'achat d\'espace publicitaire', '2021-06-08', '70.00'),
(1388, 'b28', '202106', 'achat de matériel de papèterie', '2021-06-11', '46.00'),
(1389, 'b28', '202106', 'achat d\'espace publicitaire', '2021-06-14', '142.00'),
(1390, 'b28', '202106', 'Voyage SNCF', '2021-06-03', '117.00'),
(1391, 'b28', '202106', 'frais vestimentaire/représentation', '2021-06-23', '46.00'),
(1392, 'b28', '202107', 'traiteur, alimentation, boisson', '2021-07-26', '407.00'),
(1393, 'b28', '202108', 'repas avec praticien', '2021-08-12', '50.00'),
(1394, 'b28', '202109', 'frais vestimentaire/représentation', '2021-09-11', '348.00'),
(1395, 'b28', '202110', 'location véhicule', '2021-10-02', '419.00'),
(1396, 'b28', '202110', 'achat de matériel de papèterie', '2021-10-14', '31.00'),
(1397, 'b28', '202111', 'location équipement vidéo/sonore', '2021-11-26', '138.00'),
(1398, 'b28', '202111', 'achat d\'espace publicitaire', '2021-11-22', '53.00'),
(1399, 'b28', '202111', 'location salle conférence', '2021-11-17', '494.00'),
(1400, 'b28', '202111', 'achat d\'espace publicitaire', '2021-11-13', '70.00'),
(1401, 'b28', '202112', 'location salle conférence', '2021-12-26', '611.00'),
(1402, 'b28', '202112', 'location équipement vidéo/sonore', '2021-12-09', '650.00'),
(1403, 'b28', '202112', 'location salle conférence', '2021-12-24', '631.00'),
(1404, 'b28', '202112', 'location véhicule', '2021-12-22', '264.00'),
(1405, 'b28', '202112', 'traiteur, alimentation, boisson', '2021-12-19', '156.00'),
(1406, 'b28', '202201', 'frais vestimentaire/représentation', '2022-01-02', '100.00'),
(1407, 'b28', '202201', 'rémunération intervenant/spécialiste', '2022-01-06', '477.00'),
(1408, 'b28', '202201', 'traiteur, alimentation, boisson', '2022-01-18', '399.00'),
(1409, 'b28', '202201', 'location véhicule', '2022-01-06', '282.00'),
(1410, 'b28', '202201', 'location salle conférence', '2022-01-06', '405.00'),
(1411, 'b28', '202202', 'repas avec praticien', '2022-02-26', '36.00'),
(1412, 'b28', '202202', 'location équipement vidéo/sonore', '2022-02-13', '793.00'),
(1413, 'b28', '202202', 'achat de matériel de papèterie', '2022-02-11', '50.00'),
(1414, 'b28', '202203', 'rémunération intervenant/spécialiste', '2022-03-01', '742.00'),
(1415, 'b28', '202204', 'taxi', '2022-04-15', '30.00'),
(1416, 'b28', '202204', 'achat d\'espace publicitaire', '2022-04-03', '133.00'),
(1417, 'b28', '202204', 'rémunération intervenant/spécialiste', '2022-04-26', '693.00'),
(1418, 'b28', '202204', 'location salle conférence', '2022-04-15', '580.00'),
(1419, 'b28', '202204', 'traiteur, alimentation, boisson', '2022-04-11', '373.00'),
(1420, 'b28', '202205', 'location véhicule', '2022-05-06', '386.00'),
(1421, 'b28', '202206', 'repas avec praticien', '2022-06-21', '50.00'),
(1422, 'b28', '202206', 'achat de matériel de papèterie', '2022-06-13', '44.00'),
(1423, 'b28', '202206', 'Voyage SNCF', '2022-06-16', '99.00'),
(1424, 'b28', '202206', 'Voyage SNCF', '2022-06-27', '104.00'),
(1425, 'b28', '202206', 'achat d\'espace publicitaire', '2022-06-10', '44.00'),
(1426, 'b28', '202207', 'traiteur, alimentation, boisson', '2022-07-07', '64.00'),
(1427, 'b28', '202207', 'location équipement vidéo/sonore', '2022-07-28', '506.00'),
(1428, 'b28', '202207', 'repas avec praticien', '2022-07-25', '37.00'),
(1429, 'b28', '202207', 'location salle conférence', '2022-07-23', '256.00'),
(1430, 'b28', '202207', 'rémunération intervenant/spécialiste', '2022-07-17', '435.00'),
(1431, 'b28', '202208', 'achat de matériel de papèterie', '2022-08-12', '47.00'),
(1432, 'b28', '202208', 'taxi', '2022-08-04', '49.00'),
(1433, 'b28', '202208', 'taxi', '2022-08-06', '49.00'),
(1434, 'b28', '202208', 'Voyage SNCF', '2022-08-01', '116.00'),
(1435, 'b28', '202209', 'achat de matériel de papèterie', '2022-09-09', '10.00'),
(1436, 'b28', '202209', 'location salle conférence', '2022-09-10', '489.00'),
(1437, 'b28', '202209', 'traiteur, alimentation, boisson', '2022-09-24', '307.00'),
(1438, 'b28', '202210', 'frais vestimentaire/représentation', '2022-10-05', '251.00'),
(1439, 'b28', '202210', 'location salle conférence', '2022-10-05', '229.00'),
(1440, 'b28', '202211', 'traiteur, alimentation, boisson', '2022-11-01', '71.00'),
(1441, 'b28', '202211', 'taxi', '2022-11-24', '47.00'),
(1442, 'b28', '202211', 'repas avec praticien', '2022-11-21', '33.00'),
(1443, 'b28', '202212', 'achat de matériel de papèterie', '2022-12-18', '19.00'),
(1444, 'b28', '202212', 'traiteur, alimentation, boisson', '2022-12-28', '425.00'),
(1445, 'b28', '202212', 'location salle conférence', '2022-12-23', '228.00'),
(1446, 'b28', '202212', 'location véhicule', '2022-12-24', '192.00'),
(1447, 'b28', '202212', 'frais vestimentaire/représentation', '2022-12-15', '349.00'),
(1448, 'b28', '202212', 'location salle conférence', '2022-12-22', '638.00'),
(1449, 'b28', '202301', 'repas avec praticien', '2023-01-28', '32.00'),
(1450, 'b28', '202301', 'location salle conférence', '2023-01-28', '378.00'),
(1451, 'b28', '202302', 'location équipement vidéo/sonore', '2023-02-15', '326.00'),
(1452, 'b28', '202302', 'repas avec praticien', '2023-02-17', '43.00'),
(1453, 'b28', '202302', 'Voyage SNCF', '2023-02-08', '50.00'),
(1454, 'b28', '202302', 'Voyage SNCF', '2023-02-07', '144.00'),
(1455, 'b28', '202303', 'traiteur, alimentation, boisson', '2023-03-23', '64.00'),
(1456, 'b28', '202303', 'location véhicule', '2023-03-18', '359.00'),
(1457, 'b28', '202303', 'location véhicule', '2023-03-02', '353.00'),
(1458, 'b28', '202303', 'repas avec praticien', '2023-03-05', '30.00'),
(1459, 'b28', '202303', 'location salle conférence', '2023-03-03', '163.00'),
(1460, 'b28', '202303', 'frais vestimentaire/représentation', '2023-03-03', '93.00'),
(1461, 'b34', '202101', 'repas avec praticien', '2021-01-26', '37.00'),
(1462, 'b34', '202101', 'frais vestimentaire/représentation', '2021-01-25', '345.00'),
(1463, 'b34', '202102', 'repas avec praticien', '2021-02-12', '43.00'),
(1464, 'b34', '202102', 'taxi', '2021-02-28', '54.00'),
(1465, 'b34', '202103', 'taxi', '2021-03-23', '29.00'),
(1466, 'b34', '202103', 'frais vestimentaire/représentation', '2021-03-23', '418.00'),
(1467, 'b34', '202103', 'achat d\'espace publicitaire', '2021-03-27', '144.00'),
(1468, 'b34', '202103', 'location équipement vidéo/sonore', '2021-03-10', '782.00'),
(1469, 'b34', '202104', 'achat de matériel de papèterie', '2021-04-13', '28.00'),
(1470, 'b34', '202105', 'location équipement vidéo/sonore', '2021-05-18', '275.00'),
(1471, 'b34', '202105', 'location équipement vidéo/sonore', '2021-05-28', '495.00'),
(1472, 'b34', '202105', 'achat de matériel de papèterie', '2021-05-14', '16.00'),
(1473, 'b34', '202105', 'location véhicule', '2021-05-02', '379.00'),
(1474, 'b34', '202105', 'repas avec praticien', '2021-05-24', '48.00'),
(1475, 'b34', '202105', 'Voyage SNCF', '2021-05-20', '118.00'),
(1476, 'b34', '202106', 'taxi', '2021-06-13', '77.00'),
(1477, 'b34', '202106', 'location véhicule', '2021-06-14', '255.00'),
(1478, 'b34', '202106', 'Voyage SNCF', '2021-06-05', '129.00'),
(1479, 'b34', '202107', 'rémunération intervenant/spécialiste', '2021-07-26', '326.00'),
(1480, 'b34', '202107', 'achat de matériel de papèterie', '2021-07-27', '21.00'),
(1481, 'b34', '202107', 'repas avec praticien', '2021-07-24', '48.00'),
(1482, 'b34', '202108', 'achat de matériel de papèterie', '2021-08-11', '13.00'),
(1483, 'b34', '202108', 'taxi', '2021-08-27', '45.00'),
(1484, 'b34', '202108', 'location salle conférence', '2021-08-07', '370.00'),
(1485, 'b34', '202108', 'repas avec praticien', '2021-08-02', '50.00'),
(1486, 'b34', '202108', 'traiteur, alimentation, boisson', '2021-08-27', '438.00'),
(1487, 'b34', '202108', 'achat de matériel de papèterie', '2021-08-21', '10.00'),
(1488, 'b34', '202109', 'taxi', '2021-09-21', '70.00'),
(1489, 'b34', '202110', 'rémunération intervenant/spécialiste', '2021-10-03', '571.00'),
(1490, 'b34', '202110', 'frais vestimentaire/représentation', '2021-10-24', '243.00'),
(1491, 'b34', '202110', 'traiteur, alimentation, boisson', '2021-10-04', '117.00'),
(1492, 'b34', '202110', 'frais vestimentaire/représentation', '2021-10-18', '62.00'),
(1493, 'b34', '202110', 'taxi', '2021-10-01', '54.00'),
(1494, 'b34', '202110', 'rémunération intervenant/spécialiste', '2021-10-08', '761.00'),
(1495, 'b34', '202111', 'rémunération intervenant/spécialiste', '2021-11-10', '1123.00'),
(1496, 'b34', '202111', 'location véhicule', '2021-11-13', '42.00'),
(1497, 'b34', '202112', 'frais vestimentaire/représentation', '2021-12-16', '401.00'),
(1498, 'b34', '202201', 'location salle conférence', '2022-01-13', '634.00'),
(1499, 'b34', '202201', 'achat d\'espace publicitaire', '2022-01-25', '150.00'),
(1500, 'b34', '202201', 'rémunération intervenant/spécialiste', '2022-01-19', '295.00'),
(1501, 'b34', '202202', 'location véhicule', '2022-02-09', '265.00'),
(1502, 'b34', '202202', 'Voyage SNCF', '2022-02-15', '103.00'),
(1503, 'b34', '202203', 'frais vestimentaire/représentation', '2022-03-12', '382.00'),
(1504, 'b34', '202204', 'location salle conférence', '2022-04-14', '552.00'),
(1505, 'b34', '202205', 'Voyage SNCF', '2022-05-15', '51.00'),
(1506, 'b34', '202205', 'location équipement vidéo/sonore', '2022-05-20', '668.00'),
(1507, 'b34', '202205', 'Voyage SNCF', '2022-05-15', '86.00'),
(1508, 'b34', '202206', 'location salle conférence', '2022-06-08', '298.00'),
(1509, 'b34', '202207', 'repas avec praticien', '2022-07-04', '48.00'),
(1510, 'b34', '202207', 'Voyage SNCF', '2022-07-23', '46.00'),
(1511, 'b34', '202208', 'repas avec praticien', '2022-08-12', '47.00'),
(1512, 'b34', '202208', 'location équipement vidéo/sonore', '2022-08-14', '178.00'),
(1513, 'b34', '202208', 'taxi', '2022-08-14', '69.00'),
(1514, 'b34', '202208', 'frais vestimentaire/représentation', '2022-08-14', '44.00'),
(1515, 'b34', '202208', 'location équipement vidéo/sonore', '2022-08-20', '366.00'),
(1516, 'b34', '202208', 'Voyage SNCF', '2022-08-25', '142.00'),
(1517, 'b34', '202209', 'location salle conférence', '2022-09-20', '441.00'),
(1518, 'b34', '202209', 'traiteur, alimentation, boisson', '2022-09-20', '44.00'),
(1519, 'b34', '202209', 'achat de matériel de papèterie', '2022-09-17', '12.00'),
(1520, 'b34', '202209', 'frais vestimentaire/représentation', '2022-09-07', '321.00'),
(1521, 'b34', '202210', 'traiteur, alimentation, boisson', '2022-10-27', '65.00'),
(1522, 'b34', '202210', 'rémunération intervenant/spécialiste', '2022-10-27', '1175.00'),
(1523, 'b34', '202211', 'rémunération intervenant/spécialiste', '2022-11-04', '571.00'),
(1524, 'b34', '202212', 'location équipement vidéo/sonore', '2022-12-09', '436.00'),
(1525, 'b34', '202212', 'taxi', '2022-12-02', '28.00'),
(1526, 'b34', '202301', 'achat d\'espace publicitaire', '2023-01-14', '93.00'),
(1527, 'b34', '202302', 'taxi', '2023-02-06', '74.00'),
(1528, 'b34', '202302', 'traiteur, alimentation, boisson', '2023-02-03', '307.00'),
(1529, 'b34', '202302', 'achat d\'espace publicitaire', '2023-02-15', '85.00'),
(1530, 'b34', '202302', 'traiteur, alimentation, boisson', '2023-02-22', '410.00'),
(1531, 'b34', '202302', 'repas avec praticien', '2023-02-01', '50.00'),
(1532, 'b34', '202303', 'taxi', '2023-03-26', '63.00'),
(1533, 'b4', '202101', 'Voyage SNCF', '2021-01-08', '113.00'),
(1534, 'b4', '202101', 'traiteur, alimentation, boisson', '2021-01-19', '377.00'),
(1535, 'b4', '202101', 'location salle conférence', '2021-01-21', '135.00'),
(1536, 'b4', '202101', 'Voyage SNCF', '2021-01-11', '39.00'),
(1537, 'b4', '202101', 'Voyage SNCF', '2021-01-06', '75.00'),
(1538, 'b4', '202101', 'achat de matériel de papèterie', '2021-01-15', '10.00'),
(1539, 'b4', '202102', 'achat de matériel de papèterie', '2021-02-04', '11.00'),
(1540, 'b4', '202102', 'Voyage SNCF', '2021-02-16', '39.00'),
(1541, 'b4', '202102', 'achat de matériel de papèterie', '2021-02-13', '46.00'),
(1542, 'b4', '202102', 'frais vestimentaire/représentation', '2021-02-20', '167.00'),
(1543, 'b4', '202102', 'location véhicule', '2021-02-26', '414.00'),
(1544, 'b4', '202103', 'location équipement vidéo/sonore', '2021-03-28', '478.00'),
(1545, 'b4', '202103', 'taxi', '2021-03-16', '62.00'),
(1546, 'b4', '202103', 'achat de matériel de papèterie', '2021-03-21', '45.00'),
(1547, 'b4', '202103', 'rémunération intervenant/spécialiste', '2021-03-23', '1022.00'),
(1548, 'b4', '202103', 'achat d\'espace publicitaire', '2021-03-08', '37.00'),
(1549, 'b4', '202103', 'achat d\'espace publicitaire', '2021-03-18', '66.00'),
(1550, 'b4', '202104', 'location équipement vidéo/sonore', '2021-04-22', '130.00'),
(1551, 'b4', '202104', 'traiteur, alimentation, boisson', '2021-04-19', '294.00'),
(1552, 'b4', '202104', 'location équipement vidéo/sonore', '2021-04-02', '347.00'),
(1553, 'b4', '202104', 'location équipement vidéo/sonore', '2021-04-20', '418.00'),
(1554, 'b4', '202104', 'traiteur, alimentation, boisson', '2021-04-14', '282.00'),
(1555, 'b4', '202104', 'location équipement vidéo/sonore', '2021-04-18', '719.00'),
(1556, 'b4', '202105', 'location salle conférence', '2021-05-26', '613.00'),
(1557, 'b4', '202105', 'frais vestimentaire/représentation', '2021-05-02', '255.00'),
(1558, 'b4', '202106', 'traiteur, alimentation, boisson', '2021-06-28', '60.00'),
(1559, 'b4', '202107', 'traiteur, alimentation, boisson', '2021-07-03', '325.00'),
(1560, 'b4', '202107', 'Voyage SNCF', '2021-07-07', '34.00'),
(1561, 'b4', '202107', 'achat de matériel de papèterie', '2021-07-26', '32.00'),
(1562, 'b4', '202107', 'location salle conférence', '2021-07-23', '213.00'),
(1563, 'b4', '202108', 'location salle conférence', '2021-08-21', '422.00'),
(1564, 'b4', '202108', 'achat de matériel de papèterie', '2021-08-14', '24.00'),
(1565, 'b4', '202108', 'repas avec praticien', '2021-08-19', '45.00'),
(1566, 'b4', '202109', 'frais vestimentaire/représentation', '2021-09-09', '219.00'),
(1567, 'b4', '202109', 'location véhicule', '2021-09-06', '72.00'),
(1568, 'b4', '202110', 'repas avec praticien', '2021-10-22', '32.00'),
(1569, 'b4', '202111', 'Voyage SNCF', '2021-11-21', '74.00'),
(1570, 'b4', '202112', 'Voyage SNCF', '2021-12-10', '37.00'),
(1571, 'b4', '202201', 'traiteur, alimentation, boisson', '2022-01-05', '358.00'),
(1572, 'b4', '202201', 'frais vestimentaire/représentation', '2022-01-21', '231.00'),
(1573, 'b4', '202201', 'location véhicule', '2022-01-11', '193.00'),
(1574, 'b4', '202201', 'rémunération intervenant/spécialiste', '2022-01-20', '1064.00'),
(1575, 'b4', '202201', 'location salle conférence', '2022-01-03', '477.00'),
(1576, 'b4', '202202', 'location salle conférence', '2022-02-25', '569.00'),
(1577, 'b4', '202202', 'location équipement vidéo/sonore', '2022-02-18', '813.00'),
(1578, 'b4', '202202', 'Voyage SNCF', '2022-02-11', '103.00'),
(1579, 'b4', '202202', 'achat de matériel de papèterie', '2022-02-22', '38.00'),
(1580, 'b4', '202203', 'location équipement vidéo/sonore', '2022-03-15', '769.00'),
(1581, 'b4', '202203', 'rémunération intervenant/spécialiste', '2022-03-23', '557.00'),
(1582, 'b4', '202203', 'location salle conférence', '2022-03-20', '206.00'),
(1583, 'b4', '202203', 'repas avec praticien', '2022-03-11', '39.00'),
(1584, 'b4', '202203', 'taxi', '2022-03-28', '64.00'),
(1585, 'b4', '202203', 'repas avec praticien', '2022-03-10', '49.00'),
(1586, 'b4', '202204', 'achat de matériel de papèterie', '2022-04-26', '48.00'),
(1587, 'b4', '202205', 'traiteur, alimentation, boisson', '2022-05-12', '353.00'),
(1588, 'b4', '202206', 'achat de matériel de papèterie', '2022-06-19', '40.00'),
(1589, 'b4', '202206', 'achat d\'espace publicitaire', '2022-06-12', '64.00'),
(1590, 'b4', '202207', 'rémunération intervenant/spécialiste', '2022-07-18', '396.00'),
(1591, 'b4', '202207', 'achat d\'espace publicitaire', '2022-07-14', '107.00'),
(1592, 'b4', '202208', 'location équipement vidéo/sonore', '2022-08-25', '350.00'),
(1593, 'b4', '202208', 'repas avec praticien', '2022-08-18', '41.00'),
(1594, 'b4', '202208', 'achat d\'espace publicitaire', '2022-08-18', '144.00'),
(1595, 'b4', '202208', 'traiteur, alimentation, boisson', '2022-08-22', '385.00'),
(1596, 'b4', '202209', 'rémunération intervenant/spécialiste', '2022-09-24', '1062.00'),
(1597, 'b4', '202209', 'rémunération intervenant/spécialiste', '2022-09-26', '296.00'),
(1598, 'b4', '202209', 'location équipement vidéo/sonore', '2022-09-03', '150.00'),
(1599, 'b4', '202210', 'location véhicule', '2022-10-15', '331.00'),
(1600, 'b4', '202210', 'repas avec praticien', '2022-10-08', '49.00'),
(1601, 'b4', '202210', 'achat de matériel de papèterie', '2022-10-16', '13.00'),
(1602, 'b4', '202211', 'achat d\'espace publicitaire', '2022-11-22', '20.00'),
(1603, 'b4', '202211', 'location véhicule', '2022-11-08', '402.00'),
(1604, 'b4', '202211', 'location équipement vidéo/sonore', '2022-11-01', '567.00'),
(1605, 'b4', '202211', 'achat d\'espace publicitaire', '2022-11-19', '91.00'),
(1606, 'b4', '202212', 'frais vestimentaire/représentation', '2022-12-04', '35.00'),
(1607, 'b4', '202212', 'achat de matériel de papèterie', '2022-12-07', '43.00'),
(1608, 'b4', '202212', 'frais vestimentaire/représentation', '2022-12-28', '186.00'),
(1609, 'b4', '202212', 'achat de matériel de papèterie', '2022-12-01', '29.00'),
(1610, 'b4', '202212', 'achat de matériel de papèterie', '2022-12-26', '42.00'),
(1611, 'b4', '202301', 'location équipement vidéo/sonore', '2023-01-24', '212.00'),
(1612, 'b4', '202301', 'repas avec praticien', '2023-01-06', '43.00'),
(1613, 'b4', '202301', 'traiteur, alimentation, boisson', '2023-01-25', '322.00'),
(1614, 'b4', '202302', 'Voyage SNCF', '2023-02-27', '139.00'),
(1615, 'b4', '202302', 'Voyage SNCF', '2023-02-12', '113.00'),
(1616, 'b4', '202302', 'Voyage SNCF', '2023-02-17', '77.00'),
(1617, 'b4', '202302', 'achat d\'espace publicitaire', '2023-02-07', '78.00'),
(1618, 'b4', '202302', 'repas avec praticien', '2023-02-12', '34.00'),
(1619, 'b4', '202302', 'achat de matériel de papèterie', '2023-02-14', '31.00'),
(1620, 'b4', '202303', 'repas avec praticien', '2023-03-21', '48.00'),
(1621, 'b4', '202303', 'taxi', '2023-03-20', '41.00'),
(1622, 'b4', '202303', 'rémunération intervenant/spécialiste', '2023-03-26', '345.00'),
(1623, 'b4', '202303', 'repas avec praticien', '2023-03-07', '35.00'),
(1624, 'b4', '202303', 'frais vestimentaire/représentation', '2023-03-19', '304.00'),
(1625, 'b4', '202303', 'location équipement vidéo/sonore', '2023-03-19', '230.00'),
(1626, 'b50', '202101', 'location équipement vidéo/sonore', '2021-01-11', '419.00'),
(1627, 'b50', '202101', 'location véhicule', '2021-01-16', '428.00'),
(1628, 'b50', '202101', 'location véhicule', '2021-01-06', '196.00'),
(1629, 'b50', '202101', 'achat d\'espace publicitaire', '2021-01-17', '28.00'),
(1630, 'b50', '202101', 'achat d\'espace publicitaire', '2021-01-02', '115.00'),
(1631, 'b50', '202102', 'frais vestimentaire/représentation', '2021-02-06', '44.00'),
(1632, 'b50', '202103', 'frais vestimentaire/représentation', '2021-03-13', '390.00'),
(1633, 'b50', '202103', 'taxi', '2021-03-15', '72.00'),
(1634, 'b50', '202104', 'taxi', '2021-04-15', '43.00'),
(1635, 'b50', '202104', 'rémunération intervenant/spécialiste', '2021-04-23', '1050.00'),
(1636, 'b50', '202104', 'location véhicule', '2021-04-10', '310.00'),
(1637, 'b50', '202105', 'Voyage SNCF', '2021-05-18', '54.00'),
(1638, 'b50', '202105', 'achat d\'espace publicitaire', '2021-05-21', '146.00'),
(1639, 'b50', '202105', 'location équipement vidéo/sonore', '2021-05-11', '453.00'),
(1640, 'b50', '202105', 'taxi', '2021-05-23', '51.00'),
(1641, 'b50', '202106', 'rémunération intervenant/spécialiste', '2021-06-16', '1129.00'),
(1642, 'b50', '202106', 'rémunération intervenant/spécialiste', '2021-06-26', '742.00'),
(1643, 'b50', '202106', 'frais vestimentaire/représentation', '2021-06-04', '88.00'),
(1644, 'b50', '202106', 'taxi', '2021-06-20', '69.00'),
(1645, 'b50', '202106', 'location équipement vidéo/sonore', '2021-06-01', '233.00'),
(1646, 'b50', '202106', 'location équipement vidéo/sonore', '2021-06-24', '648.00'),
(1647, 'b50', '202107', 'taxi', '2021-07-12', '60.00'),
(1648, 'b50', '202108', 'achat de matériel de papèterie', '2021-08-06', '25.00'),
(1649, 'b50', '202108', 'achat d\'espace publicitaire', '2021-08-02', '144.00'),
(1650, 'b50', '202108', 'traiteur, alimentation, boisson', '2021-08-17', '400.00'),
(1651, 'b50', '202108', 'taxi', '2021-08-08', '71.00'),
(1652, 'b50', '202108', 'achat d\'espace publicitaire', '2021-08-02', '63.00'),
(1653, 'b50', '202108', 'traiteur, alimentation, boisson', '2021-08-09', '184.00'),
(1654, 'b50', '202109', 'achat de matériel de papèterie', '2021-09-24', '43.00'),
(1655, 'b50', '202109', 'traiteur, alimentation, boisson', '2021-09-20', '65.00'),
(1656, 'b50', '202109', 'achat d\'espace publicitaire', '2021-09-15', '110.00'),
(1657, 'b50', '202110', 'location équipement vidéo/sonore', '2021-10-27', '646.00'),
(1658, 'b50', '202110', 'achat d\'espace publicitaire', '2021-10-20', '145.00'),
(1659, 'b50', '202110', 'Voyage SNCF', '2021-10-20', '144.00'),
(1660, 'b50', '202110', 'location salle conférence', '2021-10-19', '516.00'),
(1661, 'b50', '202110', 'repas avec praticien', '2021-10-26', '46.00'),
(1662, 'b50', '202110', 'location véhicule', '2021-10-01', '449.00'),
(1663, 'b50', '202111', 'achat d\'espace publicitaire', '2021-11-08', '49.00'),
(1664, 'b50', '202111', 'location salle conférence', '2021-11-28', '529.00'),
(1665, 'b50', '202111', 'achat d\'espace publicitaire', '2021-11-21', '93.00'),
(1666, 'b50', '202111', 'location véhicule', '2021-11-11', '255.00'),
(1667, 'b50', '202111', 'achat de matériel de papèterie', '2021-11-19', '23.00'),
(1668, 'b50', '202112', 'achat d\'espace publicitaire', '2021-12-18', '93.00'),
(1669, 'b50', '202112', 'location équipement vidéo/sonore', '2021-12-13', '419.00'),
(1670, 'b50', '202112', 'achat de matériel de papèterie', '2021-12-23', '22.00'),
(1671, 'b50', '202112', 'Voyage SNCF', '2021-12-26', '50.00'),
(1672, 'b50', '202201', 'repas avec praticien', '2022-01-23', '34.00'),
(1673, 'b50', '202202', 'achat de matériel de papèterie', '2022-02-19', '15.00'),
(1674, 'b50', '202202', 'achat de matériel de papèterie', '2022-02-20', '49.00'),
(1675, 'b50', '202202', 'rémunération intervenant/spécialiste', '2022-02-20', '785.00'),
(1676, 'b50', '202202', 'repas avec praticien', '2022-02-13', '47.00'),
(1677, 'b50', '202202', 'repas avec praticien', '2022-02-03', '46.00'),
(1678, 'b50', '202203', 'taxi', '2022-03-25', '78.00'),
(1679, 'b50', '202203', 'achat d\'espace publicitaire', '2022-03-04', '39.00'),
(1680, 'b50', '202204', 'location véhicule', '2022-04-20', '84.00'),
(1681, 'b50', '202204', 'Voyage SNCF', '2022-04-07', '81.00'),
(1682, 'b50', '202205', 'taxi', '2022-05-04', '27.00'),
(1683, 'b50', '202205', 'repas avec praticien', '2022-05-17', '35.00'),
(1684, 'b50', '202205', 'frais vestimentaire/représentation', '2022-05-01', '372.00'),
(1685, 'b50', '202205', 'location salle conférence', '2022-05-06', '596.00'),
(1686, 'b50', '202206', 'location salle conférence', '2022-06-04', '213.00'),
(1687, 'b50', '202206', 'achat de matériel de papèterie', '2022-06-21', '14.00'),
(1688, 'b50', '202206', 'location équipement vidéo/sonore', '2022-06-13', '542.00'),
(1689, 'b50', '202206', 'traiteur, alimentation, boisson', '2022-06-19', '247.00'),
(1690, 'b50', '202206', 'rémunération intervenant/spécialiste', '2022-06-05', '536.00'),
(1691, 'b50', '202206', 'repas avec praticien', '2022-06-25', '42.00'),
(1692, 'b50', '202207', 'location véhicule', '2022-07-03', '404.00'),
(1693, 'b50', '202207', 'Voyage SNCF', '2022-07-28', '46.00'),
(1694, 'b50', '202207', 'achat d\'espace publicitaire', '2022-07-08', '148.00'),
(1695, 'b50', '202207', 'repas avec praticien', '2022-07-17', '49.00'),
(1696, 'b50', '202208', 'achat de matériel de papèterie', '2022-08-08', '37.00'),
(1697, 'b50', '202209', 'rémunération intervenant/spécialiste', '2022-09-03', '453.00'),
(1698, 'b50', '202209', 'rémunération intervenant/spécialiste', '2022-09-24', '303.00'),
(1699, 'b50', '202209', 'location salle conférence', '2022-09-24', '557.00'),
(1700, 'b50', '202209', 'traiteur, alimentation, boisson', '2022-09-23', '273.00'),
(1701, 'b50', '202209', 'achat de matériel de papèterie', '2022-09-01', '35.00'),
(1702, 'b50', '202210', 'achat de matériel de papèterie', '2022-10-07', '20.00'),
(1703, 'b50', '202210', 'location véhicule', '2022-10-27', '154.00'),
(1704, 'b50', '202210', 'location véhicule', '2022-10-23', '250.00'),
(1705, 'b50', '202210', 'achat de matériel de papèterie', '2022-10-09', '41.00'),
(1706, 'b50', '202210', 'achat d\'espace publicitaire', '2022-10-17', '38.00'),
(1707, 'b50', '202211', 'Voyage SNCF', '2022-11-16', '76.00'),
(1708, 'b50', '202211', 'frais vestimentaire/représentation', '2022-11-03', '228.00'),
(1709, 'b50', '202211', 'frais vestimentaire/représentation', '2022-11-27', '61.00'),
(1710, 'b50', '202212', 'frais vestimentaire/représentation', '2022-12-19', '160.00'),
(1711, 'b50', '202212', 'achat de matériel de papèterie', '2022-12-09', '15.00'),
(1712, 'b50', '202212', 'location salle conférence', '2022-12-06', '459.00'),
(1713, 'b50', '202212', 'traiteur, alimentation, boisson', '2022-12-17', '302.00'),
(1714, 'b50', '202212', 'repas avec praticien', '2022-12-03', '37.00'),
(1715, 'b50', '202212', 'location véhicule', '2022-12-13', '326.00'),
(1716, 'b50', '202301', 'location salle conférence', '2023-01-01', '390.00'),
(1717, 'b50', '202302', 'achat d\'espace publicitaire', '2023-02-11', '36.00'),
(1718, 'b50', '202302', 'repas avec praticien', '2023-02-20', '42.00'),
(1719, 'b50', '202302', 'frais vestimentaire/représentation', '2023-02-18', '233.00'),
(1720, 'b50', '202302', 'achat d\'espace publicitaire', '2023-02-14', '144.00'),
(1721, 'b50', '202302', 'Voyage SNCF', '2023-02-24', '86.00'),
(1722, 'b50', '202302', 'location véhicule', '2023-02-22', '432.00'),
(1723, 'b50', '202303', 'repas avec praticien', '2023-03-15', '50.00'),
(1724, 'b50', '202303', 'location véhicule', '2023-03-15', '185.00'),
(1725, 'b50', '202303', 'repas avec praticien', '2023-03-22', '42.00'),
(1726, 'b50', '202303', 'repas avec praticien', '2023-03-27', '50.00'),
(1727, 'b50', '202303', 'frais vestimentaire/représentation', '2023-03-06', '410.00'),
(1728, 'b59', '202101', 'traiteur, alimentation, boisson', '2021-01-19', '302.00'),
(1729, 'b59', '202101', 'location équipement vidéo/sonore', '2021-01-06', '302.00'),
(1730, 'b59', '202102', 'frais vestimentaire/représentation', '2021-02-22', '130.00'),
(1731, 'b59', '202102', 'Voyage SNCF', '2021-02-10', '91.00'),
(1732, 'b59', '202102', 'frais vestimentaire/représentation', '2021-02-13', '298.00'),
(1733, 'b59', '202102', 'taxi', '2021-02-12', '23.00'),
(1734, 'b59', '202103', 'achat d\'espace publicitaire', '2021-03-25', '109.00'),
(1735, 'b59', '202103', 'taxi', '2021-03-22', '48.00'),
(1736, 'b59', '202103', 'taxi', '2021-03-16', '58.00'),
(1737, 'b59', '202103', 'achat de matériel de papèterie', '2021-03-14', '12.00'),
(1738, 'b59', '202103', 'taxi', '2021-03-15', '53.00'),
(1739, 'b59', '202104', 'location véhicule', '2021-04-20', '351.00'),
(1740, 'b59', '202104', 'location équipement vidéo/sonore', '2021-04-26', '586.00'),
(1741, 'b59', '202104', 'rémunération intervenant/spécialiste', '2021-04-19', '395.00'),
(1742, 'b59', '202104', 'taxi', '2021-04-19', '53.00'),
(1743, 'b59', '202105', 'repas avec praticien', '2021-05-06', '50.00'),
(1744, 'b59', '202105', 'repas avec praticien', '2021-05-16', '32.00'),
(1745, 'b59', '202105', 'location véhicule', '2021-05-01', '341.00'),
(1746, 'b59', '202105', 'taxi', '2021-05-13', '37.00'),
(1747, 'b59', '202105', 'rémunération intervenant/spécialiste', '2021-05-24', '621.00'),
(1748, 'b59', '202106', 'location salle conférence', '2021-06-04', '531.00'),
(1749, 'b59', '202106', 'achat de matériel de papèterie', '2021-06-25', '30.00'),
(1750, 'b59', '202106', 'rémunération intervenant/spécialiste', '2021-06-11', '659.00'),
(1751, 'b59', '202106', 'traiteur, alimentation, boisson', '2021-06-22', '398.00'),
(1752, 'b59', '202106', 'taxi', '2021-06-12', '34.00'),
(1753, 'b59', '202107', 'achat de matériel de papèterie', '2021-07-18', '48.00'),
(1754, 'b59', '202108', 'achat de matériel de papèterie', '2021-08-24', '28.00'),
(1755, 'b59', '202108', 'location véhicule', '2021-08-21', '355.00'),
(1756, 'b59', '202108', 'taxi', '2021-08-09', '60.00'),
(1757, 'b59', '202108', 'location véhicule', '2021-08-13', '313.00'),
(1758, 'b59', '202108', 'traiteur, alimentation, boisson', '2021-08-03', '175.00'),
(1759, 'b59', '202109', 'achat de matériel de papèterie', '2021-09-05', '46.00'),
(1760, 'b59', '202109', 'repas avec praticien', '2021-09-25', '36.00'),
(1761, 'b59', '202109', 'repas avec praticien', '2021-09-16', '42.00'),
(1762, 'b59', '202110', 'repas avec praticien', '2021-10-01', '39.00'),
(1763, 'b59', '202110', 'taxi', '2021-10-18', '61.00'),
(1764, 'b59', '202110', 'Voyage SNCF', '2021-10-13', '92.00'),
(1765, 'b59', '202110', 'frais vestimentaire/représentation', '2021-10-11', '126.00'),
(1766, 'b59', '202110', 'frais vestimentaire/représentation', '2021-10-27', '150.00'),
(1767, 'b59', '202110', 'location salle conférence', '2021-10-10', '160.00'),
(1768, 'b59', '202111', 'frais vestimentaire/représentation', '2021-11-18', '443.00'),
(1769, 'b59', '202111', 'achat d\'espace publicitaire', '2021-11-09', '73.00'),
(1770, 'b59', '202111', 'frais vestimentaire/représentation', '2021-11-22', '368.00'),
(1771, 'b59', '202111', 'frais vestimentaire/représentation', '2021-11-12', '84.00'),
(1772, 'b59', '202111', 'location véhicule', '2021-11-04', '314.00'),
(1773, 'b59', '202112', 'achat de matériel de papèterie', '2021-12-15', '17.00'),
(1774, 'b59', '202201', 'achat d\'espace publicitaire', '2022-01-01', '141.00'),
(1775, 'b59', '202201', 'traiteur, alimentation, boisson', '2022-01-18', '142.00'),
(1776, 'b59', '202201', 'Voyage SNCF', '2022-01-25', '31.00'),
(1777, 'b59', '202201', 'frais vestimentaire/représentation', '2022-01-11', '211.00'),
(1778, 'b59', '202202', 'achat de matériel de papèterie', '2022-02-18', '36.00'),
(1779, 'b59', '202202', 'repas avec praticien', '2022-02-13', '37.00'),
(1780, 'b59', '202202', 'location salle conférence', '2022-02-23', '595.00'),
(1781, 'b59', '202202', 'taxi', '2022-02-06', '67.00'),
(1782, 'b59', '202203', 'taxi', '2022-03-10', '60.00'),
(1783, 'b59', '202203', 'taxi', '2022-03-23', '70.00'),
(1784, 'b59', '202204', 'location salle conférence', '2022-04-28', '433.00'),
(1785, 'b59', '202204', 'location équipement vidéo/sonore', '2022-04-03', '342.00'),
(1786, 'b59', '202204', 'location véhicule', '2022-04-12', '438.00'),
(1787, 'b59', '202204', 'rémunération intervenant/spécialiste', '2022-04-22', '1183.00'),
(1788, 'b59', '202204', 'Voyage SNCF', '2022-04-08', '140.00'),
(1789, 'b59', '202204', 'taxi', '2022-04-17', '41.00'),
(1790, 'b59', '202205', 'taxi', '2022-05-19', '48.00'),
(1791, 'b59', '202205', 'rémunération intervenant/spécialiste', '2022-05-11', '1079.00'),
(1792, 'b59', '202206', 'location salle conférence', '2022-06-28', '627.00'),
(1793, 'b59', '202206', 'location équipement vidéo/sonore', '2022-06-23', '835.00'),
(1794, 'b59', '202206', 'Voyage SNCF', '2022-06-02', '81.00'),
(1795, 'b59', '202206', 'rémunération intervenant/spécialiste', '2022-06-10', '853.00'),
(1796, 'b59', '202206', 'achat de matériel de papèterie', '2022-06-10', '17.00'),
(1797, 'b59', '202206', 'frais vestimentaire/représentation', '2022-06-20', '112.00'),
(1798, 'b59', '202207', 'achat d\'espace publicitaire', '2022-07-28', '82.00'),
(1799, 'b59', '202207', 'achat de matériel de papèterie', '2022-07-06', '36.00'),
(1800, 'b59', '202207', 'location véhicule', '2022-07-25', '137.00'),
(1801, 'b59', '202207', 'achat de matériel de papèterie', '2022-07-04', '13.00'),
(1802, 'b59', '202208', 'location véhicule', '2022-08-19', '169.00'),
(1803, 'b59', '202209', 'achat de matériel de papèterie', '2022-09-04', '10.00'),
(1804, 'b59', '202209', 'rémunération intervenant/spécialiste', '2022-09-15', '793.00'),
(1805, 'b59', '202209', 'achat d\'espace publicitaire', '2022-09-06', '103.00'),
(1806, 'b59', '202210', 'taxi', '2022-10-19', '20.00'),
(1807, 'b59', '202210', 'traiteur, alimentation, boisson', '2022-10-28', '249.00'),
(1808, 'b59', '202210', 'repas avec praticien', '2022-10-21', '36.00'),
(1809, 'b59', '202210', 'traiteur, alimentation, boisson', '2022-10-26', '450.00'),
(1810, 'b59', '202210', 'traiteur, alimentation, boisson', '2022-10-02', '296.00'),
(1811, 'b59', '202211', 'location salle conférence', '2022-11-21', '526.00'),
(1812, 'b59', '202211', 'location véhicule', '2022-11-17', '268.00'),
(1813, 'b59', '202211', 'frais vestimentaire/représentation', '2022-11-24', '417.00'),
(1814, 'b59', '202211', 'repas avec praticien', '2022-11-13', '41.00'),
(1815, 'b59', '202212', 'achat d\'espace publicitaire', '2022-12-16', '20.00'),
(1816, 'b59', '202212', 'traiteur, alimentation, boisson', '2022-12-17', '71.00'),
(1817, 'b59', '202212', 'repas avec praticien', '2022-12-03', '49.00'),
(1818, 'b59', '202212', 'achat de matériel de papèterie', '2022-12-20', '34.00'),
(1819, 'b59', '202212', 'taxi', '2022-12-05', '35.00'),
(1820, 'b59', '202301', 'achat d\'espace publicitaire', '2023-01-20', '102.00'),
(1821, 'b59', '202301', 'frais vestimentaire/représentation', '2023-01-01', '262.00'),
(1822, 'b59', '202302', 'location véhicule', '2023-02-20', '93.00'),
(1823, 'b59', '202302', 'Voyage SNCF', '2023-02-03', '85.00'),
(1824, 'b59', '202302', 'frais vestimentaire/représentation', '2023-02-16', '168.00'),
(1825, 'b59', '202302', 'traiteur, alimentation, boisson', '2023-02-24', '150.00'),
(1826, 'b59', '202302', 'location équipement vidéo/sonore', '2023-02-22', '737.00'),
(1827, 'b59', '202302', 'frais vestimentaire/représentation', '2023-02-27', '192.00'),
(1828, 'b59', '202303', 'frais vestimentaire/représentation', '2023-03-23', '98.00'),
(1829, 'b59', '202303', 'location véhicule', '2023-03-06', '134.00'),
(1830, 'c14', '202101', 'location équipement vidéo/sonore', '2021-01-27', '673.00'),
(1831, 'c14', '202101', 'Voyage SNCF', '2021-01-07', '60.00'),
(1832, 'c14', '202101', 'location véhicule', '2021-01-23', '438.00'),
(1833, 'c14', '202102', 'traiteur, alimentation, boisson', '2021-02-18', '132.00'),
(1834, 'c14', '202102', 'location véhicule', '2021-02-19', '116.00'),
(1835, 'c14', '202102', 'Voyage SNCF', '2021-02-04', '111.00'),
(1836, 'c14', '202102', 'location salle conférence', '2021-02-17', '459.00'),
(1837, 'c14', '202102', 'location équipement vidéo/sonore', '2021-02-12', '616.00'),
(1838, 'c14', '202103', 'taxi', '2021-03-25', '58.00'),
(1839, 'c14', '202103', 'location véhicule', '2021-03-05', '302.00'),
(1840, 'c14', '202103', 'traiteur, alimentation, boisson', '2021-03-25', '425.00'),
(1841, 'c14', '202103', 'taxi', '2021-03-13', '78.00'),
(1842, 'c14', '202103', 'rémunération intervenant/spécialiste', '2021-03-21', '910.00'),
(1843, 'c14', '202103', 'achat d\'espace publicitaire', '2021-03-02', '48.00'),
(1844, 'c14', '202104', 'rémunération intervenant/spécialiste', '2021-04-14', '567.00'),
(1845, 'c14', '202104', 'rémunération intervenant/spécialiste', '2021-04-20', '746.00'),
(1846, 'c14', '202104', 'repas avec praticien', '2021-04-26', '47.00'),
(1847, 'c14', '202104', 'repas avec praticien', '2021-04-03', '43.00'),
(1848, 'c14', '202104', 'repas avec praticien', '2021-04-04', '45.00'),
(1849, 'c14', '202104', 'location équipement vidéo/sonore', '2021-04-23', '240.00'),
(1850, 'c14', '202105', 'taxi', '2021-05-23', '25.00'),
(1851, 'c14', '202105', 'location véhicule', '2021-05-27', '446.00'),
(1852, 'c14', '202105', 'rémunération intervenant/spécialiste', '2021-05-03', '800.00'),
(1853, 'c14', '202106', 'location véhicule', '2021-06-28', '235.00'),
(1854, 'c14', '202106', 'achat de matériel de papèterie', '2021-06-23', '38.00'),
(1855, 'c14', '202106', 'location équipement vidéo/sonore', '2021-06-27', '325.00'),
(1856, 'c14', '202106', 'achat d\'espace publicitaire', '2021-06-08', '40.00'),
(1857, 'c14', '202106', 'repas avec praticien', '2021-06-10', '48.00'),
(1858, 'c14', '202107', 'achat de matériel de papèterie', '2021-07-02', '37.00'),
(1859, 'c14', '202107', 'frais vestimentaire/représentation', '2021-07-24', '39.00'),
(1860, 'c14', '202107', 'location équipement vidéo/sonore', '2021-07-23', '572.00'),
(1861, 'c14', '202108', 'rémunération intervenant/spécialiste', '2021-08-23', '767.00'),
(1862, 'c14', '202108', 'Voyage SNCF', '2021-08-09', '76.00'),
(1863, 'c14', '202109', 'rémunération intervenant/spécialiste', '2021-09-04', '1126.00'),
(1864, 'c14', '202109', 'Voyage SNCF', '2021-09-02', '39.00'),
(1865, 'c14', '202109', 'location salle conférence', '2021-09-21', '264.00'),
(1866, 'c14', '202110', 'Voyage SNCF', '2021-10-06', '129.00'),
(1867, 'c14', '202110', 'location salle conférence', '2021-10-06', '629.00'),
(1868, 'c14', '202111', 'achat d\'espace publicitaire', '2021-11-23', '47.00'),
(1869, 'c14', '202111', 'repas avec praticien', '2021-11-11', '43.00'),
(1870, 'c14', '202111', 'traiteur, alimentation, boisson', '2021-11-07', '411.00'),
(1871, 'c14', '202111', 'achat d\'espace publicitaire', '2021-11-27', '45.00'),
(1872, 'c14', '202111', 'traiteur, alimentation, boisson', '2021-11-13', '419.00'),
(1873, 'c14', '202111', 'location salle conférence', '2021-11-20', '395.00'),
(1874, 'c14', '202112', 'frais vestimentaire/représentation', '2021-12-18', '359.00'),
(1875, 'c14', '202112', 'achat d\'espace publicitaire', '2021-12-08', '72.00'),
(1876, 'c14', '202112', 'frais vestimentaire/représentation', '2021-12-17', '116.00'),
(1877, 'c14', '202112', 'location salle conférence', '2021-12-18', '150.00'),
(1878, 'c14', '202112', 'location salle conférence', '2021-12-20', '279.00'),
(1879, 'c14', '202112', 'Voyage SNCF', '2021-12-10', '135.00'),
(1880, 'c14', '202201', 'location salle conférence', '2022-01-14', '523.00'),
(1881, 'c14', '202201', 'traiteur, alimentation, boisson', '2022-01-16', '329.00'),
(1882, 'c14', '202202', 'Voyage SNCF', '2022-02-26', '89.00'),
(1883, 'c14', '202202', 'location véhicule', '2022-02-24', '304.00'),
(1884, 'c14', '202202', 'traiteur, alimentation, boisson', '2022-02-23', '87.00'),
(1885, 'c14', '202202', 'location salle conférence', '2022-02-07', '617.00'),
(1886, 'c14', '202203', 'taxi', '2022-03-04', '35.00'),
(1887, 'c14', '202203', 'repas avec praticien', '2022-03-20', '34.00'),
(1888, 'c14', '202203', 'location véhicule', '2022-03-01', '326.00'),
(1889, 'c14', '202203', 'Voyage SNCF', '2022-03-19', '136.00'),
(1890, 'c14', '202203', 'frais vestimentaire/représentation', '2022-03-21', '46.00'),
(1891, 'c14', '202203', 'traiteur, alimentation, boisson', '2022-03-03', '200.00'),
(1892, 'c14', '202204', 'frais vestimentaire/représentation', '2022-04-01', '247.00'),
(1893, 'c14', '202204', 'taxi', '2022-04-03', '60.00'),
(1894, 'c14', '202204', 'achat de matériel de papèterie', '2022-04-25', '50.00'),
(1895, 'c14', '202205', 'location salle conférence', '2022-05-08', '636.00'),
(1896, 'c14', '202206', 'location salle conférence', '2022-06-08', '498.00'),
(1897, 'c14', '202206', 'achat de matériel de papèterie', '2022-06-18', '26.00'),
(1898, 'c14', '202206', 'traiteur, alimentation, boisson', '2022-06-23', '135.00'),
(1899, 'c14', '202206', 'Voyage SNCF', '2022-06-18', '112.00'),
(1900, 'c14', '202206', 'achat d\'espace publicitaire', '2022-06-11', '98.00'),
(1901, 'c14', '202206', 'location équipement vidéo/sonore', '2022-06-14', '497.00'),
(1902, 'c14', '202207', 'frais vestimentaire/représentation', '2022-07-22', '250.00'),
(1903, 'c14', '202207', 'traiteur, alimentation, boisson', '2022-07-27', '210.00'),
(1904, 'c14', '202207', 'repas avec praticien', '2022-07-04', '47.00'),
(1905, 'c14', '202207', 'frais vestimentaire/représentation', '2022-07-10', '157.00'),
(1906, 'c14', '202208', 'traiteur, alimentation, boisson', '2022-08-19', '354.00'),
(1907, 'c14', '202208', 'frais vestimentaire/représentation', '2022-08-22', '224.00'),
(1908, 'c14', '202208', 'location équipement vidéo/sonore', '2022-08-25', '718.00'),
(1909, 'c14', '202208', 'traiteur, alimentation, boisson', '2022-08-08', '448.00'),
(1910, 'c14', '202208', 'location salle conférence', '2022-08-02', '593.00'),
(1911, 'c14', '202209', 'taxi', '2022-09-19', '63.00'),
(1912, 'c14', '202209', 'location véhicule', '2022-09-18', '32.00'),
(1913, 'c14', '202209', 'achat de matériel de papèterie', '2022-09-07', '10.00'),
(1914, 'c14', '202210', 'Voyage SNCF', '2022-10-22', '40.00'),
(1915, 'c14', '202211', 'frais vestimentaire/représentation', '2022-11-17', '151.00'),
(1916, 'c14', '202211', 'Voyage SNCF', '2022-11-17', '136.00'),
(1917, 'c14', '202211', 'achat d\'espace publicitaire', '2022-11-08', '113.00'),
(1918, 'c14', '202211', 'frais vestimentaire/représentation', '2022-11-12', '29.00'),
(1919, 'c14', '202211', 'rémunération intervenant/spécialiste', '2022-11-25', '727.00'),
(1920, 'c14', '202212', 'location salle conférence', '2022-12-09', '503.00'),
(1921, 'c14', '202301', 'location salle conférence', '2023-01-06', '421.00'),
(1922, 'c14', '202301', 'rémunération intervenant/spécialiste', '2023-01-12', '357.00'),
(1923, 'c14', '202302', 'achat de matériel de papèterie', '2023-02-17', '32.00'),
(1924, 'c14', '202303', 'frais vestimentaire/représentation', '2023-03-01', '35.00'),
(1925, 'c14', '202303', 'frais vestimentaire/représentation', '2023-03-22', '97.00'),
(1926, 'c14', '202303', 'location salle conférence', '2023-03-07', '197.00'),
(1927, 'c3', '202101', 'achat d\'espace publicitaire', '2021-01-01', '127.00'),
(1928, 'c3', '202101', 'repas avec praticien', '2021-01-01', '31.00'),
(1929, 'c3', '202101', 'frais vestimentaire/représentation', '2021-01-24', '201.00'),
(1930, 'c3', '202101', 'repas avec praticien', '2021-01-10', '35.00'),
(1931, 'c3', '202101', 'Voyage SNCF', '2021-01-26', '143.00'),
(1932, 'c3', '202102', 'achat de matériel de papèterie', '2021-02-24', '10.00'),
(1933, 'c3', '202102', 'achat de matériel de papèterie', '2021-02-09', '23.00'),
(1934, 'c3', '202102', 'rémunération intervenant/spécialiste', '2021-02-05', '1041.00'),
(1935, 'c3', '202103', 'traiteur, alimentation, boisson', '2021-03-06', '129.00'),
(1936, 'c3', '202103', 'location équipement vidéo/sonore', '2021-03-13', '324.00'),
(1937, 'c3', '202104', 'rémunération intervenant/spécialiste', '2021-04-15', '1002.00'),
(1938, 'c3', '202104', 'location salle conférence', '2021-04-28', '137.00'),
(1939, 'c3', '202104', 'rémunération intervenant/spécialiste', '2021-04-12', '564.00'),
(1940, 'c3', '202104', 'Voyage SNCF', '2021-04-05', '48.00'),
(1941, 'c3', '202104', 'frais vestimentaire/représentation', '2021-04-02', '78.00');
INSERT INTO `LigneFraisHorsForfait` (`id`, `idVisiteur`, `mois`, `libelle`, `date`, `montant`) VALUES
(1942, 'c3', '202105', 'repas avec praticien', '2021-05-28', '32.00'),
(1943, 'c3', '202105', 'location véhicule', '2021-05-15', '211.00'),
(1944, 'c3', '202105', 'Voyage SNCF', '2021-05-26', '112.00'),
(1945, 'c3', '202106', 'rémunération intervenant/spécialiste', '2021-06-18', '599.00'),
(1946, 'c3', '202106', 'location salle conférence', '2021-06-05', '638.00'),
(1947, 'c3', '202106', 'taxi', '2021-06-24', '40.00'),
(1948, 'c3', '202107', 'location véhicule', '2021-07-05', '203.00'),
(1949, 'c3', '202107', 'location véhicule', '2021-07-15', '83.00'),
(1950, 'c3', '202107', 'achat d\'espace publicitaire', '2021-07-13', '149.00'),
(1951, 'c3', '202107', 'repas avec praticien', '2021-07-04', '30.00'),
(1952, 'c3', '202108', 'location équipement vidéo/sonore', '2021-08-04', '830.00'),
(1953, 'c3', '202108', 'location équipement vidéo/sonore', '2021-08-04', '192.00'),
(1954, 'c3', '202108', 'repas avec praticien', '2021-08-28', '31.00'),
(1955, 'c3', '202109', 'location salle conférence', '2021-09-16', '151.00'),
(1956, 'c3', '202109', 'location équipement vidéo/sonore', '2021-09-19', '622.00'),
(1957, 'c3', '202109', 'location véhicule', '2021-09-14', '86.00'),
(1958, 'c3', '202109', 'achat de matériel de papèterie', '2021-09-20', '22.00'),
(1959, 'c3', '202109', 'achat de matériel de papèterie', '2021-09-06', '43.00'),
(1960, 'c3', '202109', 'rémunération intervenant/spécialiste', '2021-09-20', '739.00'),
(1961, 'c3', '202110', 'taxi', '2021-10-27', '37.00'),
(1962, 'c3', '202110', 'repas avec praticien', '2021-10-12', '42.00'),
(1963, 'c3', '202111', 'location véhicule', '2021-11-23', '423.00'),
(1964, 'c3', '202111', 'repas avec praticien', '2021-11-05', '41.00'),
(1965, 'c3', '202111', 'achat de matériel de papèterie', '2021-11-14', '40.00'),
(1966, 'c3', '202111', 'Voyage SNCF', '2021-11-18', '85.00'),
(1967, 'c3', '202111', 'taxi', '2021-11-24', '50.00'),
(1968, 'c3', '202111', 'location véhicule', '2021-11-02', '185.00'),
(1969, 'c3', '202112', 'location véhicule', '2021-12-05', '34.00'),
(1970, 'c3', '202112', 'location équipement vidéo/sonore', '2021-12-03', '731.00'),
(1971, 'c3', '202112', 'location équipement vidéo/sonore', '2021-12-05', '825.00'),
(1972, 'c3', '202112', 'repas avec praticien', '2021-12-06', '46.00'),
(1973, 'c3', '202201', 'frais vestimentaire/représentation', '2022-01-20', '73.00'),
(1974, 'c3', '202201', 'rémunération intervenant/spécialiste', '2022-01-10', '422.00'),
(1975, 'c3', '202201', 'frais vestimentaire/représentation', '2022-01-04', '368.00'),
(1976, 'c3', '202201', 'traiteur, alimentation, boisson', '2022-01-22', '446.00'),
(1977, 'c3', '202202', 'Voyage SNCF', '2022-02-06', '63.00'),
(1978, 'c3', '202202', 'achat de matériel de papèterie', '2022-02-20', '29.00'),
(1979, 'c3', '202202', 'location salle conférence', '2022-02-06', '138.00'),
(1980, 'c3', '202202', 'Voyage SNCF', '2022-02-17', '63.00'),
(1981, 'c3', '202203', 'frais vestimentaire/représentation', '2022-03-11', '73.00'),
(1982, 'c3', '202204', 'rémunération intervenant/spécialiste', '2022-04-10', '305.00'),
(1983, 'c3', '202204', 'location véhicule', '2022-04-28', '370.00'),
(1984, 'c3', '202204', 'frais vestimentaire/représentation', '2022-04-13', '341.00'),
(1985, 'c3', '202205', 'repas avec praticien', '2022-05-12', '42.00'),
(1986, 'c3', '202205', 'frais vestimentaire/représentation', '2022-05-22', '291.00'),
(1987, 'c3', '202205', 'frais vestimentaire/représentation', '2022-05-28', '178.00'),
(1988, 'c3', '202205', 'repas avec praticien', '2022-05-26', '39.00'),
(1989, 'c3', '202206', 'taxi', '2022-06-14', '34.00'),
(1990, 'c3', '202206', 'location équipement vidéo/sonore', '2022-06-05', '118.00'),
(1991, 'c3', '202207', 'taxi', '2022-07-06', '27.00'),
(1992, 'c3', '202207', 'location équipement vidéo/sonore', '2022-07-07', '734.00'),
(1993, 'c3', '202208', 'achat de matériel de papèterie', '2022-08-07', '38.00'),
(1994, 'c3', '202208', 'location salle conférence', '2022-08-22', '201.00'),
(1995, 'c3', '202208', 'repas avec praticien', '2022-08-08', '38.00'),
(1996, 'c3', '202208', 'achat de matériel de papèterie', '2022-08-05', '16.00'),
(1997, 'c3', '202208', 'rémunération intervenant/spécialiste', '2022-08-06', '587.00'),
(1998, 'c3', '202209', 'frais vestimentaire/représentation', '2022-09-13', '448.00'),
(1999, 'c3', '202209', 'frais vestimentaire/représentation', '2022-09-05', '393.00'),
(2000, 'c3', '202209', 'Voyage SNCF', '2022-09-26', '126.00'),
(2001, 'c3', '202210', 'achat de matériel de papèterie', '2022-10-20', '10.00'),
(2002, 'c3', '202210', 'traiteur, alimentation, boisson', '2022-10-11', '37.00'),
(2003, 'c3', '202211', 'location équipement vidéo/sonore', '2022-11-27', '198.00'),
(2004, 'c3', '202211', 'achat d\'espace publicitaire', '2022-11-28', '145.00'),
(2005, 'c3', '202211', 'location véhicule', '2022-11-11', '323.00'),
(2006, 'c3', '202211', 'Voyage SNCF', '2022-11-16', '88.00'),
(2007, 'c3', '202212', 'taxi', '2022-12-21', '22.00'),
(2008, 'c3', '202301', 'frais vestimentaire/représentation', '2023-01-19', '71.00'),
(2009, 'c3', '202301', 'achat d\'espace publicitaire', '2023-01-05', '61.00'),
(2010, 'c3', '202301', 'Voyage SNCF', '2023-01-12', '47.00'),
(2011, 'c3', '202301', 'rémunération intervenant/spécialiste', '2023-01-28', '803.00'),
(2012, 'c3', '202301', 'taxi', '2023-01-10', '34.00'),
(2013, 'c3', '202302', 'Voyage SNCF', '2023-02-04', '123.00'),
(2014, 'c3', '202302', 'location équipement vidéo/sonore', '2023-02-06', '461.00'),
(2015, 'c3', '202302', 'repas avec praticien', '2023-02-22', '36.00'),
(2016, 'c3', '202302', 'rémunération intervenant/spécialiste', '2023-02-02', '929.00'),
(2017, 'c3', '202303', 'achat de matériel de papèterie', '2023-03-09', '15.00'),
(2018, 'c3', '202303', 'frais vestimentaire/représentation', '2023-03-18', '347.00'),
(2019, 'c54', '202101', 'taxi', '2021-01-16', '44.00'),
(2020, 'c54', '202101', 'traiteur, alimentation, boisson', '2021-01-17', '397.00'),
(2021, 'c54', '202101', 'achat d\'espace publicitaire', '2021-01-09', '58.00'),
(2022, 'c54', '202101', 'location véhicule', '2021-01-05', '243.00'),
(2023, 'c54', '202101', 'location véhicule', '2021-01-08', '205.00'),
(2024, 'c54', '202101', 'achat d\'espace publicitaire', '2021-01-24', '144.00'),
(2025, 'c54', '202102', 'achat de matériel de papèterie', '2021-02-08', '39.00'),
(2026, 'c54', '202102', 'achat d\'espace publicitaire', '2021-02-15', '127.00'),
(2027, 'c54', '202103', 'Voyage SNCF', '2021-03-28', '72.00'),
(2028, 'c54', '202103', 'achat de matériel de papèterie', '2021-03-22', '47.00'),
(2029, 'c54', '202104', 'achat de matériel de papèterie', '2021-04-20', '37.00'),
(2030, 'c54', '202104', 'repas avec praticien', '2021-04-04', '38.00'),
(2031, 'c54', '202104', 'location salle conférence', '2021-04-03', '123.00'),
(2032, 'c54', '202105', 'taxi', '2021-05-28', '58.00'),
(2033, 'c54', '202105', 'achat de matériel de papèterie', '2021-05-18', '36.00'),
(2034, 'c54', '202105', 'achat d\'espace publicitaire', '2021-05-19', '55.00'),
(2035, 'c54', '202106', 'location équipement vidéo/sonore', '2021-06-13', '673.00'),
(2036, 'c54', '202107', 'frais vestimentaire/représentation', '2021-07-11', '326.00'),
(2037, 'c54', '202107', 'achat de matériel de papèterie', '2021-07-11', '48.00'),
(2038, 'c54', '202107', 'achat d\'espace publicitaire', '2021-07-25', '93.00'),
(2039, 'c54', '202108', 'taxi', '2021-08-22', '24.00'),
(2040, 'c54', '202109', 'frais vestimentaire/représentation', '2021-09-05', '244.00'),
(2041, 'c54', '202109', 'taxi', '2021-09-28', '75.00'),
(2042, 'c54', '202109', 'Voyage SNCF', '2021-09-08', '149.00'),
(2043, 'c54', '202109', 'traiteur, alimentation, boisson', '2021-09-10', '236.00'),
(2044, 'c54', '202109', 'rémunération intervenant/spécialiste', '2021-09-10', '1192.00'),
(2045, 'c54', '202110', 'achat d\'espace publicitaire', '2021-10-13', '53.00'),
(2046, 'c54', '202111', 'location équipement vidéo/sonore', '2021-11-09', '233.00'),
(2047, 'c54', '202111', 'repas avec praticien', '2021-11-10', '43.00'),
(2048, 'c54', '202111', 'taxi', '2021-11-26', '36.00'),
(2049, 'c54', '202111', 'achat de matériel de papèterie', '2021-11-22', '28.00'),
(2050, 'c54', '202111', 'achat d\'espace publicitaire', '2021-11-11', '131.00'),
(2051, 'c54', '202111', 'location salle conférence', '2021-11-11', '559.00'),
(2052, 'c54', '202112', 'repas avec praticien', '2021-12-17', '36.00'),
(2053, 'c54', '202112', 'Voyage SNCF', '2021-12-16', '54.00'),
(2054, 'c54', '202201', 'achat d\'espace publicitaire', '2022-01-13', '83.00'),
(2055, 'c54', '202202', 'location véhicule', '2022-02-27', '220.00'),
(2056, 'c54', '202202', 'traiteur, alimentation, boisson', '2022-02-19', '382.00'),
(2057, 'c54', '202203', 'Voyage SNCF', '2022-03-28', '34.00'),
(2058, 'c54', '202204', 'location véhicule', '2022-04-28', '127.00'),
(2059, 'c54', '202204', 'location salle conférence', '2022-04-24', '434.00'),
(2060, 'c54', '202204', 'taxi', '2022-04-13', '67.00'),
(2061, 'c54', '202204', 'frais vestimentaire/représentation', '2022-04-18', '428.00'),
(2062, 'c54', '202204', 'location véhicule', '2022-04-04', '230.00'),
(2063, 'c54', '202205', 'repas avec praticien', '2022-05-03', '42.00'),
(2064, 'c54', '202205', 'achat d\'espace publicitaire', '2022-05-01', '113.00'),
(2065, 'c54', '202205', 'location salle conférence', '2022-05-03', '144.00'),
(2066, 'c54', '202205', 'rémunération intervenant/spécialiste', '2022-05-09', '742.00'),
(2067, 'c54', '202205', 'traiteur, alimentation, boisson', '2022-05-28', '167.00'),
(2068, 'c54', '202206', 'location équipement vidéo/sonore', '2022-06-04', '296.00'),
(2069, 'c54', '202206', 'frais vestimentaire/représentation', '2022-06-19', '124.00'),
(2070, 'c54', '202206', 'location équipement vidéo/sonore', '2022-06-26', '690.00'),
(2071, 'c54', '202206', 'Voyage SNCF', '2022-06-02', '53.00'),
(2072, 'c54', '202206', 'traiteur, alimentation, boisson', '2022-06-21', '434.00'),
(2073, 'c54', '202207', 'location véhicule', '2022-07-22', '374.00'),
(2074, 'c54', '202207', 'location équipement vidéo/sonore', '2022-07-02', '401.00'),
(2075, 'c54', '202208', 'frais vestimentaire/représentation', '2022-08-15', '202.00'),
(2076, 'c54', '202208', 'achat d\'espace publicitaire', '2022-08-19', '117.00'),
(2077, 'c54', '202209', 'location salle conférence', '2022-09-06', '362.00'),
(2078, 'c54', '202209', 'location véhicule', '2022-09-26', '134.00'),
(2079, 'c54', '202209', 'Voyage SNCF', '2022-09-26', '81.00'),
(2080, 'c54', '202210', 'location véhicule', '2022-10-24', '300.00'),
(2081, 'c54', '202210', 'Voyage SNCF', '2022-10-25', '84.00'),
(2082, 'c54', '202211', 'traiteur, alimentation, boisson', '2022-11-06', '101.00'),
(2083, 'c54', '202211', 'Voyage SNCF', '2022-11-05', '97.00'),
(2084, 'c54', '202211', 'achat d\'espace publicitaire', '2022-11-05', '82.00'),
(2085, 'c54', '202211', 'rémunération intervenant/spécialiste', '2022-11-17', '258.00'),
(2086, 'c54', '202211', 'taxi', '2022-11-14', '61.00'),
(2087, 'c54', '202211', 'rémunération intervenant/spécialiste', '2022-11-26', '422.00'),
(2088, 'c54', '202212', 'rémunération intervenant/spécialiste', '2022-12-08', '341.00'),
(2089, 'c54', '202212', 'Voyage SNCF', '2022-12-06', '46.00'),
(2090, 'c54', '202212', 'traiteur, alimentation, boisson', '2022-12-14', '440.00'),
(2091, 'c54', '202301', 'traiteur, alimentation, boisson', '2023-01-23', '238.00'),
(2092, 'c54', '202302', 'traiteur, alimentation, boisson', '2023-02-11', '205.00'),
(2093, 'c54', '202302', 'Voyage SNCF', '2023-02-18', '58.00'),
(2094, 'c54', '202302', 'achat d\'espace publicitaire', '2023-02-24', '110.00'),
(2095, 'c54', '202302', 'achat de matériel de papèterie', '2023-02-01', '35.00'),
(2096, 'c54', '202303', 'location salle conférence', '2023-03-06', '468.00'),
(2097, 'c54', '202303', 'location équipement vidéo/sonore', '2023-03-25', '584.00'),
(2098, 'd13', '202101', 'rémunération intervenant/spécialiste', '2021-01-22', '284.00'),
(2099, 'd13', '202101', 'location salle conférence', '2021-01-24', '558.00'),
(2100, 'd13', '202101', 'location véhicule', '2021-01-17', '398.00'),
(2101, 'd13', '202101', 'achat d\'espace publicitaire', '2021-01-25', '146.00'),
(2102, 'd13', '202101', 'location véhicule', '2021-01-05', '391.00'),
(2103, 'd13', '202101', 'traiteur, alimentation, boisson', '2021-01-11', '390.00'),
(2104, 'd13', '202102', 'Voyage SNCF', '2021-02-24', '135.00'),
(2105, 'd13', '202102', 'Voyage SNCF', '2021-02-14', '31.00'),
(2106, 'd13', '202102', 'location véhicule', '2021-02-05', '400.00'),
(2107, 'd13', '202102', 'location véhicule', '2021-02-18', '317.00'),
(2108, 'd13', '202102', 'achat de matériel de papèterie', '2021-02-24', '34.00'),
(2109, 'd13', '202102', 'frais vestimentaire/représentation', '2021-02-01', '86.00'),
(2110, 'd13', '202103', 'location équipement vidéo/sonore', '2021-03-12', '334.00'),
(2111, 'd13', '202103', 'rémunération intervenant/spécialiste', '2021-03-16', '853.00'),
(2112, 'd13', '202103', 'location salle conférence', '2021-03-01', '499.00'),
(2113, 'd13', '202104', 'achat d\'espace publicitaire', '2021-04-01', '32.00'),
(2114, 'd13', '202104', 'traiteur, alimentation, boisson', '2021-04-01', '406.00'),
(2115, 'd13', '202104', 'location équipement vidéo/sonore', '2021-04-24', '367.00'),
(2116, 'd13', '202104', 'rémunération intervenant/spécialiste', '2021-04-23', '1039.00'),
(2117, 'd13', '202105', 'traiteur, alimentation, boisson', '2021-05-14', '218.00'),
(2118, 'd13', '202105', 'achat de matériel de papèterie', '2021-05-12', '41.00'),
(2119, 'd13', '202105', 'achat de matériel de papèterie', '2021-05-27', '28.00'),
(2120, 'd13', '202105', 'location véhicule', '2021-05-23', '116.00'),
(2121, 'd13', '202105', 'repas avec praticien', '2021-05-25', '30.00'),
(2122, 'd13', '202106', 'taxi', '2021-06-10', '38.00'),
(2123, 'd13', '202107', 'location véhicule', '2021-07-28', '304.00'),
(2124, 'd13', '202107', 'repas avec praticien', '2021-07-18', '50.00'),
(2125, 'd13', '202107', 'rémunération intervenant/spécialiste', '2021-07-04', '1112.00'),
(2126, 'd13', '202108', 'achat d\'espace publicitaire', '2021-08-08', '29.00'),
(2127, 'd13', '202108', 'frais vestimentaire/représentation', '2021-08-01', '71.00'),
(2128, 'd13', '202108', 'repas avec praticien', '2021-08-27', '33.00'),
(2129, 'd13', '202108', 'repas avec praticien', '2021-08-01', '35.00'),
(2130, 'd13', '202108', 'rémunération intervenant/spécialiste', '2021-08-21', '823.00'),
(2131, 'd13', '202108', 'traiteur, alimentation, boisson', '2021-08-15', '100.00'),
(2132, 'd13', '202109', 'frais vestimentaire/représentation', '2021-09-06', '151.00'),
(2133, 'd13', '202109', 'achat d\'espace publicitaire', '2021-09-26', '142.00'),
(2134, 'd13', '202109', 'traiteur, alimentation, boisson', '2021-09-15', '220.00'),
(2135, 'd13', '202109', 'rémunération intervenant/spécialiste', '2021-09-23', '361.00'),
(2136, 'd13', '202110', 'rémunération intervenant/spécialiste', '2021-10-14', '718.00'),
(2137, 'd13', '202110', 'achat de matériel de papèterie', '2021-10-12', '47.00'),
(2138, 'd13', '202110', 'traiteur, alimentation, boisson', '2021-10-27', '347.00'),
(2139, 'd13', '202111', 'location salle conférence', '2021-11-22', '551.00'),
(2140, 'd13', '202111', 'frais vestimentaire/représentation', '2021-11-25', '401.00'),
(2141, 'd13', '202111', 'rémunération intervenant/spécialiste', '2021-11-14', '826.00'),
(2142, 'd13', '202111', 'location véhicule', '2021-11-08', '388.00'),
(2143, 'd13', '202111', 'location véhicule', '2021-11-21', '398.00'),
(2144, 'd13', '202112', 'location véhicule', '2021-12-20', '248.00'),
(2145, 'd13', '202112', 'traiteur, alimentation, boisson', '2021-12-03', '235.00'),
(2146, 'd13', '202201', 'rémunération intervenant/spécialiste', '2022-01-09', '933.00'),
(2147, 'd13', '202201', 'achat de matériel de papèterie', '2022-01-14', '28.00'),
(2148, 'd13', '202202', 'location véhicule', '2022-02-17', '194.00'),
(2149, 'd13', '202202', 'location équipement vidéo/sonore', '2022-02-14', '498.00'),
(2150, 'd13', '202202', 'traiteur, alimentation, boisson', '2022-02-07', '402.00'),
(2151, 'd13', '202203', 'repas avec praticien', '2022-03-01', '47.00'),
(2152, 'd13', '202203', 'location équipement vidéo/sonore', '2022-03-25', '462.00'),
(2153, 'd13', '202204', 'repas avec praticien', '2022-04-27', '33.00'),
(2154, 'd13', '202204', 'traiteur, alimentation, boisson', '2022-04-13', '361.00'),
(2155, 'd13', '202204', 'achat d\'espace publicitaire', '2022-04-08', '81.00'),
(2156, 'd13', '202204', 'taxi', '2022-04-05', '54.00'),
(2157, 'd13', '202204', 'taxi', '2022-04-25', '27.00'),
(2158, 'd13', '202205', 'achat d\'espace publicitaire', '2022-05-09', '76.00'),
(2159, 'd13', '202205', 'frais vestimentaire/représentation', '2022-05-12', '220.00'),
(2160, 'd13', '202206', 'rémunération intervenant/spécialiste', '2022-06-12', '980.00'),
(2161, 'd13', '202207', 'location salle conférence', '2022-07-26', '268.00'),
(2162, 'd13', '202207', 'Voyage SNCF', '2022-07-16', '108.00'),
(2163, 'd13', '202207', 'traiteur, alimentation, boisson', '2022-07-24', '179.00'),
(2164, 'd13', '202207', 'location équipement vidéo/sonore', '2022-07-10', '100.00'),
(2165, 'd13', '202207', 'traiteur, alimentation, boisson', '2022-07-13', '282.00'),
(2166, 'd13', '202207', 'location équipement vidéo/sonore', '2022-07-26', '840.00'),
(2167, 'd13', '202208', 'location véhicule', '2022-08-28', '102.00'),
(2168, 'd13', '202208', 'location équipement vidéo/sonore', '2022-08-13', '745.00'),
(2169, 'd13', '202208', 'achat d\'espace publicitaire', '2022-08-25', '65.00'),
(2170, 'd13', '202208', 'rémunération intervenant/spécialiste', '2022-08-08', '1129.00'),
(2171, 'd13', '202208', 'location véhicule', '2022-08-23', '26.00'),
(2172, 'd13', '202208', 'traiteur, alimentation, boisson', '2022-08-15', '231.00'),
(2173, 'd13', '202209', 'location équipement vidéo/sonore', '2022-09-08', '218.00'),
(2174, 'd13', '202209', 'location véhicule', '2022-09-25', '212.00'),
(2175, 'd13', '202209', 'repas avec praticien', '2022-09-18', '39.00'),
(2176, 'd13', '202209', 'location salle conférence', '2022-09-21', '126.00'),
(2177, 'd13', '202210', 'traiteur, alimentation, boisson', '2022-10-27', '99.00'),
(2178, 'd13', '202210', 'location véhicule', '2022-10-27', '344.00'),
(2179, 'd13', '202210', 'achat d\'espace publicitaire', '2022-10-16', '38.00'),
(2180, 'd13', '202211', 'frais vestimentaire/représentation', '2022-11-26', '330.00'),
(2181, 'd13', '202211', 'traiteur, alimentation, boisson', '2022-11-15', '78.00'),
(2182, 'd13', '202212', 'achat d\'espace publicitaire', '2022-12-03', '149.00'),
(2183, 'd13', '202212', 'repas avec praticien', '2022-12-08', '45.00'),
(2184, 'd13', '202212', 'achat de matériel de papèterie', '2022-12-06', '25.00'),
(2185, 'd13', '202212', 'Voyage SNCF', '2022-12-03', '78.00'),
(2186, 'd13', '202212', 'taxi', '2022-12-07', '49.00'),
(2187, 'd13', '202301', 'taxi', '2023-01-15', '20.00'),
(2188, 'd13', '202302', 'achat de matériel de papèterie', '2023-02-19', '45.00'),
(2189, 'd13', '202302', 'frais vestimentaire/représentation', '2023-02-13', '338.00'),
(2190, 'd13', '202302', 'achat d\'espace publicitaire', '2023-02-08', '146.00'),
(2191, 'd13', '202302', 'rémunération intervenant/spécialiste', '2023-02-08', '938.00'),
(2192, 'd13', '202303', 'achat d\'espace publicitaire', '2023-03-20', '47.00'),
(2193, 'd13', '202303', 'Voyage SNCF', '2023-03-25', '51.00'),
(2194, 'd13', '202303', 'frais vestimentaire/représentation', '2023-03-19', '42.00'),
(2195, 'd51', '202101', 'location salle conférence', '2021-01-25', '592.00'),
(2196, 'd51', '202101', 'traiteur, alimentation, boisson', '2021-01-10', '286.00'),
(2197, 'd51', '202102', 'location salle conférence', '2021-02-24', '317.00'),
(2198, 'd51', '202102', 'traiteur, alimentation, boisson', '2021-02-16', '116.00'),
(2199, 'd51', '202102', 'repas avec praticien', '2021-02-25', '36.00'),
(2200, 'd51', '202103', 'taxi', '2021-03-04', '54.00'),
(2201, 'd51', '202103', 'frais vestimentaire/représentation', '2021-03-04', '318.00'),
(2202, 'd51', '202103', 'location salle conférence', '2021-03-01', '589.00'),
(2203, 'd51', '202103', 'frais vestimentaire/représentation', '2021-03-09', '163.00'),
(2204, 'd51', '202104', 'location salle conférence', '2021-04-15', '126.00'),
(2205, 'd51', '202104', 'frais vestimentaire/représentation', '2021-04-02', '350.00'),
(2206, 'd51', '202104', 'repas avec praticien', '2021-04-28', '30.00'),
(2207, 'd51', '202104', 'location véhicule', '2021-04-03', '134.00'),
(2208, 'd51', '202104', 'location salle conférence', '2021-04-22', '497.00'),
(2209, 'd51', '202104', 'taxi', '2021-04-04', '66.00'),
(2210, 'd51', '202105', 'repas avec praticien', '2021-05-24', '42.00'),
(2211, 'd51', '202105', 'repas avec praticien', '2021-05-11', '40.00'),
(2212, 'd51', '202106', 'traiteur, alimentation, boisson', '2021-06-09', '132.00'),
(2213, 'd51', '202106', 'rémunération intervenant/spécialiste', '2021-06-11', '910.00'),
(2214, 'd51', '202107', 'achat de matériel de papèterie', '2021-07-03', '46.00'),
(2215, 'd51', '202107', 'taxi', '2021-07-05', '79.00'),
(2216, 'd51', '202107', 'achat de matériel de papèterie', '2021-07-02', '46.00'),
(2217, 'd51', '202107', 'frais vestimentaire/représentation', '2021-07-06', '86.00'),
(2218, 'd51', '202107', 'location salle conférence', '2021-07-22', '524.00'),
(2219, 'd51', '202107', 'achat de matériel de papèterie', '2021-07-16', '39.00'),
(2220, 'd51', '202108', 'achat d\'espace publicitaire', '2021-08-03', '126.00'),
(2221, 'd51', '202108', 'repas avec praticien', '2021-08-24', '44.00'),
(2222, 'd51', '202108', 'location salle conférence', '2021-08-19', '620.00'),
(2223, 'd51', '202108', 'frais vestimentaire/représentation', '2021-08-14', '322.00'),
(2224, 'd51', '202109', 'location véhicule', '2021-09-01', '437.00'),
(2225, 'd51', '202109', 'traiteur, alimentation, boisson', '2021-09-10', '362.00'),
(2226, 'd51', '202109', 'repas avec praticien', '2021-09-03', '46.00'),
(2227, 'd51', '202109', 'repas avec praticien', '2021-09-05', '50.00'),
(2228, 'd51', '202110', 'achat d\'espace publicitaire', '2021-10-22', '76.00'),
(2229, 'd51', '202111', 'repas avec praticien', '2021-11-02', '37.00'),
(2230, 'd51', '202111', 'achat de matériel de papèterie', '2021-11-18', '19.00'),
(2231, 'd51', '202111', 'achat de matériel de papèterie', '2021-11-14', '44.00'),
(2232, 'd51', '202112', 'achat de matériel de papèterie', '2021-12-26', '36.00'),
(2233, 'd51', '202112', 'achat d\'espace publicitaire', '2021-12-05', '32.00'),
(2234, 'd51', '202112', 'frais vestimentaire/représentation', '2021-12-05', '243.00'),
(2235, 'd51', '202112', 'achat d\'espace publicitaire', '2021-12-21', '126.00'),
(2236, 'd51', '202112', 'repas avec praticien', '2021-12-17', '41.00'),
(2237, 'd51', '202112', 'achat de matériel de papèterie', '2021-12-07', '39.00'),
(2238, 'd51', '202201', 'achat de matériel de papèterie', '2022-01-09', '33.00'),
(2239, 'd51', '202201', 'location salle conférence', '2022-01-11', '273.00'),
(2240, 'd51', '202201', 'frais vestimentaire/représentation', '2022-01-28', '213.00'),
(2241, 'd51', '202201', 'achat d\'espace publicitaire', '2022-01-05', '131.00'),
(2242, 'd51', '202201', 'taxi', '2022-01-20', '72.00'),
(2243, 'd51', '202202', 'frais vestimentaire/représentation', '2022-02-25', '141.00'),
(2244, 'd51', '202202', 'frais vestimentaire/représentation', '2022-02-22', '220.00'),
(2245, 'd51', '202203', 'location salle conférence', '2022-03-12', '632.00'),
(2246, 'd51', '202203', 'location équipement vidéo/sonore', '2022-03-23', '270.00'),
(2247, 'd51', '202203', 'Voyage SNCF', '2022-03-20', '50.00'),
(2248, 'd51', '202203', 'achat d\'espace publicitaire', '2022-03-04', '53.00'),
(2249, 'd51', '202203', 'rémunération intervenant/spécialiste', '2022-03-08', '678.00'),
(2250, 'd51', '202204', 'location véhicule', '2022-04-14', '30.00'),
(2251, 'd51', '202204', 'location salle conférence', '2022-04-05', '392.00'),
(2252, 'd51', '202204', 'Voyage SNCF', '2022-04-11', '122.00'),
(2253, 'd51', '202205', 'achat de matériel de papèterie', '2022-05-17', '42.00'),
(2254, 'd51', '202205', 'frais vestimentaire/représentation', '2022-05-08', '328.00'),
(2255, 'd51', '202206', 'Voyage SNCF', '2022-06-19', '52.00'),
(2256, 'd51', '202206', 'traiteur, alimentation, boisson', '2022-06-26', '325.00'),
(2257, 'd51', '202207', 'achat d\'espace publicitaire', '2022-07-21', '50.00'),
(2258, 'd51', '202207', 'location véhicule', '2022-07-14', '287.00'),
(2259, 'd51', '202208', 'location salle conférence', '2022-08-11', '174.00'),
(2260, 'd51', '202208', 'achat de matériel de papèterie', '2022-08-25', '31.00'),
(2261, 'd51', '202208', 'rémunération intervenant/spécialiste', '2022-08-22', '829.00'),
(2262, 'd51', '202209', 'taxi', '2022-09-16', '24.00'),
(2263, 'd51', '202209', 'achat de matériel de papèterie', '2022-09-22', '38.00'),
(2264, 'd51', '202209', 'rémunération intervenant/spécialiste', '2022-09-17', '256.00'),
(2265, 'd51', '202209', 'achat de matériel de papèterie', '2022-09-11', '15.00'),
(2266, 'd51', '202209', 'achat d\'espace publicitaire', '2022-09-19', '130.00'),
(2267, 'd51', '202209', 'location véhicule', '2022-09-21', '421.00'),
(2268, 'd51', '202210', 'frais vestimentaire/représentation', '2022-10-08', '151.00'),
(2269, 'd51', '202210', 'taxi', '2022-10-09', '46.00'),
(2270, 'd51', '202210', 'taxi', '2022-10-25', '38.00'),
(2271, 'd51', '202210', 'frais vestimentaire/représentation', '2022-10-04', '85.00'),
(2272, 'd51', '202210', 'frais vestimentaire/représentation', '2022-10-19', '326.00'),
(2273, 'd51', '202211', 'Voyage SNCF', '2022-11-04', '111.00'),
(2274, 'd51', '202212', 'repas avec praticien', '2022-12-02', '30.00'),
(2275, 'd51', '202212', 'location véhicule', '2022-12-23', '408.00'),
(2276, 'd51', '202301', 'achat de matériel de papèterie', '2023-01-28', '50.00'),
(2277, 'd51', '202301', 'traiteur, alimentation, boisson', '2023-01-26', '363.00'),
(2278, 'd51', '202301', 'traiteur, alimentation, boisson', '2023-01-27', '274.00'),
(2279, 'd51', '202301', 'frais vestimentaire/représentation', '2023-01-12', '229.00'),
(2280, 'd51', '202302', 'Voyage SNCF', '2023-02-15', '119.00'),
(2281, 'd51', '202302', 'achat d\'espace publicitaire', '2023-02-09', '139.00'),
(2282, 'd51', '202302', 'frais vestimentaire/représentation', '2023-02-11', '343.00'),
(2283, 'd51', '202303', 'frais vestimentaire/représentation', '2023-03-24', '263.00'),
(2284, 'd51', '202303', 'traiteur, alimentation, boisson', '2023-03-27', '394.00'),
(2285, 'e22', '202101', 'repas avec praticien', '2021-01-22', '35.00'),
(2286, 'e22', '202101', 'rémunération intervenant/spécialiste', '2021-01-25', '660.00'),
(2287, 'e22', '202101', 'location véhicule', '2021-01-06', '344.00'),
(2288, 'e22', '202101', 'traiteur, alimentation, boisson', '2021-01-21', '39.00'),
(2289, 'e22', '202102', 'location salle conférence', '2021-02-06', '549.00'),
(2290, 'e22', '202102', 'location véhicule', '2021-02-27', '60.00'),
(2291, 'e22', '202103', 'repas avec praticien', '2021-03-02', '40.00'),
(2292, 'e22', '202104', 'repas avec praticien', '2021-04-04', '46.00'),
(2293, 'e22', '202104', 'achat d\'espace publicitaire', '2021-04-08', '138.00'),
(2294, 'e22', '202104', 'frais vestimentaire/représentation', '2021-04-15', '290.00'),
(2295, 'e22', '202104', 'frais vestimentaire/représentation', '2021-04-17', '158.00'),
(2296, 'e22', '202105', 'traiteur, alimentation, boisson', '2021-05-10', '48.00'),
(2297, 'e22', '202105', 'achat de matériel de papèterie', '2021-05-12', '26.00'),
(2298, 'e22', '202106', 'achat de matériel de papèterie', '2021-06-14', '18.00'),
(2299, 'e22', '202106', 'achat d\'espace publicitaire', '2021-06-23', '69.00'),
(2300, 'e22', '202107', 'Voyage SNCF', '2021-07-20', '100.00'),
(2301, 'e22', '202107', 'location véhicule', '2021-07-11', '27.00'),
(2302, 'e22', '202107', 'location salle conférence', '2021-07-27', '495.00'),
(2303, 'e22', '202108', 'achat de matériel de papèterie', '2021-08-24', '23.00'),
(2304, 'e22', '202108', 'traiteur, alimentation, boisson', '2021-08-06', '135.00'),
(2305, 'e22', '202108', 'achat d\'espace publicitaire', '2021-08-22', '114.00'),
(2306, 'e22', '202108', 'taxi', '2021-08-08', '48.00'),
(2307, 'e22', '202108', 'Voyage SNCF', '2021-08-14', '57.00'),
(2308, 'e22', '202109', 'achat de matériel de papèterie', '2021-09-12', '29.00'),
(2309, 'e22', '202109', 'location équipement vidéo/sonore', '2021-09-14', '421.00'),
(2310, 'e22', '202110', 'repas avec praticien', '2021-10-15', '38.00'),
(2311, 'e22', '202110', 'taxi', '2021-10-09', '48.00'),
(2312, 'e22', '202110', 'taxi', '2021-10-23', '71.00'),
(2313, 'e22', '202110', 'location salle conférence', '2021-10-10', '147.00'),
(2314, 'e22', '202111', 'repas avec praticien', '2021-11-23', '30.00'),
(2315, 'e22', '202112', 'location véhicule', '2021-12-18', '213.00'),
(2316, 'e22', '202112', 'location salle conférence', '2021-12-27', '525.00'),
(2317, 'e22', '202112', 'frais vestimentaire/représentation', '2021-12-22', '204.00'),
(2318, 'e22', '202112', 'frais vestimentaire/représentation', '2021-12-01', '298.00'),
(2319, 'e22', '202112', 'location véhicule', '2021-12-07', '279.00'),
(2320, 'e22', '202201', 'achat d\'espace publicitaire', '2022-01-22', '125.00'),
(2321, 'e22', '202202', 'frais vestimentaire/représentation', '2022-02-16', '61.00'),
(2322, 'e22', '202203', 'location équipement vidéo/sonore', '2022-03-19', '752.00'),
(2323, 'e22', '202203', 'achat de matériel de papèterie', '2022-03-23', '19.00'),
(2324, 'e22', '202203', 'Voyage SNCF', '2022-03-09', '141.00'),
(2325, 'e22', '202203', 'location équipement vidéo/sonore', '2022-03-11', '241.00'),
(2326, 'e22', '202203', 'location véhicule', '2022-03-17', '98.00'),
(2327, 'e22', '202204', 'frais vestimentaire/représentation', '2022-04-07', '69.00'),
(2328, 'e22', '202204', 'traiteur, alimentation, boisson', '2022-04-03', '442.00'),
(2329, 'e22', '202204', 'achat de matériel de papèterie', '2022-04-14', '50.00'),
(2330, 'e22', '202205', 'location véhicule', '2022-05-26', '143.00'),
(2331, 'e22', '202205', 'traiteur, alimentation, boisson', '2022-05-24', '36.00'),
(2332, 'e22', '202205', 'rémunération intervenant/spécialiste', '2022-05-20', '1040.00'),
(2333, 'e22', '202205', 'traiteur, alimentation, boisson', '2022-05-19', '150.00'),
(2334, 'e22', '202205', 'location véhicule', '2022-05-02', '237.00'),
(2335, 'e22', '202206', 'location véhicule', '2022-06-10', '174.00'),
(2336, 'e22', '202206', 'achat de matériel de papèterie', '2022-06-14', '44.00'),
(2337, 'e22', '202206', 'repas avec praticien', '2022-06-20', '44.00'),
(2338, 'e22', '202206', 'repas avec praticien', '2022-06-18', '36.00'),
(2339, 'e22', '202206', 'achat de matériel de papèterie', '2022-06-20', '40.00'),
(2340, 'e22', '202206', 'traiteur, alimentation, boisson', '2022-06-15', '69.00'),
(2341, 'e22', '202207', 'location équipement vidéo/sonore', '2022-07-03', '598.00'),
(2342, 'e22', '202208', 'rémunération intervenant/spécialiste', '2022-08-12', '927.00'),
(2343, 'e22', '202208', 'location salle conférence', '2022-08-16', '134.00'),
(2344, 'e22', '202208', 'frais vestimentaire/représentation', '2022-08-24', '207.00'),
(2345, 'e22', '202208', 'Voyage SNCF', '2022-08-19', '124.00'),
(2346, 'e22', '202208', 'achat de matériel de papèterie', '2022-08-07', '37.00'),
(2347, 'e22', '202209', 'location salle conférence', '2022-09-25', '409.00'),
(2348, 'e22', '202209', 'location salle conférence', '2022-09-14', '536.00'),
(2349, 'e22', '202209', 'repas avec praticien', '2022-09-24', '40.00'),
(2350, 'e22', '202210', 'location véhicule', '2022-10-28', '129.00'),
(2351, 'e22', '202210', 'achat de matériel de papèterie', '2022-10-10', '27.00'),
(2352, 'e22', '202211', 'Voyage SNCF', '2022-11-02', '54.00'),
(2353, 'e22', '202211', 'location véhicule', '2022-11-01', '338.00'),
(2354, 'e22', '202212', 'location équipement vidéo/sonore', '2022-12-05', '219.00'),
(2355, 'e22', '202212', 'location salle conférence', '2022-12-16', '269.00'),
(2356, 'e22', '202212', 'achat de matériel de papèterie', '2022-12-16', '37.00'),
(2357, 'e22', '202212', 'location équipement vidéo/sonore', '2022-12-01', '411.00'),
(2358, 'e22', '202212', 'taxi', '2022-12-21', '24.00'),
(2359, 'e22', '202301', 'Voyage SNCF', '2023-01-18', '44.00'),
(2360, 'e22', '202301', 'repas avec praticien', '2023-01-28', '49.00'),
(2361, 'e22', '202301', 'location salle conférence', '2023-01-09', '446.00'),
(2362, 'e22', '202301', 'location véhicule', '2023-01-14', '373.00'),
(2363, 'e22', '202301', 'frais vestimentaire/représentation', '2023-01-15', '222.00'),
(2364, 'e22', '202302', 'location salle conférence', '2023-02-06', '568.00'),
(2365, 'e22', '202302', 'achat de matériel de papèterie', '2023-02-18', '38.00'),
(2366, 'e22', '202302', 'location équipement vidéo/sonore', '2023-02-10', '191.00'),
(2367, 'e22', '202302', 'taxi', '2023-02-24', '61.00'),
(2368, 'e22', '202302', 'location véhicule', '2023-02-14', '94.00'),
(2369, 'e22', '202302', 'repas avec praticien', '2023-02-27', '40.00'),
(2370, 'e22', '202303', 'achat d\'espace publicitaire', '2023-03-04', '106.00'),
(2371, 'e22', '202303', 'location salle conférence', '2023-03-26', '132.00'),
(2372, 'e22', '202303', 'location équipement vidéo/sonore', '2023-03-23', '214.00'),
(2373, 'e22', '202303', 'location équipement vidéo/sonore', '2023-03-22', '831.00'),
(2374, 'e22', '202303', 'location salle conférence', '2023-03-23', '257.00'),
(2375, 'e22', '202303', 'location équipement vidéo/sonore', '2023-03-02', '844.00'),
(2376, 'e24', '202101', 'rémunération intervenant/spécialiste', '2021-01-07', '437.00'),
(2377, 'e24', '202101', 'frais vestimentaire/représentation', '2021-01-10', '385.00'),
(2378, 'e24', '202101', 'location salle conférence', '2021-01-14', '202.00'),
(2379, 'e24', '202102', 'taxi', '2021-02-11', '48.00'),
(2380, 'e24', '202103', 'repas avec praticien', '2021-03-20', '34.00'),
(2381, 'e24', '202104', 'location véhicule', '2021-04-08', '245.00'),
(2382, 'e24', '202104', 'Voyage SNCF', '2021-04-21', '129.00'),
(2383, 'e24', '202105', 'taxi', '2021-05-09', '62.00'),
(2384, 'e24', '202105', 'frais vestimentaire/représentation', '2021-05-24', '326.00'),
(2385, 'e24', '202105', 'rémunération intervenant/spécialiste', '2021-05-13', '843.00'),
(2386, 'e24', '202106', 'location véhicule', '2021-06-24', '62.00'),
(2387, 'e24', '202106', 'location véhicule', '2021-06-06', '30.00'),
(2388, 'e24', '202106', 'achat d\'espace publicitaire', '2021-06-03', '130.00'),
(2389, 'e24', '202107', 'achat de matériel de papèterie', '2021-07-14', '45.00'),
(2390, 'e24', '202107', 'location véhicule', '2021-07-01', '38.00'),
(2391, 'e24', '202107', 'achat d\'espace publicitaire', '2021-07-10', '91.00'),
(2392, 'e24', '202107', 'achat d\'espace publicitaire', '2021-07-03', '48.00'),
(2393, 'e24', '202107', 'rémunération intervenant/spécialiste', '2021-07-22', '639.00'),
(2394, 'e24', '202107', 'repas avec praticien', '2021-07-01', '33.00'),
(2395, 'e24', '202108', 'location véhicule', '2021-08-16', '450.00'),
(2396, 'e24', '202108', 'Voyage SNCF', '2021-08-06', '117.00'),
(2397, 'e24', '202108', 'achat de matériel de papèterie', '2021-08-15', '40.00'),
(2398, 'e24', '202108', 'Voyage SNCF', '2021-08-06', '105.00'),
(2399, 'e24', '202108', 'location équipement vidéo/sonore', '2021-08-05', '328.00'),
(2400, 'e24', '202109', 'Voyage SNCF', '2021-09-13', '80.00'),
(2401, 'e24', '202109', 'location véhicule', '2021-09-08', '257.00'),
(2402, 'e24', '202110', 'repas avec praticien', '2021-10-04', '50.00'),
(2403, 'e24', '202110', 'frais vestimentaire/représentation', '2021-10-19', '187.00'),
(2404, 'e24', '202111', 'repas avec praticien', '2021-11-28', '32.00'),
(2405, 'e24', '202111', 'traiteur, alimentation, boisson', '2021-11-28', '359.00'),
(2406, 'e24', '202111', 'frais vestimentaire/représentation', '2021-11-13', '239.00'),
(2407, 'e24', '202111', 'location salle conférence', '2021-11-22', '416.00'),
(2408, 'e24', '202111', 'repas avec praticien', '2021-11-13', '36.00'),
(2409, 'e24', '202112', 'taxi', '2021-12-04', '31.00'),
(2410, 'e24', '202112', 'Voyage SNCF', '2021-12-04', '75.00'),
(2411, 'e24', '202112', 'achat d\'espace publicitaire', '2021-12-21', '140.00'),
(2412, 'e24', '202201', 'taxi', '2022-01-22', '49.00'),
(2413, 'e24', '202201', 'achat d\'espace publicitaire', '2022-01-08', '115.00'),
(2414, 'e24', '202201', 'achat de matériel de papèterie', '2022-01-04', '23.00'),
(2415, 'e24', '202202', 'location salle conférence', '2022-02-15', '426.00'),
(2416, 'e24', '202202', 'location équipement vidéo/sonore', '2022-02-17', '313.00'),
(2417, 'e24', '202202', 'location salle conférence', '2022-02-19', '136.00'),
(2418, 'e24', '202202', 'location équipement vidéo/sonore', '2022-02-16', '652.00'),
(2419, 'e24', '202203', 'Voyage SNCF', '2022-03-01', '108.00'),
(2420, 'e24', '202203', 'taxi', '2022-03-10', '43.00'),
(2421, 'e24', '202204', 'taxi', '2022-04-12', '41.00'),
(2422, 'e24', '202204', 'frais vestimentaire/représentation', '2022-04-15', '284.00'),
(2423, 'e24', '202204', 'achat d\'espace publicitaire', '2022-04-05', '75.00'),
(2424, 'e24', '202204', 'location équipement vidéo/sonore', '2022-04-12', '450.00'),
(2425, 'e24', '202204', 'Voyage SNCF', '2022-04-18', '125.00'),
(2426, 'e24', '202204', 'repas avec praticien', '2022-04-08', '31.00'),
(2427, 'e24', '202205', 'achat d\'espace publicitaire', '2022-05-03', '124.00'),
(2428, 'e24', '202205', 'repas avec praticien', '2022-05-26', '50.00'),
(2429, 'e24', '202205', 'achat de matériel de papèterie', '2022-05-24', '36.00'),
(2430, 'e24', '202205', 'location salle conférence', '2022-05-12', '169.00'),
(2431, 'e24', '202205', 'frais vestimentaire/représentation', '2022-05-27', '117.00'),
(2432, 'e24', '202206', 'frais vestimentaire/représentation', '2022-06-23', '427.00'),
(2433, 'e24', '202206', 'location équipement vidéo/sonore', '2022-06-09', '571.00'),
(2434, 'e24', '202206', 'location équipement vidéo/sonore', '2022-06-07', '230.00'),
(2435, 'e24', '202207', 'Voyage SNCF', '2022-07-02', '75.00'),
(2436, 'e24', '202208', 'location salle conférence', '2022-08-16', '475.00'),
(2437, 'e24', '202209', 'rémunération intervenant/spécialiste', '2022-09-23', '794.00'),
(2438, 'e24', '202209', 'location véhicule', '2022-09-05', '83.00'),
(2439, 'e24', '202209', 'location équipement vidéo/sonore', '2022-09-20', '336.00'),
(2440, 'e24', '202209', 'location véhicule', '2022-09-19', '220.00'),
(2441, 'e24', '202210', 'taxi', '2022-10-04', '32.00'),
(2442, 'e24', '202210', 'achat d\'espace publicitaire', '2022-10-26', '90.00'),
(2443, 'e24', '202210', 'location équipement vidéo/sonore', '2022-10-14', '322.00'),
(2444, 'e24', '202210', 'repas avec praticien', '2022-10-12', '46.00'),
(2445, 'e24', '202210', 'frais vestimentaire/représentation', '2022-10-11', '293.00'),
(2446, 'e24', '202211', 'location véhicule', '2022-11-24', '147.00'),
(2447, 'e24', '202211', 'frais vestimentaire/représentation', '2022-11-07', '170.00'),
(2448, 'e24', '202211', 'location équipement vidéo/sonore', '2022-11-06', '562.00'),
(2449, 'e24', '202212', 'taxi', '2022-12-17', '64.00'),
(2450, 'e24', '202212', 'location équipement vidéo/sonore', '2022-12-12', '656.00'),
(2451, 'e24', '202212', 'location équipement vidéo/sonore', '2022-12-27', '626.00'),
(2452, 'e24', '202212', 'frais vestimentaire/représentation', '2022-12-18', '446.00'),
(2453, 'e24', '202212', 'repas avec praticien', '2022-12-10', '47.00'),
(2454, 'e24', '202212', 'taxi', '2022-12-16', '55.00'),
(2455, 'e24', '202301', 'taxi', '2023-01-03', '42.00'),
(2456, 'e24', '202301', 'location véhicule', '2023-01-13', '398.00'),
(2457, 'e24', '202301', 'rémunération intervenant/spécialiste', '2023-01-18', '597.00'),
(2458, 'e24', '202301', 'repas avec praticien', '2023-01-08', '31.00'),
(2459, 'e24', '202301', 'Voyage SNCF', '2023-01-03', '124.00'),
(2460, 'e24', '202302', 'achat de matériel de papèterie', '2023-02-05', '36.00'),
(2461, 'e24', '202302', 'taxi', '2023-02-28', '76.00'),
(2462, 'e24', '202302', 'location véhicule', '2023-02-26', '124.00'),
(2463, 'e24', '202302', 'frais vestimentaire/représentation', '2023-02-25', '88.00'),
(2464, 'e24', '202302', 'taxi', '2023-02-26', '61.00'),
(2465, 'e24', '202302', 'rémunération intervenant/spécialiste', '2023-02-02', '290.00'),
(2466, 'e24', '202303', 'frais vestimentaire/représentation', '2023-03-24', '195.00'),
(2467, 'e24', '202303', 'rémunération intervenant/spécialiste', '2023-03-05', '1081.00'),
(2468, 'e24', '202303', 'Voyage SNCF', '2023-03-09', '55.00'),
(2469, 'e24', '202303', 'achat d\'espace publicitaire', '2023-03-12', '139.00'),
(2470, 'e39', '202101', 'traiteur, alimentation, boisson', '2021-01-26', '175.00'),
(2471, 'e39', '202101', 'frais vestimentaire/représentation', '2021-01-21', '357.00'),
(2472, 'e39', '202101', 'achat de matériel de papèterie', '2021-01-01', '27.00'),
(2473, 'e39', '202101', 'location véhicule', '2021-01-25', '41.00'),
(2474, 'e39', '202102', 'location véhicule', '2021-02-17', '381.00'),
(2475, 'e39', '202102', 'location véhicule', '2021-02-15', '322.00'),
(2476, 'e39', '202102', 'Voyage SNCF', '2021-02-27', '101.00'),
(2477, 'e39', '202102', 'location véhicule', '2021-02-23', '406.00'),
(2478, 'e39', '202103', 'frais vestimentaire/représentation', '2021-03-07', '110.00'),
(2479, 'e39', '202104', 'achat d\'espace publicitaire', '2021-04-09', '26.00'),
(2480, 'e39', '202104', 'repas avec praticien', '2021-04-05', '34.00'),
(2481, 'e39', '202104', 'achat d\'espace publicitaire', '2021-04-01', '135.00'),
(2482, 'e39', '202104', 'repas avec praticien', '2021-04-17', '41.00'),
(2483, 'e39', '202104', 'frais vestimentaire/représentation', '2021-04-21', '442.00'),
(2484, 'e39', '202104', 'taxi', '2021-04-11', '37.00'),
(2485, 'e39', '202105', 'achat d\'espace publicitaire', '2021-05-20', '66.00'),
(2486, 'e39', '202105', 'location salle conférence', '2021-05-16', '456.00'),
(2487, 'e39', '202105', 'achat de matériel de papèterie', '2021-05-21', '45.00'),
(2488, 'e39', '202105', 'achat de matériel de papèterie', '2021-05-07', '15.00'),
(2489, 'e39', '202105', 'location salle conférence', '2021-05-14', '621.00'),
(2490, 'e39', '202105', 'location véhicule', '2021-05-18', '297.00'),
(2491, 'e39', '202106', 'location équipement vidéo/sonore', '2021-06-16', '200.00'),
(2492, 'e39', '202106', 'location véhicule', '2021-06-16', '203.00'),
(2493, 'e39', '202106', 'Voyage SNCF', '2021-06-21', '93.00'),
(2494, 'e39', '202106', 'location véhicule', '2021-06-17', '197.00'),
(2495, 'e39', '202106', 'achat de matériel de papèterie', '2021-06-10', '17.00'),
(2496, 'e39', '202107', 'traiteur, alimentation, boisson', '2021-07-24', '297.00'),
(2497, 'e39', '202107', 'location véhicule', '2021-07-18', '112.00'),
(2498, 'e39', '202107', 'repas avec praticien', '2021-07-05', '47.00'),
(2499, 'e39', '202107', 'taxi', '2021-07-08', '25.00'),
(2500, 'e39', '202107', 'rémunération intervenant/spécialiste', '2021-07-16', '473.00'),
(2501, 'e39', '202107', 'repas avec praticien', '2021-07-27', '49.00'),
(2502, 'e39', '202108', 'achat de matériel de papèterie', '2021-08-06', '39.00'),
(2503, 'e39', '202108', 'achat d\'espace publicitaire', '2021-08-09', '56.00'),
(2504, 'e39', '202108', 'achat de matériel de papèterie', '2021-08-23', '12.00'),
(2505, 'e39', '202108', 'achat d\'espace publicitaire', '2021-08-11', '117.00'),
(2506, 'e39', '202108', 'achat de matériel de papèterie', '2021-08-10', '22.00'),
(2507, 'e39', '202108', 'achat d\'espace publicitaire', '2021-08-15', '78.00'),
(2508, 'e39', '202109', 'taxi', '2021-09-01', '40.00'),
(2509, 'e39', '202109', 'repas avec praticien', '2021-09-25', '38.00'),
(2510, 'e39', '202109', 'location véhicule', '2021-09-12', '133.00'),
(2511, 'e39', '202109', 'traiteur, alimentation, boisson', '2021-09-11', '352.00'),
(2512, 'e39', '202110', 'frais vestimentaire/représentation', '2021-10-09', '174.00'),
(2513, 'e39', '202110', 'taxi', '2021-10-24', '36.00'),
(2514, 'e39', '202110', 'achat de matériel de papèterie', '2021-10-15', '29.00'),
(2515, 'e39', '202110', 'location véhicule', '2021-10-19', '331.00'),
(2516, 'e39', '202111', 'repas avec praticien', '2021-11-20', '36.00'),
(2517, 'e39', '202111', 'traiteur, alimentation, boisson', '2021-11-17', '415.00'),
(2518, 'e39', '202112', 'location équipement vidéo/sonore', '2021-12-14', '800.00'),
(2519, 'e39', '202112', 'achat de matériel de papèterie', '2021-12-14', '30.00'),
(2520, 'e39', '202201', 'achat de matériel de papèterie', '2022-01-17', '37.00'),
(2521, 'e39', '202201', 'achat d\'espace publicitaire', '2022-01-22', '35.00'),
(2522, 'e39', '202202', 'location véhicule', '2022-02-03', '439.00'),
(2523, 'e39', '202202', 'location salle conférence', '2022-02-28', '263.00'),
(2524, 'e39', '202202', 'achat d\'espace publicitaire', '2022-02-20', '79.00'),
(2525, 'e39', '202203', 'Voyage SNCF', '2022-03-26', '149.00'),
(2526, 'e39', '202204', 'taxi', '2022-04-09', '32.00'),
(2527, 'e39', '202205', 'traiteur, alimentation, boisson', '2022-05-21', '97.00'),
(2528, 'e39', '202205', 'repas avec praticien', '2022-05-05', '38.00'),
(2529, 'e39', '202205', 'location salle conférence', '2022-05-18', '512.00'),
(2530, 'e39', '202205', 'location équipement vidéo/sonore', '2022-05-28', '477.00'),
(2531, 'e39', '202206', 'Voyage SNCF', '2022-06-14', '140.00'),
(2532, 'e39', '202207', 'achat de matériel de papèterie', '2022-07-07', '10.00'),
(2533, 'e39', '202207', 'achat d\'espace publicitaire', '2022-07-25', '37.00'),
(2534, 'e39', '202207', 'location véhicule', '2022-07-12', '86.00'),
(2535, 'e39', '202207', 'location équipement vidéo/sonore', '2022-07-24', '637.00'),
(2536, 'e39', '202207', 'rémunération intervenant/spécialiste', '2022-07-28', '1149.00'),
(2537, 'e39', '202208', 'location véhicule', '2022-08-19', '46.00'),
(2538, 'e39', '202208', 'traiteur, alimentation, boisson', '2022-08-20', '340.00'),
(2539, 'e39', '202208', 'location salle conférence', '2022-08-14', '406.00'),
(2540, 'e39', '202208', 'achat d\'espace publicitaire', '2022-08-13', '33.00'),
(2541, 'e39', '202209', 'achat d\'espace publicitaire', '2022-09-15', '60.00'),
(2542, 'e39', '202209', 'achat de matériel de papèterie', '2022-09-03', '33.00'),
(2543, 'e39', '202209', 'location salle conférence', '2022-09-26', '136.00'),
(2544, 'e39', '202209', 'location véhicule', '2022-09-21', '130.00'),
(2545, 'e39', '202210', 'traiteur, alimentation, boisson', '2022-10-23', '218.00'),
(2546, 'e39', '202210', 'achat de matériel de papèterie', '2022-10-09', '34.00'),
(2547, 'e39', '202210', 'Voyage SNCF', '2022-10-01', '56.00'),
(2548, 'e39', '202210', 'traiteur, alimentation, boisson', '2022-10-21', '241.00'),
(2549, 'e39', '202210', 'frais vestimentaire/représentation', '2022-10-28', '40.00'),
(2550, 'e39', '202211', 'achat d\'espace publicitaire', '2022-11-02', '147.00'),
(2551, 'e39', '202211', 'repas avec praticien', '2022-11-20', '42.00'),
(2552, 'e39', '202211', 'repas avec praticien', '2022-11-22', '36.00'),
(2553, 'e39', '202211', 'rémunération intervenant/spécialiste', '2022-11-26', '856.00'),
(2554, 'e39', '202212', 'achat de matériel de papèterie', '2022-12-22', '11.00'),
(2555, 'e39', '202212', 'taxi', '2022-12-10', '41.00'),
(2556, 'e39', '202212', 'frais vestimentaire/représentation', '2022-12-28', '53.00'),
(2557, 'e39', '202212', 'repas avec praticien', '2022-12-03', '43.00'),
(2558, 'e39', '202212', 'rémunération intervenant/spécialiste', '2022-12-22', '872.00'),
(2559, 'e39', '202301', 'repas avec praticien', '2023-01-15', '42.00'),
(2560, 'e39', '202301', 'frais vestimentaire/représentation', '2023-01-12', '314.00'),
(2561, 'e39', '202302', 'location salle conférence', '2023-02-05', '473.00'),
(2562, 'e39', '202302', 'repas avec praticien', '2023-02-10', '39.00'),
(2563, 'e39', '202302', 'location véhicule', '2023-02-22', '293.00'),
(2564, 'e39', '202302', 'location salle conférence', '2023-02-16', '488.00'),
(2565, 'e39', '202303', 'location véhicule', '2023-03-11', '381.00'),
(2566, 'e39', '202303', 'rémunération intervenant/spécialiste', '2023-03-22', '343.00'),
(2567, 'e39', '202303', 'traiteur, alimentation, boisson', '2023-03-25', '140.00'),
(2568, 'e49', '202101', 'location salle conférence', '2021-01-28', '168.00'),
(2569, 'e49', '202101', 'achat de matériel de papèterie', '2021-01-18', '24.00'),
(2570, 'e49', '202101', 'repas avec praticien', '2021-01-09', '50.00'),
(2571, 'e49', '202102', 'traiteur, alimentation, boisson', '2021-02-23', '54.00'),
(2572, 'e49', '202102', 'achat de matériel de papèterie', '2021-02-17', '44.00'),
(2573, 'e49', '202102', 'location équipement vidéo/sonore', '2021-02-10', '557.00'),
(2574, 'e49', '202102', 'Voyage SNCF', '2021-02-19', '92.00'),
(2575, 'e49', '202102', 'taxi', '2021-02-23', '35.00'),
(2576, 'e49', '202102', 'achat d\'espace publicitaire', '2021-02-16', '140.00'),
(2577, 'e49', '202103', 'taxi', '2021-03-25', '23.00'),
(2578, 'e49', '202103', 'location salle conférence', '2021-03-11', '446.00'),
(2579, 'e49', '202104', 'location équipement vidéo/sonore', '2021-04-25', '776.00'),
(2580, 'e49', '202104', 'achat de matériel de papèterie', '2021-04-04', '15.00'),
(2581, 'e49', '202104', 'location véhicule', '2021-04-21', '385.00'),
(2582, 'e49', '202105', 'achat d\'espace publicitaire', '2021-05-24', '84.00'),
(2583, 'e49', '202105', 'location équipement vidéo/sonore', '2021-05-09', '113.00'),
(2584, 'e49', '202105', 'traiteur, alimentation, boisson', '2021-05-06', '312.00'),
(2585, 'e49', '202105', 'frais vestimentaire/représentation', '2021-05-23', '159.00'),
(2586, 'e49', '202105', 'taxi', '2021-05-23', '21.00'),
(2587, 'e49', '202106', 'location salle conférence', '2021-06-28', '226.00'),
(2588, 'e49', '202107', 'frais vestimentaire/représentation', '2021-07-10', '192.00'),
(2589, 'e49', '202107', 'rémunération intervenant/spécialiste', '2021-07-27', '482.00'),
(2590, 'e49', '202107', 'rémunération intervenant/spécialiste', '2021-07-24', '318.00'),
(2591, 'e49', '202108', 'rémunération intervenant/spécialiste', '2021-08-18', '887.00'),
(2592, 'e49', '202108', 'taxi', '2021-08-12', '37.00'),
(2593, 'e49', '202109', 'taxi', '2021-09-18', '56.00'),
(2594, 'e49', '202109', 'traiteur, alimentation, boisson', '2021-09-01', '40.00'),
(2595, 'e49', '202110', 'location équipement vidéo/sonore', '2021-10-19', '850.00'),
(2596, 'e49', '202110', 'location véhicule', '2021-10-07', '114.00'),
(2597, 'e49', '202110', 'Voyage SNCF', '2021-10-11', '58.00'),
(2598, 'e49', '202110', 'taxi', '2021-10-10', '23.00'),
(2599, 'e49', '202110', 'location véhicule', '2021-10-15', '430.00'),
(2600, 'e49', '202111', 'achat d\'espace publicitaire', '2021-11-28', '82.00'),
(2601, 'e49', '202111', 'traiteur, alimentation, boisson', '2021-11-07', '99.00'),
(2602, 'e49', '202111', 'traiteur, alimentation, boisson', '2021-11-04', '101.00'),
(2603, 'e49', '202111', 'location équipement vidéo/sonore', '2021-11-25', '456.00'),
(2604, 'e49', '202112', 'traiteur, alimentation, boisson', '2021-12-18', '186.00'),
(2605, 'e49', '202112', 'Voyage SNCF', '2021-12-12', '145.00'),
(2606, 'e49', '202201', 'location salle conférence', '2022-01-06', '212.00'),
(2607, 'e49', '202202', 'taxi', '2022-02-18', '57.00'),
(2608, 'e49', '202202', 'taxi', '2022-02-10', '62.00'),
(2609, 'e49', '202202', 'frais vestimentaire/représentation', '2022-02-26', '239.00');
INSERT INTO `LigneFraisHorsForfait` (`id`, `idVisiteur`, `mois`, `libelle`, `date`, `montant`) VALUES
(2610, 'e49', '202202', 'location équipement vidéo/sonore', '2022-02-12', '832.00'),
(2611, 'e49', '202203', 'frais vestimentaire/représentation', '2022-03-22', '39.00'),
(2612, 'e49', '202203', 'achat de matériel de papèterie', '2022-03-07', '48.00'),
(2613, 'e49', '202203', 'taxi', '2022-03-28', '41.00'),
(2614, 'e49', '202203', 'traiteur, alimentation, boisson', '2022-03-01', '255.00'),
(2615, 'e49', '202203', 'achat de matériel de papèterie', '2022-03-06', '42.00'),
(2616, 'e49', '202204', 'Voyage SNCF', '2022-04-27', '132.00'),
(2617, 'e49', '202204', 'achat d\'espace publicitaire', '2022-04-27', '90.00'),
(2618, 'e49', '202204', 'Voyage SNCF', '2022-04-22', '80.00'),
(2619, 'e49', '202204', 'location véhicule', '2022-04-26', '200.00'),
(2620, 'e49', '202204', 'Voyage SNCF', '2022-04-10', '145.00'),
(2621, 'e49', '202204', 'traiteur, alimentation, boisson', '2022-04-27', '169.00'),
(2622, 'e49', '202205', 'traiteur, alimentation, boisson', '2022-05-16', '215.00'),
(2623, 'e49', '202205', 'traiteur, alimentation, boisson', '2022-05-21', '81.00'),
(2624, 'e49', '202205', 'repas avec praticien', '2022-05-02', '50.00'),
(2625, 'e49', '202205', 'location véhicule', '2022-05-01', '126.00'),
(2626, 'e49', '202205', 'achat d\'espace publicitaire', '2022-05-19', '29.00'),
(2627, 'e49', '202206', 'achat d\'espace publicitaire', '2022-06-07', '82.00'),
(2628, 'e49', '202206', 'location véhicule', '2022-06-13', '380.00'),
(2629, 'e49', '202206', 'achat d\'espace publicitaire', '2022-06-22', '93.00'),
(2630, 'e49', '202206', 'repas avec praticien', '2022-06-26', '41.00'),
(2631, 'e49', '202206', 'rémunération intervenant/spécialiste', '2022-06-18', '916.00'),
(2632, 'e49', '202207', 'location salle conférence', '2022-07-09', '427.00'),
(2633, 'e49', '202207', 'achat d\'espace publicitaire', '2022-07-14', '79.00'),
(2634, 'e49', '202207', 'location équipement vidéo/sonore', '2022-07-21', '688.00'),
(2635, 'e49', '202207', 'taxi', '2022-07-20', '77.00'),
(2636, 'e49', '202208', 'Voyage SNCF', '2022-08-22', '69.00'),
(2637, 'e49', '202208', 'rémunération intervenant/spécialiste', '2022-08-01', '345.00'),
(2638, 'e49', '202209', 'achat de matériel de papèterie', '2022-09-01', '10.00'),
(2639, 'e49', '202209', 'traiteur, alimentation, boisson', '2022-09-04', '263.00'),
(2640, 'e49', '202209', 'location salle conférence', '2022-09-19', '440.00'),
(2641, 'e49', '202210', 'traiteur, alimentation, boisson', '2022-10-10', '415.00'),
(2642, 'e49', '202210', 'repas avec praticien', '2022-10-23', '40.00'),
(2643, 'e49', '202210', 'taxi', '2022-10-24', '74.00'),
(2644, 'e49', '202210', 'Voyage SNCF', '2022-10-19', '57.00'),
(2645, 'e49', '202211', 'location véhicule', '2022-11-20', '27.00'),
(2646, 'e49', '202211', 'location véhicule', '2022-11-04', '39.00'),
(2647, 'e49', '202212', 'location salle conférence', '2022-12-02', '642.00'),
(2648, 'e49', '202212', 'Voyage SNCF', '2022-12-24', '34.00'),
(2649, 'e49', '202212', 'location salle conférence', '2022-12-27', '525.00'),
(2650, 'e49', '202212', 'location équipement vidéo/sonore', '2022-12-18', '644.00'),
(2651, 'e49', '202301', 'traiteur, alimentation, boisson', '2023-01-28', '376.00'),
(2652, 'e49', '202301', 'Voyage SNCF', '2023-01-25', '143.00'),
(2653, 'e49', '202302', 'location équipement vidéo/sonore', '2023-02-13', '808.00'),
(2654, 'e49', '202302', 'rémunération intervenant/spécialiste', '2023-02-22', '680.00'),
(2655, 'e49', '202302', 'achat de matériel de papèterie', '2023-02-05', '50.00'),
(2656, 'e49', '202302', 'location véhicule', '2023-02-03', '246.00'),
(2657, 'e49', '202302', 'location équipement vidéo/sonore', '2023-02-11', '486.00'),
(2658, 'e49', '202303', 'repas avec praticien', '2023-03-27', '32.00'),
(2659, 'e49', '202303', 'location équipement vidéo/sonore', '2023-03-05', '652.00'),
(2660, 'e49', '202303', 'Voyage SNCF', '2023-03-13', '54.00'),
(2661, 'e49', '202303', 'frais vestimentaire/représentation', '2023-03-07', '108.00'),
(2662, 'e5', '202101', 'location salle conférence', '2021-01-10', '622.00'),
(2663, 'e5', '202101', 'traiteur, alimentation, boisson', '2021-01-02', '125.00'),
(2664, 'e5', '202101', 'repas avec praticien', '2021-01-17', '49.00'),
(2665, 'e5', '202101', 'repas avec praticien', '2021-01-09', '46.00'),
(2666, 'e5', '202102', 'achat d\'espace publicitaire', '2021-02-07', '89.00'),
(2667, 'e5', '202102', 'achat de matériel de papèterie', '2021-02-06', '12.00'),
(2668, 'e5', '202102', 'achat de matériel de papèterie', '2021-02-23', '28.00'),
(2669, 'e5', '202102', 'location équipement vidéo/sonore', '2021-02-09', '192.00'),
(2670, 'e5', '202102', 'location salle conférence', '2021-02-25', '231.00'),
(2671, 'e5', '202102', 'frais vestimentaire/représentation', '2021-02-19', '279.00'),
(2672, 'e5', '202103', 'location salle conférence', '2021-03-10', '571.00'),
(2673, 'e5', '202104', 'Voyage SNCF', '2021-04-01', '79.00'),
(2674, 'e5', '202105', 'repas avec praticien', '2021-05-14', '46.00'),
(2675, 'e5', '202105', 'achat d\'espace publicitaire', '2021-05-28', '37.00'),
(2676, 'e5', '202105', 'location véhicule', '2021-05-03', '331.00'),
(2677, 'e5', '202105', 'traiteur, alimentation, boisson', '2021-05-16', '149.00'),
(2678, 'e5', '202105', 'Voyage SNCF', '2021-05-01', '149.00'),
(2679, 'e5', '202106', 'achat de matériel de papèterie', '2021-06-27', '37.00'),
(2680, 'e5', '202107', 'location salle conférence', '2021-07-21', '337.00'),
(2681, 'e5', '202107', 'achat de matériel de papèterie', '2021-07-06', '43.00'),
(2682, 'e5', '202108', 'frais vestimentaire/représentation', '2021-08-26', '199.00'),
(2683, 'e5', '202108', 'repas avec praticien', '2021-08-18', '35.00'),
(2684, 'e5', '202108', 'Voyage SNCF', '2021-08-11', '147.00'),
(2685, 'e5', '202108', 'achat de matériel de papèterie', '2021-08-23', '46.00'),
(2686, 'e5', '202108', 'repas avec praticien', '2021-08-18', '39.00'),
(2687, 'e5', '202109', 'frais vestimentaire/représentation', '2021-09-17', '336.00'),
(2688, 'e5', '202109', 'location équipement vidéo/sonore', '2021-09-21', '465.00'),
(2689, 'e5', '202109', 'location équipement vidéo/sonore', '2021-09-05', '207.00'),
(2690, 'e5', '202109', 'location équipement vidéo/sonore', '2021-09-26', '799.00'),
(2691, 'e5', '202109', 'achat d\'espace publicitaire', '2021-09-21', '149.00'),
(2692, 'e5', '202109', 'traiteur, alimentation, boisson', '2021-09-17', '50.00'),
(2693, 'e5', '202110', 'location équipement vidéo/sonore', '2021-10-08', '730.00'),
(2694, 'e5', '202110', 'achat de matériel de papèterie', '2021-10-23', '17.00'),
(2695, 'e5', '202110', 'frais vestimentaire/représentation', '2021-10-15', '239.00'),
(2696, 'e5', '202110', 'location véhicule', '2021-10-28', '238.00'),
(2697, 'e5', '202110', 'achat d\'espace publicitaire', '2021-10-18', '73.00'),
(2698, 'e5', '202110', 'rémunération intervenant/spécialiste', '2021-10-13', '529.00'),
(2699, 'e5', '202111', 'achat de matériel de papèterie', '2021-11-06', '47.00'),
(2700, 'e5', '202111', 'taxi', '2021-11-14', '43.00'),
(2701, 'e5', '202112', 'rémunération intervenant/spécialiste', '2021-12-19', '370.00'),
(2702, 'e5', '202201', 'traiteur, alimentation, boisson', '2022-01-06', '298.00'),
(2703, 'e5', '202201', 'location véhicule', '2022-01-12', '46.00'),
(2704, 'e5', '202201', 'taxi', '2022-01-23', '23.00'),
(2705, 'e5', '202201', 'repas avec praticien', '2022-01-06', '33.00'),
(2706, 'e5', '202202', 'location salle conférence', '2022-02-07', '196.00'),
(2707, 'e5', '202202', 'achat de matériel de papèterie', '2022-02-27', '23.00'),
(2708, 'e5', '202202', 'location équipement vidéo/sonore', '2022-02-12', '195.00'),
(2709, 'e5', '202202', 'achat d\'espace publicitaire', '2022-02-14', '53.00'),
(2710, 'e5', '202202', 'achat de matériel de papèterie', '2022-02-01', '20.00'),
(2711, 'e5', '202203', 'location salle conférence', '2022-03-26', '143.00'),
(2712, 'e5', '202203', 'location véhicule', '2022-03-24', '31.00'),
(2713, 'e5', '202204', 'Voyage SNCF', '2022-04-16', '84.00'),
(2714, 'e5', '202204', 'repas avec praticien', '2022-04-18', '48.00'),
(2715, 'e5', '202204', 'frais vestimentaire/représentation', '2022-04-28', '279.00'),
(2716, 'e5', '202204', 'Voyage SNCF', '2022-04-12', '67.00'),
(2717, 'e5', '202204', 'repas avec praticien', '2022-04-19', '44.00'),
(2718, 'e5', '202204', 'traiteur, alimentation, boisson', '2022-04-09', '294.00'),
(2719, 'e5', '202205', 'location salle conférence', '2022-05-01', '552.00'),
(2720, 'e5', '202205', 'frais vestimentaire/représentation', '2022-05-05', '338.00'),
(2721, 'e5', '202205', 'taxi', '2022-05-03', '20.00'),
(2722, 'e5', '202205', 'taxi', '2022-05-11', '75.00'),
(2723, 'e5', '202206', 'frais vestimentaire/représentation', '2022-06-08', '49.00'),
(2724, 'e5', '202206', 'repas avec praticien', '2022-06-19', '32.00'),
(2725, 'e5', '202206', 'taxi', '2022-06-20', '26.00'),
(2726, 'e5', '202206', 'repas avec praticien', '2022-06-20', '41.00'),
(2727, 'e5', '202206', 'achat de matériel de papèterie', '2022-06-11', '33.00'),
(2728, 'e5', '202206', 'Voyage SNCF', '2022-06-23', '107.00'),
(2729, 'e5', '202207', 'traiteur, alimentation, boisson', '2022-07-05', '107.00'),
(2730, 'e5', '202207', 'repas avec praticien', '2022-07-14', '47.00'),
(2731, 'e5', '202207', 'taxi', '2022-07-02', '57.00'),
(2732, 'e5', '202208', 'rémunération intervenant/spécialiste', '2022-08-16', '609.00'),
(2733, 'e5', '202208', 'location salle conférence', '2022-08-20', '633.00'),
(2734, 'e5', '202208', 'taxi', '2022-08-12', '25.00'),
(2735, 'e5', '202208', 'repas avec praticien', '2022-08-09', '41.00'),
(2736, 'e5', '202209', 'rémunération intervenant/spécialiste', '2022-09-27', '386.00'),
(2737, 'e5', '202209', 'location véhicule', '2022-09-02', '327.00'),
(2738, 'e5', '202209', 'achat d\'espace publicitaire', '2022-09-08', '30.00'),
(2739, 'e5', '202210', 'rémunération intervenant/spécialiste', '2022-10-10', '628.00'),
(2740, 'e5', '202211', 'location salle conférence', '2022-11-08', '519.00'),
(2741, 'e5', '202211', 'frais vestimentaire/représentation', '2022-11-16', '160.00'),
(2742, 'e5', '202211', 'rémunération intervenant/spécialiste', '2022-11-25', '967.00'),
(2743, 'e5', '202212', 'location équipement vidéo/sonore', '2022-12-12', '255.00'),
(2744, 'e5', '202212', 'location salle conférence', '2022-12-09', '640.00'),
(2745, 'e5', '202301', 'achat d\'espace publicitaire', '2023-01-08', '137.00'),
(2746, 'e5', '202301', 'achat d\'espace publicitaire', '2023-01-22', '41.00'),
(2747, 'e5', '202301', 'taxi', '2023-01-27', '49.00'),
(2748, 'e5', '202301', 'location salle conférence', '2023-01-16', '207.00'),
(2749, 'e5', '202301', 'achat de matériel de papèterie', '2023-01-01', '39.00'),
(2750, 'e5', '202302', 'rémunération intervenant/spécialiste', '2023-02-27', '911.00'),
(2751, 'e5', '202302', 'location véhicule', '2023-02-07', '351.00'),
(2752, 'e5', '202302', 'repas avec praticien', '2023-02-02', '32.00'),
(2753, 'e5', '202302', 'taxi', '2023-02-03', '40.00'),
(2754, 'e5', '202302', 'Voyage SNCF', '2023-02-09', '83.00'),
(2755, 'e5', '202303', 'Voyage SNCF', '2023-03-15', '83.00'),
(2756, 'e52', '202101', 'frais vestimentaire/représentation', '2021-01-25', '123.00'),
(2757, 'e52', '202101', 'location véhicule', '2021-01-01', '103.00'),
(2758, 'e52', '202101', 'traiteur, alimentation, boisson', '2021-01-17', '314.00'),
(2759, 'e52', '202101', 'rémunération intervenant/spécialiste', '2021-01-02', '768.00'),
(2760, 'e52', '202102', 'taxi', '2021-02-16', '65.00'),
(2761, 'e52', '202102', 'rémunération intervenant/spécialiste', '2021-02-28', '878.00'),
(2762, 'e52', '202102', 'location véhicule', '2021-02-04', '296.00'),
(2763, 'e52', '202102', 'traiteur, alimentation, boisson', '2021-02-24', '390.00'),
(2764, 'e52', '202102', 'traiteur, alimentation, boisson', '2021-02-25', '75.00'),
(2765, 'e52', '202103', 'achat de matériel de papèterie', '2021-03-24', '19.00'),
(2766, 'e52', '202103', 'location équipement vidéo/sonore', '2021-03-07', '638.00'),
(2767, 'e52', '202103', 'Voyage SNCF', '2021-03-04', '75.00'),
(2768, 'e52', '202103', 'frais vestimentaire/représentation', '2021-03-04', '377.00'),
(2769, 'e52', '202104', 'rémunération intervenant/spécialiste', '2021-04-15', '948.00'),
(2770, 'e52', '202104', 'taxi', '2021-04-14', '68.00'),
(2771, 'e52', '202104', 'rémunération intervenant/spécialiste', '2021-04-10', '558.00'),
(2772, 'e52', '202104', 'location véhicule', '2021-04-27', '137.00'),
(2773, 'e52', '202105', 'repas avec praticien', '2021-05-19', '43.00'),
(2774, 'e52', '202105', 'achat de matériel de papèterie', '2021-05-14', '40.00'),
(2775, 'e52', '202105', 'achat d\'espace publicitaire', '2021-05-25', '62.00'),
(2776, 'e52', '202106', 'location salle conférence', '2021-06-28', '423.00'),
(2777, 'e52', '202106', 'traiteur, alimentation, boisson', '2021-06-06', '58.00'),
(2778, 'e52', '202106', 'Voyage SNCF', '2021-06-19', '62.00'),
(2779, 'e52', '202107', 'traiteur, alimentation, boisson', '2021-07-07', '390.00'),
(2780, 'e52', '202108', 'Voyage SNCF', '2021-08-23', '74.00'),
(2781, 'e52', '202108', 'rémunération intervenant/spécialiste', '2021-08-09', '1022.00'),
(2782, 'e52', '202108', 'traiteur, alimentation, boisson', '2021-08-15', '419.00'),
(2783, 'e52', '202108', 'frais vestimentaire/représentation', '2021-08-12', '427.00'),
(2784, 'e52', '202108', 'location salle conférence', '2021-08-14', '495.00'),
(2785, 'e52', '202108', 'achat d\'espace publicitaire', '2021-08-03', '34.00'),
(2786, 'e52', '202109', 'traiteur, alimentation, boisson', '2021-09-12', '399.00'),
(2787, 'e52', '202109', 'frais vestimentaire/représentation', '2021-09-24', '290.00'),
(2788, 'e52', '202109', 'rémunération intervenant/spécialiste', '2021-09-09', '1082.00'),
(2789, 'e52', '202109', 'achat d\'espace publicitaire', '2021-09-28', '87.00'),
(2790, 'e52', '202109', 'traiteur, alimentation, boisson', '2021-09-24', '290.00'),
(2791, 'e52', '202109', 'location salle conférence', '2021-09-28', '376.00'),
(2792, 'e52', '202110', 'achat d\'espace publicitaire', '2021-10-25', '38.00'),
(2793, 'e52', '202110', 'location équipement vidéo/sonore', '2021-10-12', '628.00'),
(2794, 'e52', '202110', 'repas avec praticien', '2021-10-23', '47.00'),
(2795, 'e52', '202110', 'frais vestimentaire/représentation', '2021-10-19', '79.00'),
(2796, 'e52', '202110', 'location salle conférence', '2021-10-01', '441.00'),
(2797, 'e52', '202111', 'taxi', '2021-11-04', '26.00'),
(2798, 'e52', '202112', 'location salle conférence', '2021-12-16', '317.00'),
(2799, 'e52', '202112', 'taxi', '2021-12-26', '32.00'),
(2800, 'e52', '202201', 'traiteur, alimentation, boisson', '2022-01-24', '301.00'),
(2801, 'e52', '202201', 'location salle conférence', '2022-01-16', '606.00'),
(2802, 'e52', '202201', 'repas avec praticien', '2022-01-18', '38.00'),
(2803, 'e52', '202201', 'location équipement vidéo/sonore', '2022-01-24', '738.00'),
(2804, 'e52', '202202', 'location véhicule', '2022-02-02', '395.00'),
(2805, 'e52', '202202', 'traiteur, alimentation, boisson', '2022-02-17', '25.00'),
(2806, 'e52', '202203', 'location équipement vidéo/sonore', '2022-03-01', '776.00'),
(2807, 'e52', '202204', 'achat de matériel de papèterie', '2022-04-13', '18.00'),
(2808, 'e52', '202204', 'achat d\'espace publicitaire', '2022-04-12', '65.00'),
(2809, 'e52', '202205', 'traiteur, alimentation, boisson', '2022-05-18', '322.00'),
(2810, 'e52', '202205', 'frais vestimentaire/représentation', '2022-05-01', '28.00'),
(2811, 'e52', '202205', 'frais vestimentaire/représentation', '2022-05-11', '306.00'),
(2812, 'e52', '202206', 'Voyage SNCF', '2022-06-25', '83.00'),
(2813, 'e52', '202206', 'frais vestimentaire/représentation', '2022-06-11', '58.00'),
(2814, 'e52', '202207', 'taxi', '2022-07-04', '77.00'),
(2815, 'e52', '202207', 'location salle conférence', '2022-07-17', '281.00'),
(2816, 'e52', '202208', 'location véhicule', '2022-08-07', '282.00'),
(2817, 'e52', '202208', 'repas avec praticien', '2022-08-14', '48.00'),
(2818, 'e52', '202208', 'location salle conférence', '2022-08-16', '324.00'),
(2819, 'e52', '202208', 'repas avec praticien', '2022-08-07', '46.00'),
(2820, 'e52', '202208', 'achat de matériel de papèterie', '2022-08-10', '42.00'),
(2821, 'e52', '202208', 'frais vestimentaire/représentation', '2022-08-07', '138.00'),
(2822, 'e52', '202209', 'location salle conférence', '2022-09-18', '151.00'),
(2823, 'e52', '202209', 'frais vestimentaire/représentation', '2022-09-18', '427.00'),
(2824, 'e52', '202209', 'taxi', '2022-09-04', '41.00'),
(2825, 'e52', '202209', 'location véhicule', '2022-09-25', '190.00'),
(2826, 'e52', '202210', 'achat d\'espace publicitaire', '2022-10-02', '133.00'),
(2827, 'e52', '202210', 'taxi', '2022-10-12', '25.00'),
(2828, 'e52', '202210', 'traiteur, alimentation, boisson', '2022-10-16', '105.00'),
(2829, 'e52', '202210', 'frais vestimentaire/représentation', '2022-10-06', '241.00'),
(2830, 'e52', '202211', 'achat d\'espace publicitaire', '2022-11-21', '51.00'),
(2831, 'e52', '202211', 'location véhicule', '2022-11-04', '389.00'),
(2832, 'e52', '202211', 'location équipement vidéo/sonore', '2022-11-16', '815.00'),
(2833, 'e52', '202211', 'achat d\'espace publicitaire', '2022-11-18', '62.00'),
(2834, 'e52', '202211', 'frais vestimentaire/représentation', '2022-11-06', '297.00'),
(2835, 'e52', '202212', 'frais vestimentaire/représentation', '2022-12-23', '441.00'),
(2836, 'e52', '202212', 'achat d\'espace publicitaire', '2022-12-15', '37.00'),
(2837, 'e52', '202212', 'achat de matériel de papèterie', '2022-12-18', '28.00'),
(2838, 'e52', '202212', 'taxi', '2022-12-22', '75.00'),
(2839, 'e52', '202212', 'Voyage SNCF', '2022-12-06', '67.00'),
(2840, 'e52', '202212', 'location salle conférence', '2022-12-25', '487.00'),
(2841, 'e52', '202301', 'taxi', '2023-01-23', '76.00'),
(2842, 'e52', '202301', 'taxi', '2023-01-21', '64.00'),
(2843, 'e52', '202301', 'frais vestimentaire/représentation', '2023-01-10', '450.00'),
(2844, 'e52', '202301', 'traiteur, alimentation, boisson', '2023-01-11', '52.00'),
(2845, 'e52', '202301', 'achat d\'espace publicitaire', '2023-01-10', '68.00'),
(2846, 'e52', '202301', 'taxi', '2023-01-25', '77.00'),
(2847, 'e52', '202302', 'achat d\'espace publicitaire', '2023-02-24', '39.00'),
(2848, 'e52', '202302', 'frais vestimentaire/représentation', '2023-02-07', '435.00'),
(2849, 'e52', '202302', 'taxi', '2023-02-14', '43.00'),
(2850, 'e52', '202302', 'location équipement vidéo/sonore', '2023-02-07', '723.00'),
(2851, 'e52', '202302', 'location salle conférence', '2023-02-15', '367.00'),
(2852, 'e52', '202302', 'Voyage SNCF', '2023-02-27', '98.00'),
(2853, 'e52', '202303', 'achat de matériel de papèterie', '2023-03-07', '16.00'),
(2854, 'e52', '202303', 'Voyage SNCF', '2023-03-15', '114.00'),
(2855, 'f21', '202101', 'location salle conférence', '2021-01-13', '621.00'),
(2856, 'f21', '202101', 'achat de matériel de papèterie', '2021-01-21', '42.00'),
(2857, 'f21', '202101', 'rémunération intervenant/spécialiste', '2021-01-19', '483.00'),
(2858, 'f21', '202101', 'location salle conférence', '2021-01-04', '359.00'),
(2859, 'f21', '202101', 'achat de matériel de papèterie', '2021-01-25', '11.00'),
(2860, 'f21', '202101', 'achat de matériel de papèterie', '2021-01-15', '39.00'),
(2861, 'f21', '202102', 'location équipement vidéo/sonore', '2021-02-26', '283.00'),
(2862, 'f21', '202103', 'frais vestimentaire/représentation', '2021-03-27', '355.00'),
(2863, 'f21', '202104', 'location salle conférence', '2021-04-27', '489.00'),
(2864, 'f21', '202105', 'frais vestimentaire/représentation', '2021-05-24', '33.00'),
(2865, 'f21', '202105', 'Voyage SNCF', '2021-05-24', '88.00'),
(2866, 'f21', '202106', 'achat d\'espace publicitaire', '2021-06-20', '101.00'),
(2867, 'f21', '202106', 'taxi', '2021-06-20', '59.00'),
(2868, 'f21', '202106', 'taxi', '2021-06-19', '62.00'),
(2869, 'f21', '202106', 'location véhicule', '2021-06-02', '447.00'),
(2870, 'f21', '202107', 'location équipement vidéo/sonore', '2021-07-21', '750.00'),
(2871, 'f21', '202107', 'traiteur, alimentation, boisson', '2021-07-26', '33.00'),
(2872, 'f21', '202107', 'achat de matériel de papèterie', '2021-07-26', '12.00'),
(2873, 'f21', '202107', 'location salle conférence', '2021-07-19', '253.00'),
(2874, 'f21', '202107', 'rémunération intervenant/spécialiste', '2021-07-19', '878.00'),
(2875, 'f21', '202108', 'frais vestimentaire/représentation', '2021-08-09', '247.00'),
(2876, 'f21', '202108', 'traiteur, alimentation, boisson', '2021-08-06', '450.00'),
(2877, 'f21', '202108', 'location équipement vidéo/sonore', '2021-08-25', '136.00'),
(2878, 'f21', '202109', 'location véhicule', '2021-09-03', '168.00'),
(2879, 'f21', '202109', 'traiteur, alimentation, boisson', '2021-09-28', '42.00'),
(2880, 'f21', '202109', 'location véhicule', '2021-09-19', '303.00'),
(2881, 'f21', '202109', 'repas avec praticien', '2021-09-07', '35.00'),
(2882, 'f21', '202109', 'achat d\'espace publicitaire', '2021-09-04', '118.00'),
(2883, 'f21', '202109', 'achat d\'espace publicitaire', '2021-09-10', '36.00'),
(2884, 'f21', '202110', 'traiteur, alimentation, boisson', '2021-10-06', '28.00'),
(2885, 'f21', '202110', 'taxi', '2021-10-19', '21.00'),
(2886, 'f21', '202110', 'rémunération intervenant/spécialiste', '2021-10-23', '1022.00'),
(2887, 'f21', '202110', 'Voyage SNCF', '2021-10-16', '72.00'),
(2888, 'f21', '202111', 'location équipement vidéo/sonore', '2021-11-27', '491.00'),
(2889, 'f21', '202111', 'taxi', '2021-11-02', '52.00'),
(2890, 'f21', '202111', 'location équipement vidéo/sonore', '2021-11-19', '414.00'),
(2891, 'f21', '202111', 'frais vestimentaire/représentation', '2021-11-15', '161.00'),
(2892, 'f21', '202111', 'achat d\'espace publicitaire', '2021-11-06', '123.00'),
(2893, 'f21', '202111', 'Voyage SNCF', '2021-11-22', '46.00'),
(2894, 'f21', '202112', 'location salle conférence', '2021-12-01', '492.00'),
(2895, 'f21', '202112', 'taxi', '2021-12-08', '56.00'),
(2896, 'f21', '202112', 'rémunération intervenant/spécialiste', '2021-12-13', '944.00'),
(2897, 'f21', '202201', 'achat d\'espace publicitaire', '2022-01-18', '131.00'),
(2898, 'f21', '202201', 'repas avec praticien', '2022-01-22', '42.00'),
(2899, 'f21', '202201', 'location équipement vidéo/sonore', '2022-01-16', '227.00'),
(2900, 'f21', '202201', 'repas avec praticien', '2022-01-26', '48.00'),
(2901, 'f21', '202201', 'rémunération intervenant/spécialiste', '2022-01-17', '1133.00'),
(2902, 'f21', '202201', 'traiteur, alimentation, boisson', '2022-01-25', '366.00'),
(2903, 'f21', '202202', 'location équipement vidéo/sonore', '2022-02-26', '545.00'),
(2904, 'f21', '202202', 'Voyage SNCF', '2022-02-14', '121.00'),
(2905, 'f21', '202202', 'frais vestimentaire/représentation', '2022-02-28', '442.00'),
(2906, 'f21', '202202', 'location équipement vidéo/sonore', '2022-02-27', '728.00'),
(2907, 'f21', '202203', 'location salle conférence', '2022-03-18', '169.00'),
(2908, 'f21', '202203', 'rémunération intervenant/spécialiste', '2022-03-08', '388.00'),
(2909, 'f21', '202204', 'achat d\'espace publicitaire', '2022-04-06', '75.00'),
(2910, 'f21', '202204', 'location équipement vidéo/sonore', '2022-04-26', '529.00'),
(2911, 'f21', '202204', 'achat d\'espace publicitaire', '2022-04-03', '65.00'),
(2912, 'f21', '202204', 'Voyage SNCF', '2022-04-20', '109.00'),
(2913, 'f21', '202204', 'rémunération intervenant/spécialiste', '2022-04-18', '982.00'),
(2914, 'f21', '202204', 'Voyage SNCF', '2022-04-09', '87.00'),
(2915, 'f21', '202205', 'location véhicule', '2022-05-15', '435.00'),
(2916, 'f21', '202205', 'Voyage SNCF', '2022-05-04', '67.00'),
(2917, 'f21', '202205', 'achat de matériel de papèterie', '2022-05-09', '33.00'),
(2918, 'f21', '202205', 'Voyage SNCF', '2022-05-16', '125.00'),
(2919, 'f21', '202206', 'rémunération intervenant/spécialiste', '2022-06-26', '665.00'),
(2920, 'f21', '202207', 'frais vestimentaire/représentation', '2022-07-10', '280.00'),
(2921, 'f21', '202207', 'repas avec praticien', '2022-07-23', '44.00'),
(2922, 'f21', '202207', 'frais vestimentaire/représentation', '2022-07-01', '121.00'),
(2923, 'f21', '202207', 'repas avec praticien', '2022-07-10', '43.00'),
(2924, 'f21', '202208', 'frais vestimentaire/représentation', '2022-08-26', '118.00'),
(2925, 'f21', '202208', 'location véhicule', '2022-08-18', '173.00'),
(2926, 'f21', '202209', 'location véhicule', '2022-09-21', '402.00'),
(2927, 'f21', '202209', 'rémunération intervenant/spécialiste', '2022-09-08', '269.00'),
(2928, 'f21', '202209', 'taxi', '2022-09-24', '27.00'),
(2929, 'f21', '202209', 'location salle conférence', '2022-09-21', '177.00'),
(2930, 'f21', '202209', 'taxi', '2022-09-20', '64.00'),
(2931, 'f21', '202210', 'taxi', '2022-10-07', '62.00'),
(2932, 'f21', '202210', 'location équipement vidéo/sonore', '2022-10-26', '382.00'),
(2933, 'f21', '202210', 'taxi', '2022-10-11', '51.00'),
(2934, 'f21', '202210', 'location salle conférence', '2022-10-07', '454.00'),
(2935, 'f21', '202210', 'repas avec praticien', '2022-10-08', '39.00'),
(2936, 'f21', '202210', 'traiteur, alimentation, boisson', '2022-10-16', '410.00'),
(2937, 'f21', '202211', 'achat d\'espace publicitaire', '2022-11-28', '72.00'),
(2938, 'f21', '202211', 'frais vestimentaire/représentation', '2022-11-04', '57.00'),
(2939, 'f21', '202211', 'traiteur, alimentation, boisson', '2022-11-15', '280.00'),
(2940, 'f21', '202211', 'repas avec praticien', '2022-11-05', '46.00'),
(2941, 'f21', '202211', 'frais vestimentaire/représentation', '2022-11-08', '292.00'),
(2942, 'f21', '202211', 'location équipement vidéo/sonore', '2022-11-03', '561.00'),
(2943, 'f21', '202212', 'Voyage SNCF', '2022-12-22', '106.00'),
(2944, 'f21', '202212', 'frais vestimentaire/représentation', '2022-12-19', '390.00'),
(2945, 'f21', '202301', 'rémunération intervenant/spécialiste', '2023-01-21', '961.00'),
(2946, 'f21', '202301', 'taxi', '2023-01-14', '69.00'),
(2947, 'f21', '202302', 'traiteur, alimentation, boisson', '2023-02-11', '357.00'),
(2948, 'f21', '202302', 'location véhicule', '2023-02-12', '447.00'),
(2949, 'f21', '202302', 'frais vestimentaire/représentation', '2023-02-21', '25.00'),
(2950, 'f21', '202302', 'taxi', '2023-02-20', '41.00'),
(2951, 'f21', '202302', 'achat d\'espace publicitaire', '2023-02-24', '80.00'),
(2952, 'f21', '202302', 'traiteur, alimentation, boisson', '2023-02-17', '410.00'),
(2953, 'f21', '202303', 'Voyage SNCF', '2023-03-24', '46.00'),
(2954, 'f21', '202303', 'rémunération intervenant/spécialiste', '2023-03-04', '1155.00'),
(2955, 'f21', '202303', 'location équipement vidéo/sonore', '2023-03-08', '241.00'),
(2956, 'f21', '202303', 'location salle conférence', '2023-03-27', '213.00'),
(2957, 'f21', '202303', 'achat d\'espace publicitaire', '2023-03-04', '139.00'),
(2958, 'f21', '202303', 'location véhicule', '2023-03-21', '155.00'),
(2959, 'f39', '202101', 'taxi', '2021-01-27', '33.00'),
(2960, 'f39', '202101', 'Voyage SNCF', '2021-01-21', '95.00'),
(2961, 'f39', '202101', 'location équipement vidéo/sonore', '2021-01-08', '535.00'),
(2962, 'f39', '202101', 'achat d\'espace publicitaire', '2021-01-23', '124.00'),
(2963, 'f39', '202101', 'frais vestimentaire/représentation', '2021-01-07', '343.00'),
(2964, 'f39', '202101', 'traiteur, alimentation, boisson', '2021-01-18', '426.00'),
(2965, 'f39', '202102', 'location équipement vidéo/sonore', '2021-02-22', '216.00'),
(2966, 'f39', '202102', 'location véhicule', '2021-02-03', '437.00'),
(2967, 'f39', '202103', 'repas avec praticien', '2021-03-02', '31.00'),
(2968, 'f39', '202103', 'frais vestimentaire/représentation', '2021-03-19', '47.00'),
(2969, 'f39', '202103', 'achat de matériel de papèterie', '2021-03-15', '15.00'),
(2970, 'f39', '202103', 'rémunération intervenant/spécialiste', '2021-03-14', '379.00'),
(2971, 'f39', '202104', 'Voyage SNCF', '2021-04-18', '89.00'),
(2972, 'f39', '202104', 'Voyage SNCF', '2021-04-17', '39.00'),
(2973, 'f39', '202104', 'achat de matériel de papèterie', '2021-04-26', '40.00'),
(2974, 'f39', '202104', 'achat de matériel de papèterie', '2021-04-11', '21.00'),
(2975, 'f39', '202105', 'achat de matériel de papèterie', '2021-05-26', '38.00'),
(2976, 'f39', '202106', 'location salle conférence', '2021-06-18', '421.00'),
(2977, 'f39', '202106', 'traiteur, alimentation, boisson', '2021-06-10', '209.00'),
(2978, 'f39', '202106', 'location salle conférence', '2021-06-20', '140.00'),
(2979, 'f39', '202107', 'taxi', '2021-07-04', '79.00'),
(2980, 'f39', '202107', 'rémunération intervenant/spécialiste', '2021-07-11', '585.00'),
(2981, 'f39', '202107', 'taxi', '2021-07-16', '74.00'),
(2982, 'f39', '202107', 'achat d\'espace publicitaire', '2021-07-24', '96.00'),
(2983, 'f39', '202107', 'location salle conférence', '2021-07-11', '294.00'),
(2984, 'f39', '202107', 'taxi', '2021-07-25', '39.00'),
(2985, 'f39', '202108', 'taxi', '2021-08-08', '65.00'),
(2986, 'f39', '202108', 'achat de matériel de papèterie', '2021-08-23', '33.00'),
(2987, 'f39', '202109', 'rémunération intervenant/spécialiste', '2021-09-03', '840.00'),
(2988, 'f39', '202109', 'Voyage SNCF', '2021-09-20', '74.00'),
(2989, 'f39', '202109', 'taxi', '2021-09-13', '21.00'),
(2990, 'f39', '202109', 'frais vestimentaire/représentation', '2021-09-10', '320.00'),
(2991, 'f39', '202110', 'achat de matériel de papèterie', '2021-10-08', '15.00'),
(2992, 'f39', '202110', 'location équipement vidéo/sonore', '2021-10-10', '818.00'),
(2993, 'f39', '202111', 'rémunération intervenant/spécialiste', '2021-11-07', '933.00'),
(2994, 'f39', '202111', 'frais vestimentaire/représentation', '2021-11-10', '351.00'),
(2995, 'f39', '202112', 'traiteur, alimentation, boisson', '2021-12-04', '153.00'),
(2996, 'f39', '202112', 'achat d\'espace publicitaire', '2021-12-26', '126.00'),
(2997, 'f39', '202112', 'Voyage SNCF', '2021-12-02', '78.00'),
(2998, 'f39', '202112', 'achat de matériel de papèterie', '2021-12-06', '37.00'),
(2999, 'f39', '202201', 'achat d\'espace publicitaire', '2022-01-19', '100.00'),
(3000, 'f39', '202202', 'repas avec praticien', '2022-02-25', '33.00'),
(3001, 'f39', '202202', 'Voyage SNCF', '2022-02-24', '111.00'),
(3002, 'f39', '202202', 'location équipement vidéo/sonore', '2022-02-25', '108.00'),
(3003, 'f39', '202203', 'achat d\'espace publicitaire', '2022-03-15', '31.00'),
(3004, 'f39', '202203', 'location équipement vidéo/sonore', '2022-03-04', '686.00'),
(3005, 'f39', '202203', 'rémunération intervenant/spécialiste', '2022-03-06', '838.00'),
(3006, 'f39', '202203', 'location véhicule', '2022-03-12', '62.00'),
(3007, 'f39', '202203', 'frais vestimentaire/représentation', '2022-03-12', '204.00'),
(3008, 'f39', '202204', 'frais vestimentaire/représentation', '2022-04-23', '221.00'),
(3009, 'f39', '202205', 'frais vestimentaire/représentation', '2022-05-17', '381.00'),
(3010, 'f39', '202205', 'location véhicule', '2022-05-20', '286.00'),
(3011, 'f39', '202205', 'location salle conférence', '2022-05-03', '559.00'),
(3012, 'f39', '202205', 'location salle conférence', '2022-05-08', '614.00'),
(3013, 'f39', '202206', 'location équipement vidéo/sonore', '2022-06-19', '766.00'),
(3014, 'f39', '202206', 'Voyage SNCF', '2022-06-10', '136.00'),
(3015, 'f39', '202207', 'achat d\'espace publicitaire', '2022-07-03', '77.00'),
(3016, 'f39', '202207', 'repas avec praticien', '2022-07-09', '44.00'),
(3017, 'f39', '202207', 'achat de matériel de papèterie', '2022-07-19', '48.00'),
(3018, 'f39', '202207', 'traiteur, alimentation, boisson', '2022-07-19', '435.00'),
(3019, 'f39', '202208', 'frais vestimentaire/représentation', '2022-08-24', '87.00'),
(3020, 'f39', '202208', 'location équipement vidéo/sonore', '2022-08-21', '242.00'),
(3021, 'f39', '202208', 'Voyage SNCF', '2022-08-10', '99.00'),
(3022, 'f39', '202208', 'location véhicule', '2022-08-22', '210.00'),
(3023, 'f39', '202208', 'achat de matériel de papèterie', '2022-08-16', '18.00'),
(3024, 'f39', '202208', 'repas avec praticien', '2022-08-20', '46.00'),
(3025, 'f39', '202209', 'Voyage SNCF', '2022-09-02', '65.00'),
(3026, 'f39', '202209', 'repas avec praticien', '2022-09-16', '30.00'),
(3027, 'f39', '202209', 'location véhicule', '2022-09-03', '409.00'),
(3028, 'f39', '202209', 'rémunération intervenant/spécialiste', '2022-09-04', '619.00'),
(3029, 'f39', '202210', 'location salle conférence', '2022-10-18', '242.00'),
(3030, 'f39', '202211', 'Voyage SNCF', '2022-11-19', '150.00'),
(3031, 'f39', '202211', 'location salle conférence', '2022-11-16', '152.00'),
(3032, 'f39', '202211', 'rémunération intervenant/spécialiste', '2022-11-18', '1081.00'),
(3033, 'f39', '202211', 'achat d\'espace publicitaire', '2022-11-17', '79.00'),
(3034, 'f39', '202211', 'achat d\'espace publicitaire', '2022-11-10', '112.00'),
(3035, 'f39', '202212', 'achat de matériel de papèterie', '2022-12-22', '30.00'),
(3036, 'f39', '202212', 'Voyage SNCF', '2022-12-22', '136.00'),
(3037, 'f39', '202212', 'achat d\'espace publicitaire', '2022-12-23', '85.00'),
(3038, 'f39', '202212', 'achat d\'espace publicitaire', '2022-12-05', '83.00'),
(3039, 'f39', '202301', 'rémunération intervenant/spécialiste', '2023-01-18', '340.00'),
(3040, 'f39', '202301', 'repas avec praticien', '2023-01-26', '39.00'),
(3041, 'f39', '202301', 'traiteur, alimentation, boisson', '2023-01-22', '234.00'),
(3042, 'f39', '202301', 'rémunération intervenant/spécialiste', '2023-01-27', '1160.00'),
(3043, 'f39', '202301', 'location salle conférence', '2023-01-04', '312.00'),
(3044, 'f39', '202302', 'repas avec praticien', '2023-02-13', '47.00'),
(3045, 'f39', '202302', 'achat d\'espace publicitaire', '2023-02-09', '119.00'),
(3046, 'f39', '202302', 'traiteur, alimentation, boisson', '2023-02-23', '278.00'),
(3047, 'f39', '202302', 'taxi', '2023-02-03', '49.00'),
(3048, 'f39', '202302', 'repas avec praticien', '2023-02-21', '43.00'),
(3049, 'f39', '202303', 'frais vestimentaire/représentation', '2023-03-11', '421.00'),
(3050, 'f39', '202303', 'traiteur, alimentation, boisson', '2023-03-28', '91.00'),
(3051, 'f39', '202303', 'location véhicule', '2023-03-12', '82.00'),
(3052, 'f39', '202303', 'achat de matériel de papèterie', '2023-03-24', '20.00'),
(3053, 'f39', '202303', 'location véhicule', '2023-03-08', '138.00'),
(3054, 'f39', '202303', 'rémunération intervenant/spécialiste', '2023-03-07', '381.00'),
(3055, 'f4', '202101', 'traiteur, alimentation, boisson', '2021-01-02', '133.00'),
(3056, 'f4', '202101', 'repas avec praticien', '2021-01-15', '33.00'),
(3057, 'f4', '202101', 'achat de matériel de papèterie', '2021-01-02', '21.00'),
(3058, 'f4', '202101', 'rémunération intervenant/spécialiste', '2021-01-05', '939.00'),
(3059, 'f4', '202102', 'achat d\'espace publicitaire', '2021-02-14', '107.00'),
(3060, 'f4', '202102', 'location équipement vidéo/sonore', '2021-02-13', '571.00'),
(3061, 'f4', '202102', 'frais vestimentaire/représentation', '2021-02-03', '100.00'),
(3062, 'f4', '202102', 'rémunération intervenant/spécialiste', '2021-02-22', '850.00'),
(3063, 'f4', '202103', 'rémunération intervenant/spécialiste', '2021-03-17', '1180.00'),
(3064, 'f4', '202103', 'achat de matériel de papèterie', '2021-03-08', '49.00'),
(3065, 'f4', '202103', 'taxi', '2021-03-27', '44.00'),
(3066, 'f4', '202103', 'location salle conférence', '2021-03-05', '247.00'),
(3067, 'f4', '202103', 'Voyage SNCF', '2021-03-22', '54.00'),
(3068, 'f4', '202104', 'location équipement vidéo/sonore', '2021-04-05', '661.00'),
(3069, 'f4', '202104', 'achat de matériel de papèterie', '2021-04-16', '43.00'),
(3070, 'f4', '202105', 'location équipement vidéo/sonore', '2021-05-01', '621.00'),
(3071, 'f4', '202105', 'achat de matériel de papèterie', '2021-05-24', '32.00'),
(3072, 'f4', '202106', 'location équipement vidéo/sonore', '2021-06-28', '646.00'),
(3073, 'f4', '202106', 'location salle conférence', '2021-06-23', '199.00'),
(3074, 'f4', '202107', 'taxi', '2021-07-16', '63.00'),
(3075, 'f4', '202107', 'location salle conférence', '2021-07-17', '178.00'),
(3076, 'f4', '202107', 'traiteur, alimentation, boisson', '2021-07-19', '386.00'),
(3077, 'f4', '202107', 'traiteur, alimentation, boisson', '2021-07-12', '350.00'),
(3078, 'f4', '202107', 'location équipement vidéo/sonore', '2021-07-13', '220.00'),
(3079, 'f4', '202107', 'achat d\'espace publicitaire', '2021-07-22', '69.00'),
(3080, 'f4', '202108', 'location équipement vidéo/sonore', '2021-08-01', '761.00'),
(3081, 'f4', '202108', 'location véhicule', '2021-08-20', '64.00'),
(3082, 'f4', '202108', 'traiteur, alimentation, boisson', '2021-08-10', '362.00'),
(3083, 'f4', '202108', 'frais vestimentaire/représentation', '2021-08-04', '354.00'),
(3084, 'f4', '202108', 'rémunération intervenant/spécialiste', '2021-08-16', '1118.00'),
(3085, 'f4', '202109', 'repas avec praticien', '2021-09-16', '44.00'),
(3086, 'f4', '202109', 'taxi', '2021-09-13', '67.00'),
(3087, 'f4', '202109', 'achat d\'espace publicitaire', '2021-09-03', '112.00'),
(3088, 'f4', '202109', 'repas avec praticien', '2021-09-04', '49.00'),
(3089, 'f4', '202109', 'frais vestimentaire/représentation', '2021-09-18', '129.00'),
(3090, 'f4', '202109', 'location véhicule', '2021-09-02', '355.00'),
(3091, 'f4', '202110', 'repas avec praticien', '2021-10-04', '36.00'),
(3092, 'f4', '202110', 'achat d\'espace publicitaire', '2021-10-28', '56.00'),
(3093, 'f4', '202110', 'achat de matériel de papèterie', '2021-10-05', '20.00'),
(3094, 'f4', '202110', 'achat de matériel de papèterie', '2021-10-05', '46.00'),
(3095, 'f4', '202111', 'taxi', '2021-11-09', '73.00'),
(3096, 'f4', '202111', 'traiteur, alimentation, boisson', '2021-11-05', '227.00'),
(3097, 'f4', '202111', 'repas avec praticien', '2021-11-03', '44.00'),
(3098, 'f4', '202111', 'frais vestimentaire/représentation', '2021-11-16', '308.00'),
(3099, 'f4', '202112', 'Voyage SNCF', '2021-12-03', '147.00'),
(3100, 'f4', '202112', 'achat de matériel de papèterie', '2021-12-03', '33.00'),
(3101, 'f4', '202112', 'repas avec praticien', '2021-12-20', '42.00'),
(3102, 'f4', '202112', 'repas avec praticien', '2021-12-23', '32.00'),
(3103, 'f4', '202112', 'achat d\'espace publicitaire', '2021-12-06', '99.00'),
(3104, 'f4', '202112', 'location équipement vidéo/sonore', '2021-12-19', '333.00'),
(3105, 'f4', '202201', 'taxi', '2022-01-12', '48.00'),
(3106, 'f4', '202201', 'location salle conférence', '2022-01-02', '181.00'),
(3107, 'f4', '202201', 'location équipement vidéo/sonore', '2022-01-07', '289.00'),
(3108, 'f4', '202201', 'Voyage SNCF', '2022-01-27', '45.00'),
(3109, 'f4', '202202', 'location véhicule', '2022-02-03', '330.00'),
(3110, 'f4', '202202', 'achat d\'espace publicitaire', '2022-02-23', '87.00'),
(3111, 'f4', '202203', 'taxi', '2022-03-24', '27.00'),
(3112, 'f4', '202203', 'frais vestimentaire/représentation', '2022-03-13', '204.00'),
(3113, 'f4', '202203', 'achat d\'espace publicitaire', '2022-03-09', '35.00'),
(3114, 'f4', '202203', 'traiteur, alimentation, boisson', '2022-03-17', '161.00'),
(3115, 'f4', '202203', 'achat de matériel de papèterie', '2022-03-27', '49.00'),
(3116, 'f4', '202203', 'frais vestimentaire/représentation', '2022-03-09', '355.00'),
(3117, 'f4', '202204', 'taxi', '2022-04-03', '32.00'),
(3118, 'f4', '202204', 'repas avec praticien', '2022-04-28', '30.00'),
(3119, 'f4', '202205', 'location équipement vidéo/sonore', '2022-05-17', '331.00'),
(3120, 'f4', '202205', 'achat de matériel de papèterie', '2022-05-16', '37.00'),
(3121, 'f4', '202205', 'frais vestimentaire/représentation', '2022-05-20', '149.00'),
(3122, 'f4', '202205', 'achat d\'espace publicitaire', '2022-05-11', '30.00'),
(3123, 'f4', '202205', 'taxi', '2022-05-04', '47.00'),
(3124, 'f4', '202206', 'frais vestimentaire/représentation', '2022-06-06', '345.00'),
(3125, 'f4', '202206', 'location équipement vidéo/sonore', '2022-06-19', '545.00'),
(3126, 'f4', '202206', 'taxi', '2022-06-10', '52.00'),
(3127, 'f4', '202206', 'frais vestimentaire/représentation', '2022-06-11', '278.00'),
(3128, 'f4', '202206', 'frais vestimentaire/représentation', '2022-06-15', '255.00'),
(3129, 'f4', '202207', 'location équipement vidéo/sonore', '2022-07-21', '593.00'),
(3130, 'f4', '202207', 'location salle conférence', '2022-07-15', '576.00'),
(3131, 'f4', '202207', 'achat d\'espace publicitaire', '2022-07-16', '72.00'),
(3132, 'f4', '202207', 'traiteur, alimentation, boisson', '2022-07-15', '25.00'),
(3133, 'f4', '202207', 'location salle conférence', '2022-07-08', '529.00'),
(3134, 'f4', '202207', 'location salle conférence', '2022-07-19', '407.00'),
(3135, 'f4', '202208', 'repas avec praticien', '2022-08-19', '35.00'),
(3136, 'f4', '202208', 'rémunération intervenant/spécialiste', '2022-08-25', '1127.00'),
(3137, 'f4', '202209', 'taxi', '2022-09-11', '31.00'),
(3138, 'f4', '202209', 'traiteur, alimentation, boisson', '2022-09-10', '287.00'),
(3139, 'f4', '202209', 'achat d\'espace publicitaire', '2022-09-08', '36.00'),
(3140, 'f4', '202209', 'location équipement vidéo/sonore', '2022-09-06', '369.00'),
(3141, 'f4', '202210', 'location équipement vidéo/sonore', '2022-10-18', '841.00'),
(3142, 'f4', '202210', 'achat de matériel de papèterie', '2022-10-01', '36.00'),
(3143, 'f4', '202210', 'achat d\'espace publicitaire', '2022-10-03', '26.00'),
(3144, 'f4', '202211', 'frais vestimentaire/représentation', '2022-11-26', '262.00'),
(3145, 'f4', '202211', 'repas avec praticien', '2022-11-16', '34.00'),
(3146, 'f4', '202212', 'location salle conférence', '2022-12-18', '416.00'),
(3147, 'f4', '202212', 'achat d\'espace publicitaire', '2022-12-23', '96.00'),
(3148, 'f4', '202212', 'location véhicule', '2022-12-05', '176.00'),
(3149, 'f4', '202212', 'Voyage SNCF', '2022-12-11', '52.00'),
(3150, 'f4', '202301', 'traiteur, alimentation, boisson', '2023-01-25', '90.00'),
(3151, 'f4', '202301', 'location salle conférence', '2023-01-06', '470.00'),
(3152, 'f4', '202302', 'location véhicule', '2023-02-02', '260.00'),
(3153, 'f4', '202302', 'achat de matériel de papèterie', '2023-02-09', '42.00'),
(3154, 'f4', '202302', 'taxi', '2023-02-06', '65.00'),
(3155, 'f4', '202302', 'Voyage SNCF', '2023-02-18', '132.00'),
(3156, 'f4', '202302', 'repas avec praticien', '2023-02-15', '38.00'),
(3157, 'f4', '202302', 'traiteur, alimentation, boisson', '2023-02-09', '283.00'),
(3158, 'f4', '202303', 'repas avec praticien', '2023-03-13', '42.00'),
(3159, 'f4', '202303', 'taxi', '2023-03-18', '77.00'),
(3160, 'f4', '202303', 'Voyage SNCF', '2023-03-15', '145.00'),
(3161, 'f4', '202303', 'location salle conférence', '2023-03-19', '457.00'),
(3162, 'f4', '202303', 'achat de matériel de papèterie', '2023-03-15', '15.00');
COMMIT;

/*!40101 SET CHARACTER_SET_CLIENT=@OLD_CHARACTER_SET_CLIENT */;
/*!40101 SET CHARACTER_SET_RESULTS=@OLD_CHARACTER_SET_RESULTS */;
/*!40101 SET COLLATION_CONNECTION=@OLD_COLLATION_CONNECTION */;
